:0200000460009A
:100000004643464200000156000000000103030081
:1000100000000000000000000000000000000000E0
:1000200000000000000000000000000000000000D0
:1000300000000000000000000000000000000000C0
:1000400000000000010408000000000000000000A3
:100050000000800000000000000000000000000020
:100060000000000000000000000000000000000090
:100070000000000000000000000000000000000080
:10008000EB04180A063204260000000000000000FD
:10009000050404240000000000000000000000002F
:1000A0000000000000000000000000000000000050
:1000B0000604000000000000000000000000000036
:1000C0000000000000000000000000000000000030
:1000D00020041808000000000000000000000000DC
:1000E0000000000000000000000000000000000010
:1000F0000000000000000000000000000000000000
:10010000D8041808000000000000000000000000F3
:100110000204180804200000000000000000000095
:1001200000000000000000000000000000000000CF
:10013000600400000000000000000000000000005B
:1001400000000000000000000000000000000000AF
:10015000000000000000000000000000000000009F
:10016000000000000000000000000000000000008F
:10017000000000000000000000000000000000007F
:10018000000000000000000000000000000000006F
:10019000000000000000000000000000000000005F
:1001A000000000000000000000000000000000004F
:1001B000000000000000000000000000000000003F
:1001C000000100000010000001000000000000001D
:1001D000000001000000000000000000000000001E
:1001E000000000000000000000000000000000000F
:1001F00000000000000000000000000000000000FF
:10020000FFFFFFFFFFFFFFFFFFFFFFFFFFFFFFFFFE
:10021000FFFFFFFFFFFFFFFFFFFFFFFFFFFFFFFFEE
:10022000FFFFFFFFFFFFFFFFFFFFFFFFFFFFFFFFDE
:10023000FFFFFFFFFFFFFFFFFFFFFFFFFFFFFFFFCE
:10024000FFFFFFFFFFFFFFFFFFFFFFFFFFFFFFFFBE
:10025000FFFFFFFFFFFFFFFFFFFFFFFFFFFFFFFFAE
:10026000FFFFFFFFFFFFFFFFFFFFFFFFFFFFFFFF9E
:10027000FFFFFFFFFFFFFFFFFFFFFFFFFFFFFFFF8E
:10028000FFFFFFFFFFFFFFFFFFFFFFFFFFFFFFFF7E
:10029000FFFFFFFFFFFFFFFFFFFFFFFFFFFFFFFF6E
:1002A000FFFFFFFFFFFFFFFFFFFFFFFFFFFFFFFF5E
:1002B000FFFFFFFFFFFFFFFFFFFFFFFFFFFFFFFF4E
:1002C000FFFFFFFFFFFFFFFFFFFFFFFFFFFFFFFF3E
:1002D000FFFFFFFFFFFFFFFFFFFFFFFFFFFFFFFF2E
:1002E000FFFFFFFFFFFFFFFFFFFFFFFFFFFFFFFF1E
:1002F000FFFFFFFFFFFFFFFFFFFFFFFFFFFFFFFF0E
:10030000FFFFFFFFFFFFFFFFFFFFFFFFFFFFFFFFFD
:10031000FFFFFFFFFFFFFFFFFFFFFFFFFFFFFFFFED
:10032000FFFFFFFFFFFFFFFFFFFFFFFFFFFFFFFFDD
:10033000FFFFFFFFFFFFFFFFFFFFFFFFFFFFFFFFCD
:10034000FFFFFFFFFFFFFFFFFFFFFFFFFFFFFFFFBD
:10035000FFFFFFFFFFFFFFFFFFFFFFFFFFFFFFFFAD
:10036000FFFFFFFFFFFFFFFFFFFFFFFFFFFFFFFF9D
:10037000FFFFFFFFFFFFFFFFFFFFFFFFFFFFFFFF8D
:10038000FFFFFFFFFFFFFFFFFFFFFFFFFFFFFFFF7D
:10039000FFFFFFFFFFFFFFFFFFFFFFFFFFFFFFFF6D
:1003A000FFFFFFFFFFFFFFFFFFFFFFFFFFFFFFFF5D
:1003B000FFFFFFFFFFFFFFFFFFFFFFFFFFFFFFFF4D
:1003C000FFFFFFFFFFFFFFFFFFFFFFFFFFFFFFFF3D
:1003D000FFFFFFFFFFFFFFFFFFFFFFFFFFFFFFFF2D
:1003E000FFFFFFFFFFFFFFFFFFFFFFFFFFFFFFFF1D
:1003F000FFFFFFFFFFFFFFFFFFFFFFFFFFFFFFFF0D
:10040000FFFFFFFFFFFFFFFFFFFFFFFFFFFFFFFFFC
:10041000FFFFFFFFFFFFFFFFFFFFFFFFFFFFFFFFEC
:10042000FFFFFFFFFFFFFFFFFFFFFFFFFFFFFFFFDC
:10043000FFFFFFFFFFFFFFFFFFFFFFFFFFFFFFFFCC
:10044000FFFFFFFFFFFFFFFFFFFFFFFFFFFFFFFFBC
:10045000FFFFFFFFFFFFFFFFFFFFFFFFFFFFFFFFAC
:10046000FFFFFFFFFFFFFFFFFFFFFFFFFFFFFFFF9C
:10047000FFFFFFFFFFFFFFFFFFFFFFFFFFFFFFFF8C
:10048000FFFFFFFFFFFFFFFFFFFFFFFFFFFFFFFF7C
:10049000FFFFFFFFFFFFFFFFFFFFFFFFFFFFFFFF6C
:1004A000FFFFFFFFFFFFFFFFFFFFFFFFFFFFFFFF5C
:1004B000FFFFFFFFFFFFFFFFFFFFFFFFFFFFFFFF4C
:1004C000FFFFFFFFFFFFFFFFFFFFFFFFFFFFFFFF3C
:1004D000FFFFFFFFFFFFFFFFFFFFFFFFFFFFFFFF2C
:1004E000FFFFFFFFFFFFFFFFFFFFFFFFFFFFFFFF1C
:1004F000FFFFFFFFFFFFFFFFFFFFFFFFFFFFFFFF0C
:10050000FFFFFFFFFFFFFFFFFFFFFFFFFFFFFFFFFB
:10051000FFFFFFFFFFFFFFFFFFFFFFFFFFFFFFFFEB
:10052000FFFFFFFFFFFFFFFFFFFFFFFFFFFFFFFFDB
:10053000FFFFFFFFFFFFFFFFFFFFFFFFFFFFFFFFCB
:10054000FFFFFFFFFFFFFFFFFFFFFFFFFFFFFFFFBB
:10055000FFFFFFFFFFFFFFFFFFFFFFFFFFFFFFFFAB
:10056000FFFFFFFFFFFFFFFFFFFFFFFFFFFFFFFF9B
:10057000FFFFFFFFFFFFFFFFFFFFFFFFFFFFFFFF8B
:10058000FFFFFFFFFFFFFFFFFFFFFFFFFFFFFFFF7B
:10059000FFFFFFFFFFFFFFFFFFFFFFFFFFFFFFFF6B
:1005A000FFFFFFFFFFFFFFFFFFFFFFFFFFFFFFFF5B
:1005B000FFFFFFFFFFFFFFFFFFFFFFFFFFFFFFFF4B
:1005C000FFFFFFFFFFFFFFFFFFFFFFFFFFFFFFFF3B
:1005D000FFFFFFFFFFFFFFFFFFFFFFFFFFFFFFFF2B
:1005E000FFFFFFFFFFFFFFFFFFFFFFFFFFFFFFFF1B
:1005F000FFFFFFFFFFFFFFFFFFFFFFFFFFFFFFFF0B
:10060000FFFFFFFFFFFFFFFFFFFFFFFFFFFFFFFFFA
:10061000FFFFFFFFFFFFFFFFFFFFFFFFFFFFFFFFEA
:10062000FFFFFFFFFFFFFFFFFFFFFFFFFFFFFFFFDA
:10063000FFFFFFFFFFFFFFFFFFFFFFFFFFFFFFFFCA
:10064000FFFFFFFFFFFFFFFFFFFFFFFFFFFFFFFFBA
:10065000FFFFFFFFFFFFFFFFFFFFFFFFFFFFFFFFAA
:10066000FFFFFFFFFFFFFFFFFFFFFFFFFFFFFFFF9A
:10067000FFFFFFFFFFFFFFFFFFFFFFFFFFFFFFFF8A
:10068000FFFFFFFFFFFFFFFFFFFFFFFFFFFFFFFF7A
:10069000FFFFFFFFFFFFFFFFFFFFFFFFFFFFFFFF6A
:1006A000FFFFFFFFFFFFFFFFFFFFFFFFFFFFFFFF5A
:1006B000FFFFFFFFFFFFFFFFFFFFFFFFFFFFFFFF4A
:1006C000FFFFFFFFFFFFFFFFFFFFFFFFFFFFFFFF3A
:1006D000FFFFFFFFFFFFFFFFFFFFFFFFFFFFFFFF2A
:1006E000FFFFFFFFFFFFFFFFFFFFFFFFFFFFFFFF1A
:1006F000FFFFFFFFFFFFFFFFFFFFFFFFFFFFFFFF0A
:10070000FFFFFFFFFFFFFFFFFFFFFFFFFFFFFFFFF9
:10071000FFFFFFFFFFFFFFFFFFFFFFFFFFFFFFFFE9
:10072000FFFFFFFFFFFFFFFFFFFFFFFFFFFFFFFFD9
:10073000FFFFFFFFFFFFFFFFFFFFFFFFFFFFFFFFC9
:10074000FFFFFFFFFFFFFFFFFFFFFFFFFFFFFFFFB9
:10075000FFFFFFFFFFFFFFFFFFFFFFFFFFFFFFFFA9
:10076000FFFFFFFFFFFFFFFFFFFFFFFFFFFFFFFF99
:10077000FFFFFFFFFFFFFFFFFFFFFFFFFFFFFFFF89
:10078000FFFFFFFFFFFFFFFFFFFFFFFFFFFFFFFF79
:10079000FFFFFFFFFFFFFFFFFFFFFFFFFFFFFFFF69
:1007A000FFFFFFFFFFFFFFFFFFFFFFFFFFFFFFFF59
:1007B000FFFFFFFFFFFFFFFFFFFFFFFFFFFFFFFF49
:1007C000FFFFFFFFFFFFFFFFFFFFFFFFFFFFFFFF39
:1007D000FFFFFFFFFFFFFFFFFFFFFFFFFFFFFFFF29
:1007E000FFFFFFFFFFFFFFFFFFFFFFFFFFFFFFFF19
:1007F000FFFFFFFFFFFFFFFFFFFFFFFFFFFFFFFF09
:10080000FFFFFFFFFFFFFFFFFFFFFFFFFFFFFFFFF8
:10081000FFFFFFFFFFFFFFFFFFFFFFFFFFFFFFFFE8
:10082000FFFFFFFFFFFFFFFFFFFFFFFFFFFFFFFFD8
:10083000FFFFFFFFFFFFFFFFFFFFFFFFFFFFFFFFC8
:10084000FFFFFFFFFFFFFFFFFFFFFFFFFFFFFFFFB8
:10085000FFFFFFFFFFFFFFFFFFFFFFFFFFFFFFFFA8
:10086000FFFFFFFFFFFFFFFFFFFFFFFFFFFFFFFF98
:10087000FFFFFFFFFFFFFFFFFFFFFFFFFFFFFFFF88
:10088000FFFFFFFFFFFFFFFFFFFFFFFFFFFFFFFF78
:10089000FFFFFFFFFFFFFFFFFFFFFFFFFFFFFFFF68
:1008A000FFFFFFFFFFFFFFFFFFFFFFFFFFFFFFFF58
:1008B000FFFFFFFFFFFFFFFFFFFFFFFFFFFFFFFF48
:1008C000FFFFFFFFFFFFFFFFFFFFFFFFFFFFFFFF38
:1008D000FFFFFFFFFFFFFFFFFFFFFFFFFFFFFFFF28
:1008E000FFFFFFFFFFFFFFFFFFFFFFFFFFFFFFFF18
:1008F000FFFFFFFFFFFFFFFFFFFFFFFFFFFFFFFF08
:10090000FFFFFFFFFFFFFFFFFFFFFFFFFFFFFFFFF7
:10091000FFFFFFFFFFFFFFFFFFFFFFFFFFFFFFFFE7
:10092000FFFFFFFFFFFFFFFFFFFFFFFFFFFFFFFFD7
:10093000FFFFFFFFFFFFFFFFFFFFFFFFFFFFFFFFC7
:10094000FFFFFFFFFFFFFFFFFFFFFFFFFFFFFFFFB7
:10095000FFFFFFFFFFFFFFFFFFFFFFFFFFFFFFFFA7
:10096000FFFFFFFFFFFFFFFFFFFFFFFFFFFFFFFF97
:10097000FFFFFFFFFFFFFFFFFFFFFFFFFFFFFFFF87
:10098000FFFFFFFFFFFFFFFFFFFFFFFFFFFFFFFF77
:10099000FFFFFFFFFFFFFFFFFFFFFFFFFFFFFFFF67
:1009A000FFFFFFFFFFFFFFFFFFFFFFFFFFFFFFFF57
:1009B000FFFFFFFFFFFFFFFFFFFFFFFFFFFFFFFF47
:1009C000FFFFFFFFFFFFFFFFFFFFFFFFFFFFFFFF37
:1009D000FFFFFFFFFFFFFFFFFFFFFFFFFFFFFFFF27
:1009E000FFFFFFFFFFFFFFFFFFFFFFFFFFFFFFFF17
:1009F000FFFFFFFFFFFFFFFFFFFFFFFFFFFFFFFF07
:100A0000FFFFFFFFFFFFFFFFFFFFFFFFFFFFFFFFF6
:100A1000FFFFFFFFFFFFFFFFFFFFFFFFFFFFFFFFE6
:100A2000FFFFFFFFFFFFFFFFFFFFFFFFFFFFFFFFD6
:100A3000FFFFFFFFFFFFFFFFFFFFFFFFFFFFFFFFC6
:100A4000FFFFFFFFFFFFFFFFFFFFFFFFFFFFFFFFB6
:100A5000FFFFFFFFFFFFFFFFFFFFFFFFFFFFFFFFA6
:100A6000FFFFFFFFFFFFFFFFFFFFFFFFFFFFFFFF96
:100A7000FFFFFFFFFFFFFFFFFFFFFFFFFFFFFFFF86
:100A8000FFFFFFFFFFFFFFFFFFFFFFFFFFFFFFFF76
:100A9000FFFFFFFFFFFFFFFFFFFFFFFFFFFFFFFF66
:100AA000FFFFFFFFFFFFFFFFFFFFFFFFFFFFFFFF56
:100AB000FFFFFFFFFFFFFFFFFFFFFFFFFFFFFFFF46
:100AC000FFFFFFFFFFFFFFFFFFFFFFFFFFFFFFFF36
:100AD000FFFFFFFFFFFFFFFFFFFFFFFFFFFFFFFF26
:100AE000FFFFFFFFFFFFFFFFFFFFFFFFFFFFFFFF16
:100AF000FFFFFFFFFFFFFFFFFFFFFFFFFFFFFFFF06
:100B0000FFFFFFFFFFFFFFFFFFFFFFFFFFFFFFFFF5
:100B1000FFFFFFFFFFFFFFFFFFFFFFFFFFFFFFFFE5
:100B2000FFFFFFFFFFFFFFFFFFFFFFFFFFFFFFFFD5
:100B3000FFFFFFFFFFFFFFFFFFFFFFFFFFFFFFFFC5
:100B4000FFFFFFFFFFFFFFFFFFFFFFFFFFFFFFFFB5
:100B5000FFFFFFFFFFFFFFFFFFFFFFFFFFFFFFFFA5
:100B6000FFFFFFFFFFFFFFFFFFFFFFFFFFFFFFFF95
:100B7000FFFFFFFFFFFFFFFFFFFFFFFFFFFFFFFF85
:100B8000FFFFFFFFFFFFFFFFFFFFFFFFFFFFFFFF75
:100B9000FFFFFFFFFFFFFFFFFFFFFFFFFFFFFFFF65
:100BA000FFFFFFFFFFFFFFFFFFFFFFFFFFFFFFFF55
:100BB000FFFFFFFFFFFFFFFFFFFFFFFFFFFFFFFF45
:100BC000FFFFFFFFFFFFFFFFFFFFFFFFFFFFFFFF35
:100BD000FFFFFFFFFFFFFFFFFFFFFFFFFFFFFFFF25
:100BE000FFFFFFFFFFFFFFFFFFFFFFFFFFFFFFFF15
:100BF000FFFFFFFFFFFFFFFFFFFFFFFFFFFFFFFF05
:100C0000FFFFFFFFFFFFFFFFFFFFFFFFFFFFFFFFF4
:100C1000FFFFFFFFFFFFFFFFFFFFFFFFFFFFFFFFE4
:100C2000FFFFFFFFFFFFFFFFFFFFFFFFFFFFFFFFD4
:100C3000FFFFFFFFFFFFFFFFFFFFFFFFFFFFFFFFC4
:100C4000FFFFFFFFFFFFFFFFFFFFFFFFFFFFFFFFB4
:100C5000FFFFFFFFFFFFFFFFFFFFFFFFFFFFFFFFA4
:100C6000FFFFFFFFFFFFFFFFFFFFFFFFFFFFFFFF94
:100C7000FFFFFFFFFFFFFFFFFFFFFFFFFFFFFFFF84
:100C8000FFFFFFFFFFFFFFFFFFFFFFFFFFFFFFFF74
:100C9000FFFFFFFFFFFFFFFFFFFFFFFFFFFFFFFF64
:100CA000FFFFFFFFFFFFFFFFFFFFFFFFFFFFFFFF54
:100CB000FFFFFFFFFFFFFFFFFFFFFFFFFFFFFFFF44
:100CC000FFFFFFFFFFFFFFFFFFFFFFFFFFFFFFFF34
:100CD000FFFFFFFFFFFFFFFFFFFFFFFFFFFFFFFF24
:100CE000FFFFFFFFFFFFFFFFFFFFFFFFFFFFFFFF14
:100CF000FFFFFFFFFFFFFFFFFFFFFFFFFFFFFFFF04
:100D0000FFFFFFFFFFFFFFFFFFFFFFFFFFFFFFFFF3
:100D1000FFFFFFFFFFFFFFFFFFFFFFFFFFFFFFFFE3
:100D2000FFFFFFFFFFFFFFFFFFFFFFFFFFFFFFFFD3
:100D3000FFFFFFFFFFFFFFFFFFFFFFFFFFFFFFFFC3
:100D4000FFFFFFFFFFFFFFFFFFFFFFFFFFFFFFFFB3
:100D5000FFFFFFFFFFFFFFFFFFFFFFFFFFFFFFFFA3
:100D6000FFFFFFFFFFFFFFFFFFFFFFFFFFFFFFFF93
:100D7000FFFFFFFFFFFFFFFFFFFFFFFFFFFFFFFF83
:100D8000FFFFFFFFFFFFFFFFFFFFFFFFFFFFFFFF73
:100D9000FFFFFFFFFFFFFFFFFFFFFFFFFFFFFFFF63
:100DA000FFFFFFFFFFFFFFFFFFFFFFFFFFFFFFFF53
:100DB000FFFFFFFFFFFFFFFFFFFFFFFFFFFFFFFF43
:100DC000FFFFFFFFFFFFFFFFFFFFFFFFFFFFFFFF33
:100DD000FFFFFFFFFFFFFFFFFFFFFFFFFFFFFFFF23
:100DE000FFFFFFFFFFFFFFFFFFFFFFFFFFFFFFFF13
:100DF000FFFFFFFFFFFFFFFFFFFFFFFFFFFFFFFF03
:100E0000FFFFFFFFFFFFFFFFFFFFFFFFFFFFFFFFF2
:100E1000FFFFFFFFFFFFFFFFFFFFFFFFFFFFFFFFE2
:100E2000FFFFFFFFFFFFFFFFFFFFFFFFFFFFFFFFD2
:100E3000FFFFFFFFFFFFFFFFFFFFFFFFFFFFFFFFC2
:100E4000FFFFFFFFFFFFFFFFFFFFFFFFFFFFFFFFB2
:100E5000FFFFFFFFFFFFFFFFFFFFFFFFFFFFFFFFA2
:100E6000FFFFFFFFFFFFFFFFFFFFFFFFFFFFFFFF92
:100E7000FFFFFFFFFFFFFFFFFFFFFFFFFFFFFFFF82
:100E8000FFFFFFFFFFFFFFFFFFFFFFFFFFFFFFFF72
:100E9000FFFFFFFFFFFFFFFFFFFFFFFFFFFFFFFF62
:100EA000FFFFFFFFFFFFFFFFFFFFFFFFFFFFFFFF52
:100EB000FFFFFFFFFFFFFFFFFFFFFFFFFFFFFFFF42
:100EC000FFFFFFFFFFFFFFFFFFFFFFFFFFFFFFFF32
:100ED000FFFFFFFFFFFFFFFFFFFFFFFFFFFFFFFF22
:100EE000FFFFFFFFFFFFFFFFFFFFFFFFFFFFFFFF12
:100EF000FFFFFFFFFFFFFFFFFFFFFFFFFFFFFFFF02
:100F0000FFFFFFFFFFFFFFFFFFFFFFFFFFFFFFFFF1
:100F1000FFFFFFFFFFFFFFFFFFFFFFFFFFFFFFFFE1
:100F2000FFFFFFFFFFFFFFFFFFFFFFFFFFFFFFFFD1
:100F3000FFFFFFFFFFFFFFFFFFFFFFFFFFFFFFFFC1
:100F4000FFFFFFFFFFFFFFFFFFFFFFFFFFFFFFFFB1
:100F5000FFFFFFFFFFFFFFFFFFFFFFFFFFFFFFFFA1
:100F6000FFFFFFFFFFFFFFFFFFFFFFFFFFFFFFFF91
:100F7000FFFFFFFFFFFFFFFFFFFFFFFFFFFFFFFF81
:100F8000FFFFFFFFFFFFFFFFFFFFFFFFFFFFFFFF71
:100F9000FFFFFFFFFFFFFFFFFFFFFFFFFFFFFFFF61
:100FA000FFFFFFFFFFFFFFFFFFFFFFFFFFFFFFFF51
:100FB000FFFFFFFFFFFFFFFFFFFFFFFFFFFFFFFF41
:100FC000FFFFFFFFFFFFFFFFFFFFFFFFFFFFFFFF31
:100FD000FFFFFFFFFFFFFFFFFFFFFFFFFFFFFFFF21
:100FE000FFFFFFFFFFFFFFFFFFFFFFFFFFFFFFFF11
:100FF000FFFFFFFFFFFFFFFFFFFFFFFFFFFFFFFF01
:10100000D10020434D1600600000000000000000E9
:10101000201000600010006000200460000000004C
:1010200000000060002C040000000000FFFFFFFF34
:10103000FFFFFFFFFFFFFFFFFFFFFFFFFFFFFFFFC0
:10104000FFFFFFFFFFFFFFFFFFFFFFFFFFFFFFFFB0
:10105000FFFFFFFFFFFFFFFFFFFFFFFFFFFFFFFFA0
:10106000FFFFFFFFFFFFFFFFFFFFFFFFFFFFFFFF90
:10107000FFFFFFFFFFFFFFFFFFFFFFFFFFFFFFFF80
:10108000FFFFFFFFFFFFFFFFFFFFFFFFFFFFFFFF70
:10109000FFFFFFFFFFFFFFFFFFFFFFFFFFFFFFFF60
:1010A000FFFFFFFFFFFFFFFFFFFFFFFFFFFFFFFF50
:1010B000FFFFFFFFFFFFFFFFFFFFFFFFFFFFFFFF40
:1010C000FFFFFFFFFFFFFFFFFFFFFFFFFFFFFFFF30
:1010D000FFFFFFFFFFFFFFFFFFFFFFFFFFFFFFFF20
:1010E000FFFFFFFFFFFFFFFFFFFFFFFFFFFFFFFF10
:1010F000FFFFFFFFFFFFFFFFFFFFFFFFFFFFFFFF00
:10110000FFFFFFFFFFFFFFFFFFFFFFFFFFFFFFFFEF
:10111000FFFFFFFFFFFFFFFFFFFFFFFFFFFFFFFFDF
:10112000FFFFFFFFFFFFFFFFFFFFFFFFFFFFFFFFCF
:10113000FFFFFFFFFFFFFFFFFFFFFFFFFFFFFFFFBF
:10114000FFFFFFFFFFFFFFFFFFFFFFFFFFFFFFFFAF
:10115000FFFFFFFFFFFFFFFFFFFFFFFFFFFFFFFF9F
:10116000FFFFFFFFFFFFFFFFFFFFFFFFFFFFFFFF8F
:10117000FFFFFFFFFFFFFFFFFFFFFFFFFFFFFFFF7F
:10118000FFFFFFFFFFFFFFFFFFFFFFFFFFFFFFFF6F
:10119000FFFFFFFFFFFFFFFFFFFFFFFFFFFFFFFF5F
:1011A000FFFFFFFFFFFFFFFFFFFFFFFFFFFFFFFF4F
:1011B000FFFFFFFFFFFFFFFFFFFFFFFFFFFFFFFF3F
:1011C000FFFFFFFFFFFFFFFFFFFFFFFFFFFFFFFF2F
:1011D000FFFFFFFFFFFFFFFFFFFFFFFFFFFFFFFF1F
:1011E000FFFFFFFFFFFFFFFFFFFFFFFFFFFFFFFF0F
:1011F000FFFFFFFFFFFFFFFFFFFFFFFFFFFFFFFFFF
:10120000FFFFFFFFFFFFFFFFFFFFFFFFFFFFFFFFEE
:10121000FFFFFFFFFFFFFFFFFFFFFFFFFFFFFFFFDE
:10122000FFFFFFFFFFFFFFFFFFFFFFFFFFFFFFFFCE
:10123000FFFFFFFFFFFFFFFFFFFFFFFFFFFFFFFFBE
:10124000FFFFFFFFFFFFFFFFFFFFFFFFFFFFFFFFAE
:10125000FFFFFFFFFFFFFFFFFFFFFFFFFFFFFFFF9E
:10126000FFFFFFFFFFFFFFFFFFFFFFFFFFFFFFFF8E
:10127000FFFFFFFFFFFFFFFFFFFFFFFFFFFFFFFF7E
:10128000FFFFFFFFFFFFFFFFFFFFFFFFFFFFFFFF6E
:10129000FFFFFFFFFFFFFFFFFFFFFFFFFFFFFFFF5E
:1012A000FFFFFFFFFFFFFFFFFFFFFFFFFFFFFFFF4E
:1012B000FFFFFFFFFFFFFFFFFFFFFFFFFFFFFFFF3E
:1012C000FFFFFFFFFFFFFFFFFFFFFFFFFFFFFFFF2E
:1012D000FFFFFFFFFFFFFFFFFFFFFFFFFFFFFFFF1E
:1012E000FFFFFFFFFFFFFFFFFFFFFFFFFFFFFFFF0E
:1012F000FFFFFFFFFFFFFFFFFFFFFFFFFFFFFFFFFE
:10130000FFFFFFFFFFFFFFFFFFFFFFFFFFFFFFFFED
:10131000FFFFFFFFFFFFFFFFFFFFFFFFFFFFFFFFDD
:10132000FFFFFFFFFFFFFFFFFFFFFFFFFFFFFFFFCD
:10133000FFFFFFFFFFFFFFFFFFFFFFFFFFFFFFFFBD
:10134000FFFFFFFFFFFFFFFFFFFFFFFFFFFFFFFFAD
:10135000FFFFFFFFFFFFFFFFFFFFFFFFFFFFFFFF9D
:10136000FFFFFFFFFFFFFFFFFFFFFFFFFFFFFFFF8D
:10137000FFFFFFFFFFFFFFFFFFFFFFFFFFFFFFFF7D
:10138000FFFFFFFFFFFFFFFFFFFFFFFFFFFFFFFF6D
:10139000FFFFFFFFFFFFFFFFFFFFFFFFFFFFFFFF5D
:1013A000FFFFFFFFFFFFFFFFFFFFFFFFFFFFFFFF4D
:1013B000FFFFFFFFFFFFFFFFFFFFFFFFFFFFFFFF3D
:1013C000FFFFFFFFFFFFFFFFFFFFFFFFFFFFFFFF2D
:1013D000FFFFFFFFFFFFFFFFFFFFFFFFFFFFFFFF1D
:1013E000FFFFFFFFFFFFFFFFFFFFFFFFFFFFFFFF0D
:1013F000FFFFFFFFFFFFFFFFFFFFFFFFFFFFFFFFFD
:10140000814205D051F8043B40F8043B8242F9D8B0
:10141000704700BF044A05494FF0000342F8043BFF
:101420009142FBD8704700BFC04A0120A0DA0120DA
:101430002DE98848BFF34F8F00BF00BF00BF00BF3A
:1014400000F000FA684B0822C3F8542100BF00BF27
:1014500000BF00BF00BF00BF00BF00BF00BF00BF94
:1014600000BF00BF00BF00BF00BF00BF5F4A6049B0
:101470006048FFF7C5FF604A60496148FFF7C0FF59
:10148000604CFFF7C7FF4FF470004FF0E0210023DE
:101490005D4AC1F8880D44F823200133B02BFAD1FE
:1014A0005A4B80215A4A03F8011B9342FBD14FF05B
:1014B000E0254D4E4FF08039DFF884B1DFF884A18C
:1014C0004FF0FF31C5F8084D0027C6F80491C6F863
:1014D00000B1C6F8F490C6F8F0A0D5F8243DDFF8C6
:1014E000688143F4E0234B4AC5F8243DD8F81C300A
:1014F00023F07F0343F04003C8F81C30D8F82430B1
:1015000023F07F0343F04003C8F824309166D1668E
:101510001167516700F09EF93F4B4049A363404B70
:10152000E36363236B610323AF612B613D4BC5F81C
:10153000203DD5F8FC3D43F08073C5F8FC3D3A4BA7
:101540001A6842F001021A605B680B6000F0CCFB85
:10155000C6F804913548C6F800B1C6F8F490C6F84C
:10156000F0A000F031FDD8F86C10314B314A41F455
:101570004051C8F86C101F60C3F80871C3F81871A7
:10158000C3F82871C3F83871936BDB0708D442F6AF
:101590001563294951651365936B43F00103936308
:1015A000244A264C936843F00113936000F0DAF963
:1015B00000F01EF900F004FD00F0C4FB00F044F957
:1015C0002368132BFCD900F055FC2368B3F5967FF4
:1015D000FBD300F03DF900F039F900F009FD00F00F
:1015E0000BFD30BFFDE700BF00800D4058AF02008B
:1015F0000022006000000000C04A01205CD10260AF
:101600000000002000480120C903020000E400E0BF
:10161000A0E400E000C00A40E9170200F0D9012070
:10162000ED17020000002020001000E00046C32358
:101630000040084000400D400000C056F4D9012091
:101640001B1018200C0D111300C00F40054B4FF458
:101650002A01054A05485A641864054A9963954663
:10166000FFF7E6FE00C00A40FFAFAAAA070020006D
:101670000000052043690A4A03EB011010B4037A05
:10168000084C02EB0313D3E901321460C2681A60FC
:1016900003690BB142691A605DF8044B704700BFE3
:1016A0000432002061F801004369027E03EB02125C
:1016B00092F808C08C451CD01A7AFF2A19D09142A2
:1016C00010B5044616D01A7EFF2A06D00121D3E9B0
:1016D000002312681A4201D1217610BD064B052263
:1016E000204603EB0C135B681A60FFF7C3FF2176FB
:1016F000F3E770470021EAE70432002043690A4A11
:1017000003EB011010B490F82830084C02EB0313DF
:10171000D3E901321460C26A1A60036B0BB1426BE9
:101720001A605DF8044B70470432002061F8010034
:101730004369427E03EB021292F828C08C451ED00A
:1017400093F82820FF2A1AD0914210B5044617D0EA
:1017500093F83820FF2A06D00121D3E9002312682C
:101760001A4201D1617610BD064B0522204603EBDB
:101770000C135B681A60FFF7C1FF6176F3E77047EF
:101780000021EAE704320020164942698B6B23F4FA
:101790007C0343F4802370B58B630446124DD2E979
:1017A00000130A681A4303690A60022200211A61C1
:1017B0000E4A19619A6401225A629D624FF43035D3
:1017C000DD624FF001159E6C1E6519629D651A6100
:1017D000017EFFF74FFF617E2046BDE87040FFF7B6
:1017E0008DBF00BF00C00F40B80B05053B3728195F
:1017F000104BA020104AD96E41F4403110B4D96684
:1018000040F23764D96E41F44071D96654649064F3
:10181000936C1B06FCD4094A40F23761A023516443
:101820009364936C13F08003FBD1054A13705DF849
:10183000044B704700C00F4000400C4000800C403B
:1018400054DA0120704700BF704700BF704700BFE7
:1018500000BF704710B44FF0E0230021102431483E
:10186000C3F8941DC3F89C4D1124C3F8A00D2E4855
:10187000C3F89C4D1224C3F8A00D2C48C3F89C4D0E
:101880002B4AC3F8A00D2B4C42F015022A48C3F88E
:101890009C4DC3F8A00D294C2948C3F89C4DC3F8B2
:1018A000A00D284CC3F89C2D2748284AC3F8A04D0A
:1018B000C3F89C0DC3F8A02D02F5A022244C0C32D5
:1018C0002448C3F89C4DC3F8A02D234AC3F89C0DAF
:1018D000224CC3F8A02D02F14062C3F89C4D204871
:1018E000C3F8A02D0C32C3F89C0DC3F8A02D00BF87
:1018F00000BF00BF00BF00BF0122C3F8942DBFF39B
:101900004F8FBFF36F8FC3F8501FBFF34F8FBFF3DD
:101910006F8FD3F8142D5DF8044B42F44032C3F8B6
:10192000142D70473F000010250008070900100023
:10193000A0DA01201300200021000207140000207B
:1019400025000813090000101600202027000B13A3
:1019500017000040180000602F000B0719000070EE
:101960001A000080F0B5B84B1822B84E0120B84FCD
:1019700083B0C3F85C62B749C3F86072B64DC3F870
:101980006462A6F53046B54CC3F86862C3F86C5281
:10199000C3F87052C3F87452C3F8785248F20C7509
:1019A000DA661A675A679A67DA67C3F88020C3F85D
:1019B0008420C3F88820C1F82C03A94AC1F8300359
:1019C000C1F83403C1F83803C1F83C03C1F850032F
:1019D000A169A44B0A40A448A4491343A44AA361A3
:1019E000D4F8843043F00C03C4F884304FF0FF3453
:1019F000036843F00203036003682B404FF4005573
:101A00001A439C4B026044608A689B4C13409B4A7B
:101A100043F000538360C36823F07803C360036A14
:101A2000134023430362036A1340954A2343954CB2
:101A300043628262C2620022D1F8B83023F03F03D1
:101A400043F00103C0F8B830D1F8BC308E4923F020
:101A50003F0343F00103C0F8BC3040F2056302616C
:101A600005660467C0F88030456644670224C0F804
:101A70008430036823F0020303608161834B84494F
:101A8000C46143F8042B8B42FBD1774A136843F0BF
:101A900001031360136813F00103FBD17A4802219C
:101AA00040F2F564906140F29940D16140F26641A4
:101AB000C2F8004242F20144C2F810127549C2F85D
:101AC0002002C2F8301240F235417348C2F8344265
:101AD000C2F84012714CC2F8500242F20120704923
:101AE000C2F854120121C2F86042C2F864025E4892
:101AF000C2F8A030C2F8A430C2F8B0104369DA07C7
:101B0000FCD5012300244FF4803257494361C0F8CB
:101B1000A040C0F8A420C0F8B0304B69DB07FCD56A
:101B2000012300244FF400304F4A4B61C1F8A0401C
:101B3000C1F8A400C1F8B0305369DF07FCD5012318
:101B40000024584848495361C2F8A040C2F8A40094
:101B5000C2F8B0304B69DE07FCD5D1F8003145F64C
:101B60000D5221209BB24861934265D100244FF46D
:101B7000802201233C48C1F8A040C1F8A420C1F84C
:101B8000B0304369DD07FCD501234FF40004002188
:101B9000354A4361C0F8A040C0F8A410C0F8B03086
:101BA0005369DC07FCD501234FF400044FF4803067
:101BB0002D495361C2F8A040C2F8A400C2F8B03069
:101BC0004B69D807FCD501234FF400044FF40030D3
:101BD000254A4B61C1F8A040C1F8A400C1F8B0305B
:101BE0005369D907FCD501234FF400042D481E4941
:101BF0005361C2F8A040C2F8A400C2F8B0304B69EB
:101C0000DA07FCD5D1F8003145F60D5221209BB200
:101C10004861934250D008254FF400042249002027
:101C2000224B234A009015705A1A0123214822445E
:101C300000F0DAF903B0F0BD1E4B0022C3E9002228
:101C4000C3E9022203B0F0BD00801F40F9B00100DB
:101C5000F910010000841F40F970010000C00F401E
:101C6000FFFCFF1F000300A000402A4000802A4024
:101C70001200FFFFFF37F7004000008000FFF07CFC
:101C8000FF000F8363000200F05AF05A00422A401E
:101C900000432A409F041830EB06180A3806180A39
:101CA00006320126040003000000007000000070EE
:101CB00055DA0120A8D501204FF400044FF480220A
:101CC00001230848C1F8A040C1F8A420C1F8B030F1
:101CD0004369DB07FCD5012310254FF08074436175
:101CE0009CE700BF00402A40F0B4154A40274FF45B
:101CF00080314FF480564FF400554FF4404443F286
:101D00004200136913F0020F0ED113F4005F0FD0DD
:101D100013F4805F0ED0002BF3DA13F4803F0BD165
:101D20005B060BD5F0BC7047946151619061E8E7A8
:101D30005561E6E75661E4E79161E2E75761E0E764
:101D400000800D403F4A03203F49F3EE095AD2F884
:101D500080304FF0000C9FED3D6A23F001039FEDB2
:101D60003C5A30B4C2F88030C2F89000D1F8E0108C
:101D7000384DCBB2384C39482B6007EE903A0B0DFA
:101D8000C1F30B21F8EEE77A06EE903A07EE101A4F
:101D9000334BB8EEC77A2160F8EEE66A314937EE88
:101DA000C66A37EEC55A76EEC76A77EEE57A26EE52
:101DB000266AC3ED006A25EE265AD2F8803067EE17
:101DC000A64AC0ED007AC6EE275A274885EE276A54
:101DD000C4EEA76A75EE875AFCEEE55A36EE076A3E
:101DE00015EE904ABCEEC66A43EA045376EE877A53
:101DF000C2F8803016EE103AD2F89041FCEEE77A45
:101E000001EA0341214317EE903AC2F89011C3F35F
:101E10000B03D2F890110B431449C2F89031D2F859
:101E2000803043F00203C2F88030114B80F840C08C
:101E3000C1F840314FF0E023012230BCC3F8082143
:101E4000704700BF00810D4000441F400000AA42BF
:101E50000000B44214D9012010D9012018D9012062
:101E600024D901200000FF0F00E400E00048012019
:101E7000B1050200314B40F6617210B5C3F8202164
:101E800040F2044400F0A8F82D4A2E49D2F88030E0
:101E90002D4843F00303C2F880302C4BC1F8604159
:101EA00002681A4203D1D1F8A8319A071BD0254AFB
:101EB0004FF00041244B5963D2F8403143F0020304
:101EC000C2F84031D2F840319B07FBD44FF40030C8
:101ED0004FF0E0211C4B4FF00042C1F88C0219205A
:101EE0009A6300F075F8184A4FF08040154C0021B5
:101EF00090630A20164B11604FF42072C4F8A801B9
:101F0000184600F06DF84FF4800203464FF481004C
:101F100040F243111860C4F858311A640D4B0E4A50
:101F2000C4F84811C3F804224FF0E0224FF4003106
:101F30000123C2F80C11C4F8403110BD00800D40DF
:101F400000C00F4000002E4000900D40001C1E00FD
:101F500000000020004801209907020008B50E4B40
:101F60001B6E9B0700D4FBBE72B60C4B00200C4AC4
:101F7000C3F8400103F160430A49A3F55F231164EC
:101F80009D46BFF34F8F4FF400130748074ADB69A4
:101F900002609B68984700BF00441F4000002E402D
:101FA00000C00A400300200000802020000012EB47
:101FB000F8B500BFF8BC08BC9E46704700000000A2
:101FC0005FF800F0D50202005FF800F0F1EF0100C9
:101FD0005FF800F0E1F201005FF800F0090F020085
:101FE0005FF800F0314002005FF800F07D18020059
:101FF0005FF800F0394C02005FF800F0E5F90100ED
:08200000690400004D9C000082
:1020080080C00F400000000319000000100000000D
:10201800E8841F4001000000FF000000FF000000EE
:102028000000000000000000180000001000000080
:10203800E4841F4001000000FF000000FF000000D2
:1020480000000000000000001F000000D5BC0000D8
:1020580070C00F40000C00001100000011000000CB
:10206800E0841F40020000002C0000001200000065
:10207800E0841F4001000000100000001100000073
:10208800DC841F40020000002D0000001200000048
:10209800DC841F40010000001E000000C9BC0000D5
:1020A80070C00F40C00000001200000013000000C4
:1020B800D0841F4001000000FF000000FF00000066
:1020C80000000000000000001300000013000000E2
:1020D800CC841F4001000000FF000000FF0000004A
:1020E80000000000000000001C000000BDBC000053
:1020F800160355005300420020005300650072008B
:10210800690061006C000000180354006500650058
:102118006E00730079006400750069006E006F003E
:102128000403090409026200030100C032080B001D
:102138000202020100090400000102020100052454
:1021480000100105240101010424020605240600EB
:10215800010705820310001009040100020A0000AB
:10216800000705030240000007058402400000093B
:1021780004020002FF6AFF00070581024000010710
:10218800050102400001000009026200030100C0CD
:1021980032080B00020202010009040000010202D9
:1021A8000100052400100105240101010424020690
:1021B8000524060001070582031000050904010033
:1021C800020A000000070503020002000705840256
:1021D8000002000904020002FF6AC7000705810225
:1021E8000002010705010200020100000A060002C0
:0821F800EF02014001000000AC
:1022000000000000000000000000000000000000CE
:1022100000000000000000000000000000000000BE
:102220000A49D1E900231344824298BF984234BF3F
:102230000123002308D28B68801AB0FBF3F203FB62
:102240001200B0FA80F35B0918467047D8440120A9
:102250000346024A00201A60704700BF3C3F01203D
:102260000120704770B5054608460E46FFF7D8FFB7
:1022700038B34FF400121C4B2946D0691A68006924
:102280009B68B21A04690020A047184BB0FA80F48A
:1022900005461B686409022B01DC204670BD41F233
:1022A0004E721349134B032007F06AF8124B134A7E
:1022B00031461348002D08BF1A4607F0A7F82046FC
:1022C00070BD0A4B04461B68002BE6DD094B41F24A
:1022D00046720749012007F053F83146094807F0D4
:1022E00095F8204670BD00BFD8440120E44301208A
:1022F000D0610020E42A0020F4590020F859002081
:10230000205A0020005A002001231A46013B002ACF
:10231000FBD17047064908B5D1F8E0309A0705D4DB
:10232000FFF7F2FFD1F8E0309B07F9D508BD00BFF9
:1023300000802A402DE9F04F2DED028BADF5077D91
:10234000044600AF07F11803F9607A607B6172B64A
:1023500007F11400FFF77CFF002847D16F4E7A6821
:10236000F368B2FBF3F503FB1525002D4CD1336860
:10237000A34200F2A780FB687A689A189342BA6079
:1023800080F0BA801D461FE03368FA68A4EB0309A9
:1023900093424BD94FF4001341464A46D8692B4625
:1023A0000069D0F808800020C047F368B0FA80FACE
:1023B0001D444FEA5A1A1C44BB68AB4294BF002329
:1023C0000AF00103002B61D02046FFF729FFD7F860
:1023D00014800028D8D021464046FFF743FF8246AC
:1023E0000028D1D14E4B1B68022B7CDC4FF0000A39
:1023F0004C4B1B7803B962B6504607F50777BD46CC
:10240000BDEC028BBDE8F08F454B1B68002BEDDD6A
:10241000454B41F26B7245498246012006F0B0FF00
:10242000F2687968424806F0F1FFE1E76B46F06830
:1024300008EE103A20F00303800803F1070323F0AD
:102440000703ADEB030D6B4607EE903A0ED005EB9C
:102450008000A5F1040BA3F1040A0438FFF75AFF2A
:102460005BF8043F58454AF8043FF7D14FF4001099
:1024700017EE903A41464A46C0690069D0F8088094
:102480000020C04718EE103A9D468EE7244B804648
:102490001B68022BACDD244B41F2957223490320CB
:1024A00006F06EFFB8F1000F224A234B12BF4FF027
:1024B000000A4FF0010A1346224679681F4806F0C9
:1024C000A5FF95E7164B1B68002B8FDD164B41F2DD
:1024D0006F720120154906F053FF21461848AA469D
:1024E00006F094FF84E7104B41F295720F490320E8
:1024F00006F046FF104BDFE7094B1B68022B02DC9E
:102500004FF0010A74E7084B41F295720749032026
:1025100006F036FF4FF0010A064BCDE7D844012004
:10252000E44301206ADA0120F02A0020D061002073
:10253000445A0020F4590020F8590020805A002005
:10254000605A0020B2B12DE9F041074688461D4689
:102550001646002408EB040138192C442A46FFF7DC
:10256000E9FEA642F6D84FF0E023054AC3F80C2D49
:10257000BDE8F0814FF0E023014AC3F80C2D70470D
:102580000400FA05F8B54FF084439D695A69154077
:102590000DD0254F01269D6195FAA5F4B4FA84F477
:1025A00057F8243006FA04F49847A543F4D11F4B9A
:1025B0009D695A6915400DD01D4F01269D6195FA00
:1025C000A5F4B4FA84F457F8243006FA04F49847D2
:1025D000A543F4D1174B9D695A6915400DD0164F8C
:1025E00001269D6195FAA5F4B4FA84F457F82430D5
:1025F00006FA04F49847A543F4D1104B9D695A6933
:1026000015400DD00E4F01269D6195FAA5F4B4FA40
:1026100084F457F8243006FA04F49847A543F4D11B
:10262000BFF34F8FF8BD00BF604101200040004262
:10263000E0410120008000426042012000C00042D1
:10264000E04201200548064B1B1AD90F01EBA301FC
:10265000491002D0034B03B118477047C04A01200C
:10266000C04A01200000000008B5054B1BB1054918
:102670000548AFF30080BDE80840FFF7E3BF00BFA7
:10268000000000005CD80120002C0460704700BFEF
:10269000704700BF704700BF00207047034B1868A9
:1026A00010B103681B681847704700BF54D0012061
:1026B0004FF0E023014AC3F80C2D70470400FA05DF
:1026C000002070472DE9F04100F5804090B0574C54
:1026D0009646574B0094C0F860121B6A5548C3F3E6
:1026E00001230468403304F080746B4413F8406C99
:1026F000514B03FB06F60368B6FBF1F2B6FBF2F5AD
:1027000043F0A0434D1B03600368DF01FCD5052A9D
:102710004FF0000C2AD96046831C0130B2FBF3F75E
:10272000192F07FB03F3F7D84FF00108B6FBF3F3BB
:10273000CB1A002BB8BF5B42AB420BDBA7F10C03FB
:1027400018BF4FF00008062B0AD8B8F1000F07D0C9
:102750008446E1E71D46A7F10C038446062BF4D915
:10276000052FD9D80CF10103B2FBF3F2B5F5967F32
:10277000A2F105024CDC142A4AD802EB42022F4F88
:102780006E46DFF8B08002F14003BEF1020F0DEBA0
:1027900003050FCF0FC60FCF0FC60FCF0FC697E899
:1027A0000F0007C626F8023B4FEA1343337015F8B3
:1027B0003F3C15F83E2C4FEAC34315F8401C4FEA46
:1027C000024203F4601301F0070102F4E02243EA3D
:1027D000020343EA010343F4800343EA0C6343F436
:1027E0008043C8F80430D8F8043014BF23F008033D
:1027F00043F00803C8F804303CB90E4A136823F0CC
:10280000805313601368DB01FCD410B0BDE8F08185
:10281000002CFAD1074A136823F080531360136821
:10282000D901FCD410B0BDE8F08100BF3C185000C5
:1028300000C00F4000801D4040420F0048060020AD
:102840000020704700207047082070470346104A58
:10285000102110B590B0DC78029407A89C78019400
:102860005C78009405AC1B7813F0A0FA002307A94C
:1028700020460F93CDE90B33CDE90D3316F020F947
:102880000BAA94E8030017F057FA0B9810B010BD8C
:10289000B822002010B5002184B0064C4FF4FA7223
:1028A000002300910448CDE9014112F0D1FE04B0AB
:1028B00010BD00BFB1040000B8D5012010490B685D
:1028C000486B0A68496B02F07F02C1F30361013271
:1028D0000431B2EB410F10D303F07F03C0F3036068
:1028E000053B0130A3EB4003DBB2054A106800F062
:1028F0007F000130C01AC0B270470023F5E700BF67
:1029000000801D4030B585B086460DF1040C8CE882
:102910000E0090F86E5090F86F402B190A2B01D9D9
:102920000B3B9BB2DAB263460B2C02EB820203CB69
:102930000EEB420C1B884EF81200CCF80410ACF8D9
:10294000083004D001348EF86F4005B030BD013539
:10295000EDB20B2D03D08EF86E5005B030BD0023C4
:102960008EF86E3005B030BD90F86F3093B1934261
:1029700010D390F86E301A440A2A88BF0B3A02EB43
:10298000820200EB420350F812005A6808604A6065
:102990001B890B81704700BF69B170B505460846B9
:1029A0000C4624F0CDFA2B680246214628465B6887
:1029B000BDE8704018477047F8B5064600F11605A7
:1029C00000F12207EC1E14F8011F012300223046FB
:1029D0000BF026FCAC42F6D1E51CBD42F2D13046EC
:1029E000F8BD00BF2DE9F84F18212048DFF8888096
:1029F00001244FF0000B1E4EDFF880A01D4FDFF8C2
:102A0000809020F0E5FE01E018F801BF33685A46D7
:102A1000514638461D1995F838502B445B7C1EF002
:102A2000EBF831680C2238460B1993F8383002FB6A
:102A3000031154311EF092F835685946002205EB17
:102A4000040C95F83330013448469CF838C065448E
:102A50006D7CEB1A18BF01230BF0E2FB072CD3D1DE
:102A60000448BDE8F84F1EF0ABB800BF2820002096
:102A70006CD6012028310120B02200204420002003
:102A800074D801202DE9F041144C94F89850C5F108
:102A90009605002D01DCBDE8F08194F895600027D3
:102AA00094F8961026440E48013196F8018021448E
:102AB000777024F063F9042D86F80180EBDD94F83B
:102AC000915094F892102544064801316E782144C3
:102AD0006F7024F053F96E70BDE8F08174D7012057
:102AE000C8CD0120D4CD012008B5074B1B7803B910
:102AF00008BD5821054820F06BFE054B05481978A4
:102B0000BDE808401EF050B86CDA012050190020D2
:102B100074D701202831012010B5114C0A46014616
:102B2000206814F083FA98B91A210E4820F050FE5C
:102B30000D481EF045F81EF027FD0C4B1A7B22B104
:102B4000D3E90021521A02441A6000221A7310BD00
:102B500020680021026D483012F00AF8EBE700BF50
:102B6000B8D90120AC19002028310120B4CD0120B2
:102B700038B50D4604461EF007FD084A084B0121F2
:102B8000D26B586092F884201973042A00D038BDA3
:102B900029462046BDE83840FFF7BEBFB8D5012022
:102BA000B4CD012038B5044649B108460D4624F09D
:102BB000C7F92368024629465B68204698472046A5
:102BC000BDE838401DF0FCBF2DE9F84305460F462F
:102BD00026480421144620F0FBFD00231022E9784A
:102BE00023481EF017F80121224820F0F1FDE97872
:102BF00000230A221E481EF00DF802211E4820F074
:102C0000E7FD34B1204624F09BF90146204620F030
:102C1000DFFD204624F094F9C4B2132C08D8174ED7
:102C2000013401213046E4B220F0D2FD142CF7D15A
:102C30007E1E3A4612490E481DF0DEFF042E12DDBC
:102C40000424DFF84090DFF828800C4F2A5D01341F
:102C500049464046E4B21DF0CFFF0121384620F03E
:102C6000B7FDB442F2DBBDE8F88300BF3C2500208D
:102C70002831012044250020482500206C4E0020EA
:102C80004C25002058250020244B9A6AD2E90010D8
:102C9000D3680968006810B41842946801EA040116
:102CA00034D0137C03F0030309BB43F008039908F5
:102CB000013B11740D2B0ED8DFE803F0100722073B
:102CC0000D1C10101C0D072207105169137E0139CD
:102CD0000133516113765DF8044B7047137E5169DF
:102CE0000133013113765DF8044B5161704743F0B5
:102CF0000403DAE753695DF8044BC83B536170473E
:102D000053695DF8044BC83353617047137C03F07B
:102D100003030029CBD043F00403C8E788D0012087
:102D2000244B5A6CD2E90010D3680968006810B4CB
:102D30001842946801EA040134D0137C03F00303C1
:102D400009BB43F008039908013B11740D2B0ED801
:102D5000DFE803F0100722070D1C10101C0D0722DE
:102D600007105169137E01390133516113765DF803
:102D7000044B7047137E51690133013113765DF8BE
:102D8000044B5161704743F00403DAE753695DF87F
:102D9000044BC83B5361704753695DF8044BC8331B
:102DA00053617047137C03F003030029CBD043F039
:102DB0000403C8E788D00120244B9A6CD2E90010A4
:102DC000D3680968006810B41842946801EA0401E5
:102DD00034D0137C03F0030309BB43F008039908C4
:102DE000013B11740D2B0ED8DFE803F0100722070A
:102DF0000D1C10101C0D072207105169137E01399C
:102E00000133516113765DF8044B7047137E5169AD
:102E10000133013113765DF8044B5161704743F083
:102E20000403DAE753695DF8044BC83B536170470C
:102E300053695DF8044BC83353617047137C03F04A
:102E400003030029CBD043F00403C8E788D0012056
:102E5000244BDA6CD2E90010D3680968006810B41A
:102E60001842946801EA040134D0137C03F0030390
:102E700009BB43F008039908013B11740D2B0ED8D0
:102E8000DFE803F0100722070D1C10101C0D0722AD
:102E900007105169137E01390133516113765DF8D2
:102EA000044B7047137E51690133013113765DF88D
:102EB000044B5161704743F00403DAE753695DF84E
:102EC000044BC83B5361704753695DF8044BC833EA
:102ED00053617047137C03F003030029CBD043F008
:102EE0000403C8E788D00120244B9A6DD2E9001072
:102EF000D3680968006810B41842946801EA0401B4
:102F000034D0137C03F0030309BB43F00803990892
:102F1000013B11740D2B0ED8DFE803F010072207D8
:102F20000D1C10101C0D072207105169137E01396A
:102F30000133516113765DF8044B7047137E51697C
:102F40000133013113765DF8044B5161704743F052
:102F50000403DAE753695DF8044BC83B53617047DB
:102F600053695DF8044BC83353617047137C03F019
:102F700003030029CBD043F00403C8E788D0012025
:102F8000244B5A6DD2E90010D3680968006810B468
:102F90001842946801EA040134D0137C03F003035F
:102FA00009BB43F008039908013B11740D2B0ED89F
:102FB000DFE803F0100722070D1C10101C0D07227C
:102FC00007105169137E01390133516113765DF8A1
:102FD000044B7047137E51690133013113765DF85C
:102FE000044B5161704743F00403DAE753695DF81D
:102FF000044BC83B5361704753695DF8044BC833B9
:1030000053617047137C03F003030029CBD043F0D6
:103010000403C8E788D00120244BDA6DD2E9001000
:10302000D3680968006810B41842946801EA040182
:1030300034D0137C03F0030309BB43F00803990861
:10304000013B11740D2B0ED8DFE803F010072207A7
:103050000D1C10101C0D072207105169137E013939
:103060000133516113765DF8044B7047137E51694B
:103070000133013113765DF8044B5161704743F021
:103080000403DAE753695DF8044BC83B53617047AA
:1030900053695DF8044BC83353617047137C03F0E8
:1030A00003030029CBD043F00403C8E788D00120F4
:1030B000244B5A6AD2E90010D3680968006810B43A
:1030C0001842946801EA040134D0137C03F003032E
:1030D00009BB43F008039908013B11740D2B0ED86E
:1030E000DFE803F0100722070D1C10101C0D07224B
:1030F00007105169137E01390133516113765DF870
:10310000044B7047137E51690133013113765DF82A
:10311000044B5161704743F00403DAE753695DF8EB
:10312000044BC83B5361704753695DF8044BC83387
:1031300053617047137C03F003030029CBD043F0A5
:103140000403C8E788D00120254BD3F8A020D2E99A
:103150000010D3680968006810B41842946801EA46
:10316000040134D0137C03F0030309BB43F00803CC
:103170009908013B11740D2B0ED8DFE803F01007FE
:1031800022070D1C10101C0D072207105169137E19
:1031900001390133516113765DF8044B7047137E9A
:1031A00051690133013113765DF8044B5161704769
:1031B00043F00403DAE753695DF8044BC83B5361FD
:1031C000704753695DF8044BC83353617047137CF3
:1031D00003F003030029CBD043F00403C8E700BF8A
:1031E00088D00120244B5A6BD2E90010D3680968BB
:1031F000006810B41842946801EA040134D0137CCA
:1032000003F0030309BB43F008039908013B117461
:103210000D2B0ED8DFE803F0100722070D1C10104D
:103220001C0D072207105169137E013901335161CA
:1032300013765DF8044B7047137E516901330131F9
:1032400013765DF8044B5161704743F00403DAE7ED
:1032500053695DF8044BC83B5361704753695DF88F
:10326000044BC83353617047137C03F003030029F8
:10327000CBD043F00403C8E788D00120244B9A6BDD
:10328000D2E90010D3680968006810B41842946845
:1032900001EA040134D0137C03F0030309BB43F0BB
:1032A00008039908013B11740D2B0ED8DFE803F0D9
:1032B000100722070D1C10101C0D07220710516962
:1032C000137E01390133516113765DF8044B704769
:1032D000137E51690133013113765DF8044B51615E
:1032E000704743F00403DAE753695DF8044BC83BC9
:1032F0005361704753695DF8044BC833536170479D
:10330000137C03F003030029CBD043F00403C8E788
:1033100088D00120244BDA6BD2E90010D368096809
:10332000006810B41842946801EA040134D0137C98
:1033300003F0030309BB43F008039908013B117430
:103340000D2B0ED8DFE803F0100722070D1C10101C
:103350001C0D072207105169137E01390133516199
:1033600013765DF8044B7047137E516901330131C8
:1033700013765DF8044B5161704743F00403DAE7BC
:1033800053695DF8044BC83B5361704753695DF85E
:10339000044BC83353617047137C03F003030029C7
:1033A000CBD043F00403C8E788D00120244B1A6D2A
:1033B000D2E90010D3680968006810B41842946814
:1033C00001EA040134D0137C03F0030309BB43F08A
:1033D00008039908013B11740D2B0ED8DFE803F0A8
:1033E000100722070D1C10101C0D07220710516931
:1033F000137E01390133516113765DF8044B704738
:10340000137E51690133013113765DF8044B51612C
:10341000704743F00403DAE753695DF8044BC83B97
:103420005361704753695DF8044BC833536170476B
:10343000137C03F003030029CBD043F00403C8E757
:1034400088D00120244BDA6AD2E90010D3680968D9
:10345000006810B41842946801EA040134D0137C67
:1034600003F0030309BB43F008039908013B1174FF
:103470000D2B0ED8DFE803F0100722070D1C1010EB
:103480001C0D072207105169137E01390133516168
:1034900013765DF8044B7047137E51690133013197
:1034A00013765DF8044B5161704743F00403DAE78B
:1034B00053695DF8044BC83B5361704753695DF82D
:1034C000044BC83353617047137C03F00303002996
:1034D000CBD043F00403C8E788D00120244B1A6CFA
:1034E000D2E90010D3680968006810B418429468E3
:1034F00001EA040134D0137C03F0030309BB43F059
:1035000008039908013B11740D2B0ED8DFE803F076
:10351000100722070D1C10101C0D072207105169FF
:10352000137E01390133516113765DF8044B704706
:10353000137E51690133013113765DF8044B5161FB
:10354000704743F00403DAE753695DF8044BC83B66
:103550005361704753695DF8044BC833536170473A
:10356000137C03F003030029CBD043F00403C8E726
:1035700088D00120244B1A6BD2E90010D368096867
:10358000006810B41842946801EA040134D0137C36
:1035900003F0030309BB43F008039908013B1174CE
:1035A0000D2B0ED8DFE803F0100722070D1C1010BA
:1035B0001C0D072207105169137E01390133516137
:1035C00013765DF8044B7047137E51690133013166
:1035D00013765DF8044B5161704743F00403DAE75A
:1035E00053695DF8044BC83B5361704753695DF8FC
:1035F000044BC83353617047137C03F00303002965
:10360000CBD043F00403C8E788D00120254BD3F882
:10361000D420D2E90010D3680968006810B41842B9
:10362000946801EA040134D0137C03F0030309BB5E
:1036300043F008039908013B11740D2B0ED8DFE805
:1036400003F0100722070D1C10101C0D0722071095
:103650005169137E01390133516113765DF8044BD2
:103660007047137E51690133013113765DF8044BC5
:103670005161704743F00403DAE753695DF8044B86
:10368000C83B5361704753695DF8044BC8335361BD
:103690007047137C03F003030029CBD043F00403ED
:1036A000C8E700BF88D00120244B1A6ED2E9001071
:1036B000D3680968006810B41842946801EA0401EC
:1036C00034D0137C03F0030309BB43F008039908CB
:1036D000013B11740D2B0ED8DFE803F01007220711
:1036E0000D1C10101C0D072207105169137E0139A3
:1036F0000133516113765DF8044B7047137E5169B5
:103700000133013113765DF8044B5161704743F08A
:103710000403DAE753695DF8044BC83B5361704713
:1037200053695DF8044BC83353617047137C03F051
:1037300003030029CBD043F00403C8E788D001205D
:10374000254BD3F8C420D2E90010D368096800687B
:1037500010B41842946801EA040134D0137C03F0D9
:10376000030309BB43F008039908013B11740D2BB7
:103770000ED8DFE803F0100722070D1C10101C0DF7
:10378000072207105169137E013901335161137605
:103790005DF8044B7047137E516901330131137694
:1037A0005DF8044B5161704743F00403DAE7536955
:1037B0005DF8044BC83B5361704753695DF8044B97
:1037C000C83353617047137C03F003030029CBD047
:1037D00043F00403C8E700BF88D00120254BD3F88D
:1037E000A420D2E90010D3680968006810B4184218
:1037F000946801EA040134D0137C03F0030309BB8D
:1038000043F008039908013B11740D2B0ED8DFE833
:1038100003F0100722070D1C10101C0D07220710C3
:103820005169137E01390133516113765DF8044B00
:103830007047137E51690133013113765DF8044BF3
:103840005161704743F00403DAE753695DF8044BB4
:10385000C83B5361704753695DF8044BC8335361EB
:103860007047137C03F003030029CBD043F004031B
:10387000C8E700BF88D00120254BD3F8B420D2E997
:103880000010D3680968006810B41842946801EA0F
:10389000040134D0137C03F0030309BB43F0080395
:1038A0009908013B11740D2B0ED8DFE803F01007C7
:1038B00022070D1C10101C0D072207105169137EE2
:1038C00001390133516113765DF8044B7047137E63
:1038D00051690133013113765DF8044B5161704732
:1038E00043F00403DAE753695DF8044BC83B5361C6
:1038F000704753695DF8044BC83353617047137CBC
:1039000003F003030029CBD043F00403C8E700BF52
:1039100088D00120244B5A6ED2E90010D368096880
:10392000006810B41842946801EA040134D0137C92
:1039300003F0030309BB43F008039908013B11742A
:103940000D2B0ED8DFE803F0100722070D1C101016
:103950001C0D072207105169137E01390133516193
:1039600013765DF8044B7047137E516901330131C2
:1039700013765DF8044B5161704743F00403DAE7B6
:1039800053695DF8044BC83B5361704753695DF858
:10399000044BC83353617047137C03F003030029C1
:1039A000CBD043F00403C8E788D00120244B5A6FE2
:1039B000D2E90010D3680968006810B4184294680E
:1039C00001EA040134D0137C03F0030309BB43F084
:1039D00008039908013B11740D2B0ED8DFE803F0A2
:1039E000100722070D1C10101C0D0722071051692B
:1039F000137E01390133516113765DF8044B704732
:103A0000137E51690133013113765DF8044B516126
:103A1000704743F00403DAE753695DF8044BC83B91
:103A20005361704753695DF8044BC8335361704765
:103A3000137C03F003030029CBD043F00403C8E751
:103A400088D00120254BD3F88420D2E90010D36818
:103A50000968006810B41842946801EA040134D07F
:103A6000137C03F0030309BB43F008039908013BEF
:103A700011740D2B0ED8DFE803F0100722070D1C80
:103A800010101C0D072207105169137E01390133F4
:103A9000516113765DF8044B7047137E5169013311
:103AA000013113765DF8044B5161704743F0040314
:103AB000DAE753695DF8044BC83B536170475369BB
:103AC0005DF8044BC83353617047137C03F0030364
:103AD0000029CBD043F00403C8E700BF88D0012001
:103AE000254BD3F89420D2E90010D3680968006808
:103AF00010B41842946801EA040134D0137C03F036
:103B0000030309BB43F008039908013B11740D2B13
:103B10000ED8DFE803F0100722070D1C10101C0D53
:103B2000072207105169137E013901335161137661
:103B30005DF8044B7047137E5169013301311376F0
:103B40005DF8044B5161704743F00403DAE75369B1
:103B50005DF8044BC83B5361704753695DF8044BF3
:103B6000C83353617047137C03F003030029CBD0A3
:103B700043F00403C8E700BF88D00120244B5A68F3
:103B8000D2E90010D3680968006810B4184294683C
:103B900001EA040134D0137C03F0030309BB43F0B2
:103BA00008039908013B11740D2B0ED8DFE803F0D0
:103BB000100722070D1C10101C0D07220710516959
:103BC000137E01390133516113765DF8044B704760
:103BD000137E51690133013113765DF8044B516155
:103BE000704743F00403DAE753695DF8044BC83BC0
:103BF0005361704753695DF8044BC8335361704794
:103C0000137C03F003030029CBD043F00403C8E77F
:103C100088D00120244B1A6AD2E90010D3680968C1
:103C2000006810B41842946801EA040134D0137C8F
:103C300003F0030309BB43F008039908013B117427
:103C40000D2B0ED8DFE803F0100722070D1C101013
:103C50001C0D072207105169137E01390133516190
:103C600013765DF8044B7047137E516901330131BF
:103C700013765DF8044B5161704743F00403DAE7B3
:103C800053695DF8044BC83B5361704753695DF855
:103C9000044BC83353617047137C03F003030029BE
:103CA000CBD043F00403C8E788D00120244BDA6965
:103CB000D2E90010D3680968006810B4184294680B
:103CC00001EA040134D0137C03F0030309BB43F081
:103CD00008039908013B11740D2B0ED8DFE803F09F
:103CE000100722070D1C10101C0D07220710516928
:103CF000137E01390133516113765DF8044B70472F
:103D0000137E51690133013113765DF8044B516123
:103D1000704743F00403DAE753695DF8044BC83B8E
:103D20005361704753695DF8044BC8335361704762
:103D3000137C03F003030029CBD043F00403C8E74E
:103D400088D00120254BD3F89C20D2E90010D368FD
:103D50000968006810B41842946801EA040134D07C
:103D6000137C03F0030309BB43F008039908013BEC
:103D700011740D2B0ED8DFE803F0100722070D1C7D
:103D800010101C0D072207105169137E01390133F1
:103D9000516113765DF8044B7047137E516901330E
:103DA000013113765DF8044B5161704743F0040311
:103DB000DAE753695DF8044BC83B536170475369B8
:103DC0005DF8044BC83353617047137C03F0030361
:103DD0000029CBD043F00403C8E700BF88D00120FE
:103DE000254BD3F88C20D2E90010D368096800680D
:103DF00010B41842946801EA040134D0137C03F033
:103E0000030309BB43F008039908013B11740D2B10
:103E10000ED8DFE803F0100722070D1C10101C0D50
:103E2000072207105169137E01390133516113765E
:103E30005DF8044B7047137E5169013301311376ED
:103E40005DF8044B5161704743F00403DAE75369AE
:103E50005DF8044BC83B5361704753695DF8044BF0
:103E6000C83353617047137C03F003030029CBD0A0
:103E700043F00403C8E700BF88D00120254BD3F8E6
:103E80008820D2E90010D3680968006810B418428D
:103E9000946801EA040134D0137C03F0030309BBE6
:103EA00043F008039908013B11740D2B0ED8DFE88D
:103EB00003F0100722070D1C10101C0D072207101D
:103EC0005169137E01390133516113765DF8044B5A
:103ED0007047137E51690133013113765DF8044B4D
:103EE0005161704743F00403DAE753695DF8044B0E
:103EF000C83B5361704753695DF8044BC833536145
:103F00007047137C03F003030029CBD043F0040374
:103F1000C8E700BF88D00120244B5A69D2E90010BD
:103F2000D3680968006810B41842946801EA040173
:103F300034D0137C03F0030309BB43F00803990852
:103F4000013B11740D2B0ED8DFE803F01007220798
:103F50000D1C10101C0D072207105169137E01392A
:103F60000133516113765DF8044B7047137E51693C
:103F70000133013113765DF8044B5161704743F012
:103F80000403DAE753695DF8044BC83B536170479B
:103F900053695DF8044BC83353617047137C03F0D9
:103FA00003030029CBD043F00403C8E788D00120E5
:103FB000244B9A6ED2E90010D3680968006810B4E7
:103FC0001842946801EA040134D0137C03F003031F
:103FD00009BB43F008039908013B11740D2B0ED85F
:103FE000DFE803F0100722070D1C10101C0D07223C
:103FF00007105169137E01390133516113765DF861
:10400000044B7047137E51690133013113765DF81B
:10401000044B5161704743F00403DAE753695DF8DC
:10402000044BC83B5361704753695DF8044BC83378
:1040300053617047137C03F003030029CBD043F096
:104040000403C8E788D00120244BDA6ED2E90010BF
:10405000D3680968006810B41842946801EA040142
:1040600034D0137C03F0030309BB43F00803990821
:10407000013B11740D2B0ED8DFE803F01007220767
:104080000D1C10101C0D072207105169137E0139F9
:104090000133516113765DF8044B7047137E51690B
:1040A0000133013113765DF8044B5161704743F0E1
:1040B0000403DAE753695DF8044BC83B536170476A
:1040C00053695DF8044BC83353617047137C03F0A8
:1040D00003030029CBD043F00403C8E788D00120B4
:1040E000254BD3F89820D2E90010D36809680068FE
:1040F00010B41842946801EA040134D0137C03F030
:10410000030309BB43F008039908013B11740D2B0D
:104110000ED8DFE803F0100722070D1C10101C0D4D
:10412000072207105169137E01390133516113765B
:104130005DF8044B7047137E5169013301311376EA
:104140005DF8044B5161704743F00403DAE75369AB
:104150005DF8044BC83B5361704753695DF8044BED
:10416000C83353617047137C03F003030029CBD09D
:1041700043F00403C8E700BF88D00120244B9A69AC
:10418000D2E90010D3680968006810B41842946836
:1041900001EA040134D0137C03F0030309BB43F0AC
:1041A00008039908013B11740D2B0ED8DFE803F0CA
:1041B000100722070D1C10101C0D07220710516953
:1041C000137E01390133516113765DF8044B70475A
:1041D000137E51690133013113765DF8044B51614F
:1041E000704743F00403DAE753695DF8044BC83BBA
:1041F0005361704753695DF8044BC833536170478E
:10420000137C03F003030029CBD043F00403C8E779
:1042100088D00120244B9A6FD2E90010D368096836
:10422000006810B41842946801EA040134D0137C89
:1042300003F0030309BB43F008039908013B117421
:104240000D2B0ED8DFE803F0100722070D1C10100D
:104250001C0D072207105169137E0139013351618A
:1042600013765DF8044B7047137E516901330131B9
:1042700013765DF8044B5161704743F00403DAE7AD
:1042800053695DF8044BC83B5361704753695DF84F
:10429000044BC83353617047137C03F003030029B8
:1042A000CBD043F00403C8E788D00120244BDA6F59
:1042B000D2E90010D3680968006810B41842946805
:1042C00001EA040134D0137C03F0030309BB43F07B
:1042D00008039908013B11740D2B0ED8DFE803F099
:1042E000100722070D1C10101C0D07220710516922
:1042F000137E01390133516113765DF8044B704729
:10430000137E51690133013113765DF8044B51611D
:10431000704743F00403DAE753695DF8044BC83B88
:104320005361704753695DF8044BC833536170475C
:10433000137C03F003030029CBD043F00403C8E748
:1043400088D00120244B1A6FD2E90010D368096885
:10435000006810B41842946801EA040134D0137C58
:1043600003F0030309BB43F008039908013B1174F0
:104370000D2B0ED8DFE803F0100722070D1C1010DC
:104380001C0D072207105169137E01390133516159
:1043900013765DF8044B7047137E51690133013188
:1043A00013765DF8044B5161704743F00403DAE77C
:1043B00053695DF8044BC83B5361704753695DF81E
:1043C000044BC83353617047137C03F00303002987
:1043D000CBD043F00403C8E788D00120244B1A68EF
:1043E000D2E90010D3680968006810B418429468D4
:1043F00001EA040134D0137C03F0030309BB43F04A
:1044000008039908013B11740D2B0ED8DFE803F067
:10441000100722070D1C10101C0D072207105169F0
:10442000137E01390133516113765DF8044B7047F7
:10443000137E51690133013113765DF8044B5161EC
:10444000704743F00403DAE753695DF8044BC83B57
:104450005361704753695DF8044BC833536170472B
:10446000137C03F003030029CBD043F00403C8E717
:1044700088D00120254BD3F8C820D2E90010D3689A
:104480000968006810B41842946801EA040134D045
:10449000137C03F0030309BB43F008039908013BB5
:1044A00011740D2B0ED8DFE803F0100722070D1C46
:1044B00010101C0D072207105169137E01390133BA
:1044C000516113765DF8044B7047137E51690133D7
:1044D000013113765DF8044B5161704743F00403DA
:1044E000DAE753695DF8044BC83B53617047536981
:1044F0005DF8044BC83353617047137C03F003032A
:104500000029CBD043F00403C8E700BF88D00120C6
:10451000254BD3F8D820D2E90010D3680968006889
:1045200010B41842946801EA040134D0137C03F0FB
:10453000030309BB43F008039908013B11740D2BD9
:104540000ED8DFE803F0100722070D1C10101C0D19
:10455000072207105169137E013901335161137627
:104560005DF8044B7047137E5169013301311376B6
:104570005DF8044B5161704743F00403DAE7536977
:104580005DF8044BC83B5361704753695DF8044BB9
:10459000C83353617047137C03F003030029CBD069
:1045A00043F00403C8E700BF88D00120254BD3F8AF
:1045B000B020D2E90010D3680968006810B418422E
:1045C000946801EA040134D0137C03F0030309BBAF
:1045D00043F008039908013B11740D2B0ED8DFE856
:1045E00003F0100722070D1C10101C0D07220710E6
:1045F0005169137E01390133516113765DF8044B23
:104600007047137E51690133013113765DF8044B15
:104610005161704743F00403DAE753695DF8044BD6
:10462000C83B5361704753695DF8044BC83353610D
:104630007047137C03F003030029CBD043F004033D
:10464000C8E700BF88D00120244B9A68D2E9001047
:10465000D3680968006810B41842946801EA04013C
:1046600034D0137C03F0030309BB43F0080399081B
:10467000013B11740D2B0ED8DFE803F01007220761
:104680000D1C10101C0D072207105169137E0139F3
:104690000133516113765DF8044B7047137E516905
:1046A0000133013113765DF8044B5161704743F0DB
:1046B0000403DAE753695DF8044BC83B5361704764
:1046C00053695DF8044BC83353617047137C03F0A2
:1046D00003030029CBD043F00403C8E788D00120AE
:1046E000254BD3F8D020D2E90010D36809680068C0
:1046F00010B41842946801EA040134D0137C03F02A
:10470000030309BB43F008039908013B11740D2B07
:104710000ED8DFE803F0100722070D1C10101C0D47
:10472000072207105169137E013901335161137655
:104730005DF8044B7047137E5169013301311376E4
:104740005DF8044B5161704743F00403DAE75369A5
:104750005DF8044BC83B5361704753695DF8044BE7
:10476000C83353617047137C03F003030029CBD097
:1047700043F00403C8E700BF88D00120254BD3F8DD
:10478000CC20D2E90010D3680968006810B4184240
:10479000946801EA040134D0137C03F0030309BBDD
:1047A00043F008039908013B11740D2B0ED8DFE884
:1047B00003F0100722070D1C10101C0D0722071014
:1047C0005169137E01390133516113765DF8044B51
:1047D0007047137E51690133013113765DF8044B44
:1047E0005161704743F00403DAE753695DF8044B05
:1047F000C83B5361704753695DF8044BC83353613C
:104800007047137C03F003030029CBD043F004036B
:10481000C8E700BF88D00120254BD3F89020D2E90B
:104820000010D3680968006810B41842946801EA5F
:10483000040134D0137C03F0030309BB43F00803E5
:104840009908013B11740D2B0ED8DFE803F0100717
:1048500022070D1C10101C0D072207105169137E32
:1048600001390133516113765DF8044B7047137EB3
:1048700051690133013113765DF8044B5161704782
:1048800043F00403DAE753695DF8044BC83B536116
:10489000704753695DF8044BC83353617047137C0C
:1048A00003F003030029CBD043F00403C8E700BFA3
:1048B00088D00120244BDA68D2E90010D368096857
:1048C000006810B41842946801EA040134D0137CE3
:1048D00003F0030309BB43F008039908013B11747B
:1048E0000D2B0ED8DFE803F0100722070D1C101067
:1048F0001C0D072207105169137E013901335161E4
:1049000013765DF8044B7047137E51690133013112
:1049100013765DF8044B5161704743F00403DAE706
:1049200053695DF8044BC83B5361704753695DF8A8
:10493000044BC83353617047137C03F00303002911
:10494000CBD043F00403C8E788D00120254BD3F82F
:10495000A820D2E90010D3680968006810B4184292
:10496000946801EA040134D0137C03F0030309BB0B
:1049700043F008039908013B11740D2B0ED8DFE8B2
:1049800003F0100722070D1C10101C0D0722071042
:104990005169137E01390133516113765DF8044B7F
:1049A0007047137E51690133013113765DF8044B72
:1049B0005161704743F00403DAE753695DF8044B33
:1049C000C83B5361704753695DF8044BC83353616A
:1049D0007047137C03F003030029CBD043F004039A
:1049E000C8E700BF88D00120254BD3F8AC20D2E91E
:1049F0000010D3680968006810B41842946801EA8E
:104A0000040134D0137C03F0030309BB43F0080313
:104A10009908013B11740D2B0ED8DFE803F0100745
:104A200022070D1C10101C0D072207105169137E60
:104A300001390133516113765DF8044B7047137EE1
:104A400051690133013113765DF8044B51617047B0
:104A500043F00403DAE753695DF8044BC83B536144
:104A6000704753695DF8044BC83353617047137C3A
:104A700003F003030029CBD043F00403C8E700BFD1
:104A800088D00120254BD3F8C020D2E90010D3688C
:104A90000968006810B41842946801EA040134D02F
:104AA000137C03F0030309BB43F008039908013B9F
:104AB00011740D2B0ED8DFE803F0100722070D1C30
:104AC00010101C0D072207105169137E01390133A4
:104AD000516113765DF8044B7047137E51690133C1
:104AE000013113765DF8044B5161704743F00403C4
:104AF000DAE753695DF8044BC83B5361704753696B
:104B00005DF8044BC83353617047137C03F0030313
:104B10000029CBD043F00403C8E700BF88D00120B0
:104B2000244B1A69D2E90010D3680968006810B4F0
:104B30001842946801EA040134D0137C03F00303A3
:104B400009BB43F008039908013B11740D2B0ED8E3
:104B5000DFE803F0100722070D1C10101C0D0722C0
:104B600007105169137E01390133516113765DF8E5
:104B7000044B7047137E51690133013113765DF8A0
:104B8000044B5161704743F00403DAE753695DF861
:104B9000044BC83B5361704753695DF8044BC833FD
:104BA00053617047137C03F003030029CBD043F01B
:104BB0000403C8E788D00120254BD3F8B820D2E9F8
:104BC0000010D3680968006810B41842946801EABC
:104BD000040134D0137C03F0030309BB43F0080342
:104BE0009908013B11740D2B0ED8DFE803F0100774
:104BF00022070D1C10101C0D072207105169137E8F
:104C000001390133516113765DF8044B7047137E0F
:104C100051690133013113765DF8044B51617047DE
:104C200043F00403DAE753695DF8044BC83B536172
:104C3000704753695DF8044BC83353617047137C68
:104C400003F003030029CBD043F00403C8E700BFFF
:104C500088D00120254BD3F8BC20D2E90010D368BE
:104C60000968006810B41842946801EA040134D05D
:104C7000137C03F0030309BB43F008039908013BCD
:104C800011740D2B0ED8DFE803F0100722070D1C5E
:104C900010101C0D072207105169137E01390133D2
:104CA000516113765DF8044B7047137E51690133EF
:104CB000013113765DF8044B5161704743F00403F2
:104CC000DAE753695DF8044BC83B53617047536999
:104CD0005DF8044BC83353617047137C03F0030342
:104CE0000029CBD043F00403C8E700BF88D00120DF
:104CF000254BD3F88020D2E90010D36809680068FA
:104D000010B41842946801EA040134D0137C03F013
:104D1000030309BB43F008039908013B11740D2BF1
:104D20000ED8DFE803F0100722070D1C10101C0D31
:104D3000072207105169137E01390133516113763F
:104D40005DF8044B7047137E5169013301311376CE
:104D50005DF8044B5161704743F00403DAE753698F
:104D60005DF8044BC83B5361704753695DF8044BD1
:104D7000C83353617047137C03F003030029CBD081
:104D800043F00403C8E700BF88D001200000000002
:104D900043782DE9F04104462DED028B82B0002BC3
:104DA00000F0A1800378002B00F0848003690F4697
:104DB00082690221DFF8D48193424269D8F8005019
:104DC000C8BF8361C368D8F800609342B8BF43612D
:104DD000D0E9012313448360C369ED1A036A604874
:104DE000F61A1EF0F5FC37B1384622F0A9F8014654
:104DF00038461EF0EDFCA36922695A495A481BF057
:104E0000FBFE6369E268594957481BF0F5FE07EE5F
:104E1000905A5749B8EE675AD4ED027A5248B8EE24
:104E2000E76AD4ED017AB7EEC55A524FB8EEE77A89
:104E300007EE906AB7EEC66AB8EE678AB7EEC77A31
:104E40009FED414BB7EEC88A85EE043B88EE042BFC
:104E500087EE037B86EE025B53EC172B8DED005B38
:104E60001BF0CAFE032144481EF0B2FCA7FB05312B
:104E70000A22002389093C481BF0CCFE03213F484D
:104E80001EF0A6FC3E4B9E424FD84EF660239E423B
:104E90003ED8A7FB067100230A22334889091BF07C
:104EA000B9FE012137481EF093FC012136481EF05F
:104EB0008FFC09E0DFF8D48042F20F7283618360D7
:104EC000D8F80030426103620023D8F8002042F293
:104ED0000F7163602370E261C4E9031302B0BDEC9B
:104EE000028BBDE8F081294942F20F728361836031
:104EF0000D68086801212562E26063602370E0614B
:104F00006170C4E9043202B0BDEC028BBDE8F081EF
:104F10009FED0F0B0121144888EE000B1BF090FE53
:104F200001211B481EF054FCBFE79FED0B0B012134
:104F30000D4888EE000B1BF083FE012115481EF082
:104F400047FCB2E7AFF300800000000000408F4054
:104F500000000000004CED400000000040774B4195
:104F6000143E0020F82300202831012004240020D2
:104F700010240020D34D6210242400202824002077
:104F800080EE3600B4410020084B0020F4D9012007
:104F90002C2400209021002038B5037B04460D46C8
:104FA00093B900680F4AA36812680F49D31AA26028
:104FB000A1FB03139B09B0FBF3F00023A84223607D
:104FC0002CBF401B002038BD1CF0DEFA237B1BB930
:104FD000206800232373E5E7D4E900329B1A1844C4
:104FE000F7E700BFF4D90120D34D621000000000A4
:104FF0005B4B1B6830B5044683B08362092938D8FF
:10500000DFE801F04716163705272737055790F8D0
:105010005130042B0AD00020A17C84F8520084F87F
:105020005310002A78D1042384F8513003B030BDE6
:1050300090F85130022BF9D0407C002184F85200C6
:1050400084F85310002A5FD1022384F8513003B052
:1050500030BD90F85130032BE8D00020A17C84F8BB
:10506000520084F85310002A5ED1032384F8513093
:10507000DCE790F85130002BD8D00025026C39497C
:10508000A0F85250384800951BF0B6FD84F85150F6
:10509000CCE790F85130012BC8D0407C002184F837
:1050A000520084F85310002A4ED1012384F8513065
:1050B000BCE790F85130052B21D0417CB6EE084B6F
:1050C00006EE101A817C07EE101AB8EEC66BB8EE29
:1050D000C77B26EE046B9FED205BFCEEC66B27EED4
:1050E000057B16EE900A84F85200FCEEC77B17EEA3
:1050F000901A84F85310FAB9052384F8513000232C
:1051000084F8303003B030BD0220226C1549009085
:1051100015481BF071FD97E70420226C114900909F
:1051200011481BF069FD7EE70320226C0D490090B9
:105130000D481BF061FD98E70520226C094900909D
:1051400009481BF059FDD7E70120226C0549009062
:1051500005481BF051FDA8E79A9999999999E93F5B
:10516000F4D901203024002028310120F0B587B087
:105170001EF008FBC4B2632C00F0A280672C00F084
:10518000C9806C2C00F0AC806D2C73D06E2C00F0BC
:10519000D180A4F10A03692B00F2A680DFE813F0A6
:1051A0008E00A400A4008E00A400A400A400A4000B
:1051B000A400A400A400A400A400A400A400A400CF
:1051C000A400A400A400A400A400A400A400A400BF
:1051D000A400A400A400A400A400A400A400A400AF
:1051E000A400A400A400A400A400A4008E003F0119
:1051F00061010C0115011A0130017A0189013102A6
:10520000A400A400A400A400A400A400A400A4007E
:10521000A400A400A400A400A400A400A400A4006E
:10522000A400A400A400A400A400A400A400A4005E
:105230007401A400A400A400A400A400A400A4007D
:10524000A400A400A400A400A400A400A400A4003E
:10525000A400A400A400A400A400A400A400A4002E
:10526000A400A400A400A400A400A400A400A4001E
:10527000EC015A021EF042FA002835DD1EF082FAD7
:105280003038A44CC3B2A4496846052B9CBF2268A1
:1052900013701BF0F9FD694603A81BF013FE236889
:1052A00003A819781BF080FE01469C481BF056FCB1
:1052B00003A81BF023FE68461BF020FE07B0F0BDDC
:1052C000974C1B219748237883F0010323701EF02D
:1052D0007FFA2178914807B0BDE8F0401BF064BC2C
:1052E0001EF00CFA002840DC8F498C48FDF754FB77
:1052F000214600230A2289481BF08CFC8B498748F1
:10530000FDF74AFB01E01EF03DFA1EF0F7F9002818
:10531000F9D1D3E71EF0F2F900287FF73AAF1EF07B
:1053200031FA3038C1B20529C8D801228048FFF7C8
:105330005FFEC3E71EF0E2F920B11EF0BDF9C0B276
:1053400032282BD07B4C16217B4A23787B4883F074
:105350000103237082F883341EF03AFA21786F48F3
:1053600007B0BDE8F0401BF01FBC1EF00BFAC0B246
:10537000A0F13004E3B2052BA0D800EB80036C4A07
:105380006F4903EB830365485B00603B1374FDF7D3
:1053900003FB3221614804FB01F19CE71EF0F2F9A6
:1053A000684C694923785D4883F001032370FDF759
:1053B000F3FA217859488EE70023012163481A4601
:1053C00007B0BDE8F04008F02BBF012300225F4882
:1053D0001946F5E75E4C00235C4E0F21251D1A4649
:1053E000304608F01DFFA5423FF468AF002314F8D3
:1053F000011F30461A4608F013FFA542F6D15DE7BB
:10540000534C0F21514E251D01230022304608F038
:1054100007FFAC423FF452AF14F8011FF4E74D4EC2
:105420001CF0B2F804463578002D00F02A81012DD9
:1054300000F04181022D00F04B811CF0A5F8464997
:1054400005463648FDF7A8FA291B00230A223348EF
:105450001BF0E0FB4149314807B0BDE8F040FDF7E3
:105460009BBA3F4E1CF090F804463578002D00F0B2
:10547000FB80012D00F01281022D00F036811CF01E
:1054800083F838490546DCE74FF0E023364AC3F895
:105490000C2D13E72E4C0F212C4E251D0123BB2272
:1054A000304608F0BDFEA5423FF408AF14F8011FD6
:1054B000F4E7274C0023254F0F21251D26463846AB
:1054C0001A4608F0ADFEAE4208D0002316F8011FC0
:1054D00038461A4608F0A4FEAE42F6D12349244AC3
:1054E000244B48681268A3FB02329623920C03FBFC
:1054F00002F24B681B1A9A42FBD80F21134E01236C
:10550000BB22304608F08CFEA5423FF4D7AE14F81B
:10551000011FF4E76CD60120881A002028310120F1
:1055200066DA0120501A0020A41C0020CC1C0020A8
:1055300074CB012062DA0120F87D0120B81A002026
:105540006C1A002063DA0120A01A002074D8012010
:10555000A82200204ADA0120AC1B0020B41B002046
:105560004BDA0120581C00200400FA05001000E06E
:105570002431012083DE1B4362496348FDF70CFAA6
:105580006249634800230C6842F20F724360C461B1
:105590000C680370836004620C68C0E90323C0E9EF
:1055A00005235C48C4610C68436003708360046237
:1055B0000C68C0E90323C0E905235748C4610C689F
:1055C000436003708360C0E90323C0E905230462DC
:1055D00052480C684360C4610C68037004628360C5
:1055E0000C680968C0E90523C0E903234C48C0E9F9
:1055F000032343600370426183600162C0E90634A3
:105600005CE6484C8823012547493F4884F8A5308B
:1056100084F8305184F82F51FDF7BEF92946204611
:1056200008F0C6FAD8B941493748FDF7B5F9E02383
:10563000012535483E4984F8A53084F8305184F876
:105640002F51FDF7A9F92946364808F0B1FA20B9DB
:10565000364900E7374C3849A4E63849FBE6374974
:105660002948FDF799F9E2E735492748FDF794F90C
:1056700001232A460E21334808F0D2FD012333705E
:10568000FDE631492048FDF787F901232A460F211D
:105690002C4808F0C5FD01233370CEE62B491A488B
:1056A000FDF77AF92B46ED220E21264808F0B8FDC9
:1056B00002233370E3E626491348FDF76DF92B46C4
:1056C000ED220F211F4808F0ABFD02233370B4E632
:1056D00020490D48FDF760F900230F2119481A46AB
:1056E00008F09EFD00233370A7E61B490648FDF72E
:1056F00053F900230E2113481A4608F091FD0023A8
:105700003370BCE6D01A002028310120F4D90120E2
:1057100004D6012028D6012084D80120A8D8012051
:1057200044D501207C330120601C0020781C00201F
:10573000901C002067DA0120F01A0020801C002055
:10574000B81B002074D80120081B0020E41B002097
:10575000381B00207C1B0020281C00201A4A30B572
:1057600092F8983083B0C3F19603092B1BDC01AB90
:1057700018461EF0D7FDC1B2022912D0032908BF76
:10578000042101221148FFF733FC0D201BF050FFCC
:1057900001460D20B1FA81F149091BF01FFF03B04A
:1057A00030BD0521EDE792F88C4001AB92F88D10E9
:1057B000002014440131657811446070184621F0CE
:1057C000DDFA65700346D3E774D7012074CB01205E
:1057D0002DE9F047DFF8A89241F28832416A82B0A1
:1057E000D9F8003004465B1A934200F2AC80D9F835
:1057F000003040F6B832A16A5B1A934200F28F8003
:10580000D9F80030216AA28D5B1A9A4275D2D9F874
:105810000030274604F1130604F11F0ADFF8648202
:10582000236297F84C30023B012B03D894F82E30BA
:10583000002B69D197F84D302046217CC3EB033211
:1058400097F84E50A8FB02320123D20901FB02F265
:10585000A8FB02127178C2F3CF1208F0E1FC217CA0
:10586000C5EB053235460123A8FB02022046D209CA
:1058700001FB02F2A8FB0212B178C2F3CF1208F0CA
:10588000CFFC0123002215F8031F204608F0C8FCB6
:10589000554507F105072E46C3D194F82E3083F005
:1058A000010384F82E3043BBD9F800200121A08DDC
:1058B00084F82F3002EB5003628E84F83010A3EB93
:1058C00052036363D9F800209A421AD9012327466C
:1058D00004F10C082646DFF8ACA184F82F3097F8C5
:1058E00050300537002B40F09C800336B045F6D190
:1058F00094F82F302BB1636B3FE094F83030002BDD
:1059000036D102B0BDE8F087F51C16F8011F01235F
:105910000022204608F084FCAE42F6D1B8E7D9F860
:10592000002094F85130A262002B3FF469AF0025AB
:10593000226C5149A4F85250504800951BF05CF974
:1059400084F851505CE790F84C30032B3FF44FAF94
:10595000817C0325002280F84E1080F84D204649B6
:105960000095C26B45481BF047F984F84C503EE760
:1059700094F82F20636B002AA4D0628ED9F800100F
:1059800013448B42BDD24FF0000A264604F11305A2
:1059900004F11F0984F830A096F85030DFF8E48055
:1059A0004BB9EF1C4F453D4606F10506A9D096F8C8
:1059B0005030002BF5D096F84C30023B012B4FD9DC
:1059C00096F84D30204696F84E70C3EB0332697856
:1059D000A8FB0232237CD20903FB02F2A8FB0232AD
:1059E0000123C2F3CF1208F01BFCA978C7EB0732E2
:1059F0002F462046A8FB0232237CD20903FB02F289
:105A0000A8FB02320123C2F3CF1208F009FC0123E4
:105A1000002217F8031F204608F002FC86F850A069
:105A2000C0E7E57C2046317D0123002208F0F8FB29
:105A3000717D01232046002208F0F2FBB17DC5EB09
:105A400005322046AAFB0232237CD20903FB02F274
:105A5000AAFB02320123C2F3CF1208F0E1FB44E7B4
:105A6000EF1C15F8011F01230022204608F0D8FB87
:105A7000BD42F6D1D2E700BF3024002028310120FA
:105A8000F4D901208180808006EE902A00F588629A
:105A90002DE9F043B8EEE61B06EE903A044600F519
:105AA0008467B8EEE64B00F5826004F586662DED5E
:105AB000028B83B0C4F84814DDED0C6ADDED0F5A9B
:105AC000B8EEE62BDDED0D6AB8EEE55B119BB8EEA6
:105AD000E63BDDED0E6A9FEDAA8BB8EEE66B9FED1F
:105AE000AA7B9FEDAB0BA6EE087BDDED106AB8EE4E
:105AF000E66B25EE005B26EE006B21EE001B24EE2C
:105B0000004B32EE052B33EE063B9FEDA30B80EDF1
:105B1000001B07ED024BB4EEC07B02ED025BF1EE21
:105B200010FA87ED002BA8BF37EE407B82ED006BAB
:105B3000B5EEC07B06ED023BF1EE10FA03D59FED0A
:105B4000966B37EE067B94F883249FED956B27EEDA
:105B5000067B86ED007BC4F86834002A40F0848020
:105B6000954D2A68D4F80014521AC4F888242A687B
:105B7000C4F800242A68C4F8902494F8812412B947
:105B8000012284F88424012213F0010503F00208A5
:105B900003F0040984F8822484F88124C3F3C10249
:105BA000C4F8782431D0B8F1000F3DD0B9F1000F1E
:105BB00049D02DB3D4F87834012B40F39A8016EDF8
:105BC000027BB5EE407BF1EE10FA00F08B8004F51D
:105BD0008E6597ED000B80EE070B1EF055F89FEDDC
:105BE000727B20EE070B012194F8833485ED000BC6
:105BF00084F88014002B40F09280704C84ED000BF0
:105C000003B0BDEC028BBDE8F08311216C481DF0A0
:105C1000DFFD29466B481AF0C7FF04216A481DF0D2
:105C2000D7FDB8F1000FC1D1102168481DF0D0FD9B
:105C3000414664481AF0B8FF042163481DF0C8FDCE
:105C4000B9F1000FDCD1132161481DF0C1FD002125
:105C50005C481AF0A9FF04215B4803B0BDEC028B3D
:105C6000BDE8F0431DF0B4BD534D022159481DF06D
:105C7000AFFD002329680A2252481AF0CBFFB4F87E
:105C8000982455494F481AF0B7FFD4F800342968D2
:105C90000A224C48C91A00231AF0BCFF01214F48C0
:105CA0001DF096FDD4F848144D4B4648A3FB012344
:105CB0004FF47A729B0902FB13114A4B0A22A3FB91
:105CC00001310023C9081AF0A5FF012143481DF046
:105CD0007FFD02213B4896ED000B1AF0B1FFD4F88E
:105CE00068343EE79FED2A6B37EE067B06ED027BBC
:105CF0006DE794F88334002B3BD00E213A4804F52D
:105D00008E651DF065FDD4F878142E481AF04CFF0E
:105D100095ED000B9FED267B20EE070B63E72F48E8
:105D2000264C1DF055FD0221264895ED000B1AF07A
:105D300087FFB6EE007B94ED006B95ED000B36EE21
:105D4000475BB4EEC50BF1EE10FA07D936EE077BD0
:105D5000B4EEC70BF1EE10FAFFF650AF2349194825
:105D60008DED000B53EC162B1AF046FF95ED000B52
:105D700044E7022117481DF02BFDBEE7AFF300807A
:105D80002D431CEBE2361A3F0000000000208C403F
:105D90007B14AE47E17A843F000000000020AC4055
:105DA0009A9999999999B93FF8C1631ADCA54CC0A1
:105DB000CDCCCCCCCCCCEC3FF4D90120E07C012084
:105DC0001023002028310120AC24002024230020AF
:105DD00038230020143E0020FC2200206C4E0020BE
:105DE000D34D6210CDCCCCCC4C2300205C230020C2
:105DF00070B5044686B01BF0C7FBD4F80834A5681C
:105E0000C01A072DC4F88C046FD03C2D40F0D1800F
:105E1000E07FA27F617F42EA002294F8235094F849
:105E2000330094F8223041EA022194F8322043EA08
:105E3000052394F8315042EA002294F8570094F870
:105E400055E045EA022594F8562094F82AC042EA23
:105E5000002294F82F004EEA022E94F82B204CEAF0
:105E6000022C94F82E2042EA002294F8540040EAD2
:105E70000E20059094F8300040EA0520029094F836
:105E8000270094F8265045EA002594F8290040EAB6
:105E90000C2094F82DC04CEA022C94F83B2004927C
:105EA00094F83A20039294F8212042EA032294F8CD
:105EB000253043EA052394F8245045EA032394F857
:105EC000205045EA0222257F45EA012194F82C5012
:105ED00045EA0C25019594F8285045EA002520460E
:105EE0000095FFF7D1FD06B070BD94F8333094F8FB
:105EF000320094F8312040EA032094F8303094F8CE
:105F0000375042EA002294F8361094F8830443EAAA
:105F1000022394F83B2041EA0521E57E06EE103A83
:105F200094F83A3043EA022394F83520B8EEC66B71
:105F300042EA012294F8391041EA032194F83430FE
:105F400043EA022304F58C6205EE103A94F83830E7
:105F50009FED377BB8EEC55B43EA0123A17E26EEB9
:105F6000076B41EA0521384D25EE075B07EE103A35
:105F7000637EB8EEC77B43EA0123217E9FED2E4B63
:105F800041EA032694F82F3027EE047B84F84C3442
:105F900004F58A6383ED005B02ED026B82ED007B0A
:105FA000F0B92A682B68C4F80424C4F8943406B005
:105FB00070BD112125481DF00BFC00231022E9B211
:105FC00023481AF027FE052122481DF001FC00237A
:105FD000102221791E4806B0BDE870401AF01ABEA2
:105FE00002211D481DF0F4FB296800230A221848ED
:105FF0001AF010FE0C2119481DF0EAFBD4F8043405
:1060000029680A221248C91A00231AF003FE012146
:1060100013481DF0DDFB07EE906A02210C48B8EE34
:10602000677B9FED070B87EE000B1AF009FEB8E7C0
:1060300048AFBC9AF2D77A3EFCA9F1D24D62503FEC
:106040000000000000408F40F4D90120E022002031
:1060500028310120F4220020143E0020D02200200C
:106060006C4E0020B52970B50D4604462BD0622930
:1060700018D02378022B07D0033B052B11D8DFE87B
:1060800003F04B5E728BA3B3237C0321627C2B4411
:1060900065602170DBB21A44237494F8833462740F
:1060A0007BBB70BD0378012BE4D10221002290F864
:1060B000833401700282002BF3D005216F48BDE8C4
:1060C00070401DF085BB4369002BD2DA01230370B9
:1060D0001BF05AFA94F88334C4F80804002BE0D07B
:1060E000022167481DF074FB664900230A220968F3
:1060F00065481AF08FFD09216448BDE870401DF025
:1061000067BB63481DF064FB2946002310225E48EC
:10611000BDE870401AF07EBD237C0421627C2B44D4
:10612000A5602170DBB21A44237494F8833462743E
:10613000002BB6D056495448FCF72EFCE4E7237CEC
:106140000520627C2B4494F88314E560DBB2207058
:106150001A44237462740029A3D04E494A48BDE80A
:106160007040FCF719BC237C0620E1682B44627C5C
:1061700001EB05212070DBB20020E1601A4494F8A5
:10618000831460612374627400298AD042493E48B6
:10619000BDE87040FCF700BC237CEAB2617C13448C
:1061A000DBB21944237463696174E11801330A7620
:1061B00094F883246361002A50D1E2689A427FF404
:1061C00070AF0723237070BD237CAB421AD1082225
:1061D00094F883342270002B3FF463AF2F492A4890
:1061E000BDE87040FCF7D8BB637CAB4220D194F88B
:1061F0008334002B3CD12046FFF7FAFD4FF0FF33EC
:10620000636170BD00254FF0FF3302211C486361BC
:1062100025701DF0DDFA1B492B460A2209681A4831
:106220001AF0F8FC10211E48BDE870401DF0D0BAED
:1062300000254FF0FF3302211148636125701DF0E6
:10624000C7FA10492B460A2209680F481AF0E2FCE7
:1062500010211448BDE870401DF0BABA0A4812492E
:10626000FCF79AFB294608481AF09EFC6369A4E7EC
:106270000E490548FCF790FBBDE700BFB4230020A2
:10628000143E0020F4D9012028310120A823002049
:10629000BC230020C0230020C4230020C8230020EA
:1062A000CC230020E42300206C4E0020E0230020BB
:1062B0009FED9D7B90ED042B9FED9D3B9FED9E1BE5
:1062C00022EE072B90ED164B90ED0E5B22EE032B8A
:1062D00024EE014B25EE075B90ED086B10B532EE16
:1062E000067B044680ED0A4B37EE447B80ED0E5B67
:1062F000B5EEC07B80ED042BF1EE10FA03D59FEDD7
:10630000904B37EE047B9FED904BB4EEC47BF1EEE7
:1063100010FAC0F2F7809FED8E4BB4EEC47BF1EE25
:1063200010FA00F2EF80B1EE477B9FED854BB4EEA3
:10633000C47BF1EE10FAC8BF37EE447B9FED864B6D
:1063400084ED067BB4EEC47BF1EE10FA05D59FED2B
:106350007C4B37EE047B84ED067BB0EEC74B9FEDA4
:10636000803BB4EEC34BF1EE10FA40F1D7809FEDC5
:106370006E3BA7EE036B9FED724B9FED777BB4EE08
:10638000C46BF1EE10FAC8BF36EE446BB4EEC76BC7
:1063900084ED086BF1EE10FA05D59FED697B36EEC2
:1063A000076B84ED086BB7EEC55B32EE067B94EDB0
:1063B000124BB7EEC55A9FED6C1B34EE454B9FED6B
:1063C000602B24EE016BB4EEC27B94ED023B9FED9B
:1063D000680BF1EE10FAA3EE006BC8BF37EE427BFC
:1063E00084ED004BB5EEC07BF1EE10FA84ED026B4C
:1063F00003D59FED536B37EE067B0C2162489FED72
:106400005E6B27EE067B84ED0C7B1DF0E1F95F48A7
:106410001AF0D6FB09215E481DF0DAF902215B482B
:1064200094ED160B1AF00CFC58481AF0C9FB0A211F
:1064300058481DF0CDF90221544894ED120B1AF082
:10644000FFFB52481AF0BCFB0C2153481DF0C0F969
:106450004E481AF0B5FB132150481DF0B9F902213E
:106460004A4894ED040B1AF0EBFB48481AF0A8FBDD
:1064700006214B481DF0ACF90221444894ED0E0B67
:106480001AF0DEFB41481AF09BFB0F2145481DF036
:106490009FF93E481AF094FB0F2143481DF098F9EC
:1064A00002213A4894ED080B1AF0CAFB37481AF05B
:1064B00087FB0B213D481DF08BF90221334894EDF9
:1064C000000B1AF0BDFB31481AF07AFB1121384855
:1064D0001DF07EF902212D4894ED020B1AF0B0FB5D
:1064E0002A481AF06DFB0E2132481DF071F9022185
:1064F000264894ED0C0B1AF0A3FB2448BDE810408D
:106500001AF05EBB9FED124BB4EEC47B9FED0C4BBB
:10651000F1EE10FA05DD34EE477B06E79FED183B00
:1065200027E737EE047BFEE69A9999999999B93F46
:10653000399D52A246DF91BF399D52A246DF913F5D
:10654000182D4454FB211940182D4454FB21F9BF48
:10655000182D4454FB21F93F182D4454FB2119C038
:106560000AD7A3703D0AC73F333333333333D33FA6
:10657000666666666666E63FF8C1631ADCA54C404F
:106580009A9999999999C93F982700202831012013
:10659000A8270020B4270020C0270020D0270020F3
:1065A000E4270020EC270020FC2700200C280020F6
:1065B000182800202C2800202DE9F047844C84B0B6
:1065C0001AF0E2FF012394F89850824EC5F1960527
:1065D00070609D42337300F3AF80002D00F39D8007
:1065E0007D4B012293F8811483F8802409B983F844
:1065F00084240122794F7A4C83F881243A68C3F8C5
:10660000902494F86030002B34D176481DF086FE3B
:10661000754D94F8603085ED000B002B66D1734BFF
:10662000042B00F0C680724A403595ED000B9FEDBB
:10663000647B137820EE070B85ED000B002B5ED0FA
:106640000A22002339686B481AF0E4FA6A4969485B
:106650001AF0D2FA01A820F073FC01AB02381844FA
:106660001DF060FE014663481AF09EFA61481AF078
:10667000A7FA44E061481DF055FE07EE900A604B12
:10668000B8EEE77B5F4D604829469FED4F6B27EEE4
:10669000067BBDEEC77B17EE102A9A5CFCF764F907
:1066A0005A481DF03BFE4F4884ED120B1DF036FE9C
:1066B000B5F90030204606EE103AB5F9023007EE83
:1066C000103AB8EEC66BB8EEC77B84ED160B84EDBE
:1066D000046B84ED0E7BFFF7EBFD94F86030002B2C
:1066E00093D0414BD4E90C01C3E9000194ED020BB6
:1066F000474D3F4A137885ED000B002BA0D11AF0CF
:1067000043FF337B23B1D6E900329B1A0344336045
:106710000023337304B0BDE8F08794F8955000234C
:1067200094F8961001A82544013121446C786B70CF
:1067300020F024FB6C7053E794F894704FF000093C
:1067400094F895102744DFF89C80194497F801A02D
:106750004046214487F8019020F010FB022D87F875
:1067600001A0DAD094F8937008F1080094F894101E
:106770002744013197F801A0214487F8019020F0C7
:10678000FDFA042D87F801A0C7DD94F8915094F824
:106790009200254401306F78204485F801901DF067
:1067A000C1FD6F7094F89850C8F81000C5F19605B7
:1067B00013E7164840351DF0B1FD9AE7AFF30080AE
:1067C000CDCCCCCCCCCCEC3F9A9999999999B93F46
:1067D00074D70120FCCB0120F87D0120F4D90120E1
:1067E000F07C0120A088012028820120388501202A
:1067F00062DA012028310120741700204CD60120D4
:10680000C422002038D50120C8D40120A888012046
:10681000688201200B484FF0FF0C01210F22037802
:1068200080F80DC0437190F801C0837283780172C3
:106830004FF4967180F806C080F80BC0C3710373E3
:106840001BF03CB93444012070B501201AF08CFFD4
:1068500004460220E4B21AF087FF40F6641360F3A6
:106860000F24A4B29C421C4C25D0022201211B48BB
:1068700004F10F05C4F596761BF020F90F224FF4B2
:10688000967117481BF01AF9A0191AF06DFF04F859
:10689000010BAC42F8D12A2112481CF099FF4FF4A9
:1068A000C87111480D221BF009F923210F48BDE8DA
:1068B00070401CF08DBF04F10F05C4F59676A01949
:1068C0001AF052FF04F8010BAC42F8D1222108481B
:1068D000BDE870401CF07CBF34440120F42F01203F
:1068E00098220020BC2000201C3F0120E82000202E
:1068F0000C210020D0E90021C3681268096810B497
:106900001942846802EA040234D0037C03F00303D2
:106910000ABB43F008039A08013B02740D2B0ED802
:10692000DFE803F0100722070D1C10101C0D0722D2
:1069300007104269037E013A0133426103765DF834
:10694000044B70474269037E01325DF8044B01330A
:1069500042610376704743F00403DAE743695DF868
:10696000044BC83B4361704743695DF8044BC8332F
:1069700043617047037C03F00303002ACBD043F04C
:106980000403C8E70B4610B5362800F29782DFE80B
:1069900010F08C0282027902700267025E025502D8
:1069A0004C0243023A02310228021F02BF01B60123
:1069B000AD01A4019B0192018901800177016E0163
:1069C00065015C0153014A01410138012F01260193
:1069D0001D0113010901FF00F500EB00E100D700E4
:1069E000CD00C300B900AF00A5009B009100870057
:1069F0007D00730069005F0055004B0041003700C7
:106A0000C84C0422C8493620C4F8D8301BF068F8B6
:106A1000012010BDC34C0422C4493520C4F8D43031
:106A20001BF05EF8012010BDBE4C0422C04934208A
:106A3000C4F8D0301BF054F8012010BDB94C04222A
:106A4000BC493320C4F8CC301BF04AF8012010BDFB
:106A5000B44C0422B8493220C4F8C8301BF040F8C6
:106A6000012010BDAF4C0422B4493120C4F8C43019
:106A70001BF036F8012010BDAA4C0422B04930208A
:106A8000C4F8C0301BF02CF8012010BDA54C042226
:106A9000AC492F20C4F8BC301BF022F8012010BDF7
:106AA000A04C0422A8492E20C4F8B8301BF018F8D6
:106AB000012010BD9B4C0422A4492D20C4F8B43001
:106AC0001BF00EF8012010BD964C0422A0492C208A
:106AD000C4F8B0301BF004F8012010BD914C042222
:106AE0009C492B20C4F8AC301AF0FAFF012010BDED
:106AF0008C4C042298492A20C4F8A8301AF0F0FFE0
:106B0000012010BD874C042294492920C4F8A430E8
:106B10001AF0E6FF012010BD824C04229049282083
:106B2000C4F8A0301AF0DCFF012010BD7D4C042217
:106B30008C492720C4F89C301AF0D2FF012010BDE8
:106B4000784C042288492620C4F898301AF0C8FFEF
:106B5000012010BD734C042284492520C4F89430D0
:106B60001AF0BEFF012010BD6E4C04228049242083
:106B7000C4F890301AF0B4FF012010BD694C042213
:106B80007C492320C4F88C301AF0AAFF012010BDE4
:106B9000644C042278492220C4F888301AF0A0FFFF
:106BA000012010BD5F4C042274492120C4F88430B8
:106BB0001AF096FF012010BD5A4C04227049202083
:106BC000C4F880301AF08CFF012010BD554C04220F
:106BD0006C491F20E3671AF083FF012010BD514C60
:106BE000042269491E20A3671AF07AFF012010BD14
:106BF0004C4C042265491D2063671AF071FF012087
:106C000010BD484C042262491C2023671AF068FF1B
:106C1000012010BD434C04225E491B20E3661AF09C
:106C20005FFF012010BD3F4C04225B491A20A36680
:106C30001AF056FF012010BD3A4C04225749192082
:106C400063661AF04DFF012010BD364C04225449F2
:106C5000182023661AF044FF012010BD314C042295
:106C600050491720E3651AF03BFF012010BD2D4C61
:106C700004224D491620A3651AF032FF012010BDF1
:106C8000284C04224949152063651AF029FF012088
:106C900010BD244C04224649142023651AF020FF1D
:106CA000012010BD1F4C042242491320E3641AF056
:106CB00017FF012010BD1B4C04223F491220A36482
:106CC0001AF00EFF012010BD164C04223B49112082
:106CD00063641AF005FF012010BD124C04223849EC
:106CE000102023641AF0FCFE012010BD0D4C04227C
:106CF00034490F20E3631AF0F3FE012010BD094C64
:106D0000042231490E20A3631AF0EAFE012010BDCF
:106D1000044C04222D490D2063631AF0E1FE01208A
:106D200010BD00BF88D00120112300000D14000009
:106D3000E12400007D2500007522000041150000BF
:106D400085280000552A0000B929000079160000A6
:106D5000AD230000E92700004D270000DD150000ED
:106D6000490F0000451B0000E11E0000E118000073
:106D700019260000E11B00007D1C000045180000E2
:106D8000F12A0000AD20000015200000AD17000022
:106D900045210000491E0000B11D0000151700002C
:106DA000A9140000190E0000E90C0000810D00007C
:106DB000AD110000510C0000B90B0000210B0000C8
:106DC000DD120000151100007D100000E50F00002D
:106DD0003B4C04223B490C2023631AF081FE012026
:106DE00010BD374C042238490B20E3621AF078FEBC
:106DF000012010BD324C042234490A20A3621AF04B
:106E00006FFE012010BD2E4C04223149092063621F
:106E10001AF066FE012010BD294C04222D490820DD
:106E200023621AF05DFE012010BD254C04222A4980
:106E30000720E3611AF054FE012010BD204C04220B
:106E400026490620A3611AF04BFE012010BD1C4C00
:106E500004222349052063611AF042FE012010BD7F
:106E60000422174C1F49104623611AF039FE0120F5
:106E700010BD134C04221C490320E3601AF030FEBD
:106E8000012010BD0E4C042218490220A3601AF004
:106E900027FE012010BD044609480422144943601E
:106EA00001201AF01DFE204610BD054C0422114998
:106EB000002023601AF014FE012010BD002010BD38
:106EC00088D001207513000045120000890A0000D7
:106ED000B10E0000151A0000AD1A00007D1F000061
:106EE000191D000021290000B526000049240000DA
:106EF0007D190000DD210000F0B56F4E0D46816860
:106F00008DB033680446027B5B1A9A4201D2437DFE
:106F1000E3B9206803681B69984788B12068036853
:106F20009B699847AA28206803680CD11B69984779
:106F3000122805DD206803685B699847AA280ED0EF
:106F400000200DB0F0BD5B699847F9E70023437559
:106F5000002DDED11B2159481CF03AFCD9E72068EE
:106F600003685B699847AA28EAD1112207A920681B
:106F700019F01CFF0028E3D00DF11B020DF12B00CE
:106F8000002312F8011F0B449042DBB2F9D19DF8A7
:106F90002C209A42D4D1206803681B699847074681
:106FA00083B22BB3012D23D0454901A819F06CFF02
:106FB00001A904A819F086FF316804A81AF01CF88A
:106FC000404919F0E3FFB9B21AF002F83E4919F04E
:106FD000DDFF01463D4819F0C1FD04A819F08EFF00
:106FE00001A819F08BFF03E0206803685B699847EC
:106FF000206803681B6998470028F5DC2269132A7A
:107000004ED89DF81E1001329DF81D30226103EB11
:107010000123E08BA1881AB210FA83F307EE902ABD
:107020005B1AA283B8EEE77BE383A2809FED206B1F
:1070300027EE067BBDEEC77B17EE103A1BB2002B86
:1070400001DA03F56163E3829DF820309DF81F208B
:107050009DF8220002EB03229DF82130316803EBFA
:10706000002312B2A1601BB206EE102A012207EE25
:10707000103AB8EEC66B1046B8EEC77B62759FED4E
:107080000C5B26EE056B27EE057BBDEEC66BBDEEF9
:10709000C77B16EE103A238317EE103A638350E74E
:1070A00000232361E383A380E382CDE7AFF3008075
:1070B0009A9999999999B93FF4D901205C240020B3
:1070C000143E0020782400209C2400202831012038
:1070D00038B504460322002502212346042003F884
:1070E000112BC4F811505D609D60DD601D619D82B3
:1070F0000123A56384F8301084F8393084F83B20EC
:1071000084F8310004F1540084F83A1084F83250C5
:10711000414984F83350E56325646564A564E564FA
:1071200084F8505019F0B0FE3C4904F1600019F0A9
:10713000ABFE3B4904F16C0019F0A6FE394904F19D
:10714000780019F0A1FE384904F1840019F09CFE82
:10715000364904F1900019F097FE354904F19C007E
:1071600019F092FE334904F1A80019F08DFE32495E
:1071700004F1B40019F088FE304904F1C00019F0A0
:1071800083FE2F4904F1CC0019F07EFE2D4904F155
:10719000D80019F079FE2C4904F1E40019F074FECE
:1071A0002A4904F1F00019F06FFE294904F1FC00AE
:1071B00019F06AFE274904F5847019F065FE264926
:1071C00004F58A7019F060FE244904F5907019F0F6
:1071D0005BFE234904F5967019F056FE214904F52B
:1071E0009C7019F051FE204904F5A27019F04CFE74
:1071F0001E4904F5A87019F047FE1D4B4FF6FF71AC
:107200001C4A1B682046C4F86C51A4F85C11C4E900
:107210005832C4E95C5538BD1C4F0020302700208F
:1072200034270020382700203C270020402700205A
:1072300044270020482700204C270020502700200A
:1072400054270020582700205C27002060270020BA
:1072500064270020682700206C270020702700206A
:1072600078270020802700208827002090270020F2
:10727000F4D901208813D0072DE9F043037887B0B3
:107280000546614C43B1D0F860112368B0F866211F
:107290005B1A9A42C0F09F8023686C46D5F81100B3
:1072A0000026D5F8151005F1110ED5F81920C5F8EE
:1072B0006031D5F81D3085F868610FC4B5F8253008
:1072C000D5F82100A38095F832302060EBB14F4C07
:1072D000287B2378834274D0431EDBB2012B7FD9F5
:1072E0004B490A78002A72D0013A00200A70494AB4
:1072F0001070012B56D94FF00008C14682F800806B
:1073000081F8008084F8008001E0984699466FF08B
:107310001000724605F12106401BD5E90A74831856
:10732000C3F1200CA3F1200127FA03F304FA0CFCAB
:1073300024FA01F143EA0C030B4303F0010302F8C2
:10734000013F9642EBD1AA7B6B7B003A85F82290F5
:1073500003F00101C3F3400318BF012285F8238025
:1073600085F8241085F8262095F85E2185F82530CB
:107370002AB91622694670461EF0AEFE30B1D5F825
:10738000703103B19847002385F85E3107B0BDE83E
:10739000F08395F8300000EB8003DBB20B7008B18E
:1073A000013B0B7091F8009092F80080B9F1000950
:1073B00018BF4FF00109B8F1000818BF4FF00108DD
:1073C000A5E71349013B0A78DBB2002A8CD1114AA8
:1073D0001078A8B98DE723210F481CF0F9F95BE775
:1073E0000C4A02280A49207016700E70D1D095F808
:1073F000313003EB8300C0B21070002BD2D0334683
:107400000138107075E700BFF4D9012050DA01206F
:107410004FDA01204EDA01205C25002070B50446C9
:107420002D4D0F212D481CF0D3F900230A2294F88A
:107430003010284619F0EEFB0F2129481CF0C8F93E
:1074400000230A2294F83110284619F0E3FB152195
:1074500024481CF0BDF900230A2294F83310284672
:1074600019F0D8FB132120481CF0B2F900230A229E
:1074700094F83210284619F0CDFB0B211B481CF064
:10748000A7F900230A2294F83410284619F0C2FB09
:107490000B2117481CF09CF900230A2294F83510A0
:1074A000284619F0B7FB0B2112481CF091F9002374
:1074B0000A2294F83610284619F0ACFB0B210E482E
:1074C0001CF086F994F83710284600230A22BDE8FC
:1074D000704019F09FBB00BF28310120B424002068
:1074E000C4240020D4240020EC2400200025002007
:1074F0000C25002018250020242500202DE9F84324
:1075000001241F4FDFF8888081461E4E00F13805A8
:1075100008211D481CF05CF90A2C35BF012100210F
:10752000384640461CF054F90A22002321463046D2
:10753000013419F06FFB022114481CF049F96B78F3
:107540000A2B35BF01210021384640461CF040F986
:1075500000230A2215F8011F304619F05BFB0121B8
:1075600038461CF035F929780C23304603FB01918D
:10757000543119F0F3FA192CCAD1BDE8F88300BFD1
:107580006C4E0020283101203025002030260020BC
:107590001C4F0020042A24D92DE9F04F16460A7802
:1075A0008BB00C46802A03D000200BB0BDE8F08FD2
:1075B0004A78812AF8D18A787F2AF5D1CA78054697
:1075C000C82A00F08C80CA2A0DD0E52A20D0EB2AE8
:1075D0005FD1272EE8D10378022B00F29981012098
:1075E000E3E700207047092EDED10278022A00F27C
:1075F0003A8190F87821002AD6D02279032A00F027
:107600002D822A78022ACFD9B44819F0D9FACBE7CB
:10761000102EC9D10278032A00F23281836A0293C4
:10762000C36A03936FF0040B04F1040905F1280702
:1076300005F1300AABEB0403A84E019302E0574575
:1076400000F0BE8019F8013F032A07F8013BF6D984
:10765000019900230A22304649444FF0000B19F0EB
:10766000D9FA9F493046FBF797F917F8018C48FA89
:107670000BF10BF1010B304601F0010119F094FA06
:10768000BBF1080FF3D197493046FBF785F92A780B
:10769000D5E7EC2A5AD11E2E86D10078022800F2B6
:1076A0004181231D05F138021C3413F8011F9C424F
:1076B00002F8011FF9D1022800F23B81B5F95C11F3
:1076C000002971DB2122023105F130001AF0F6F9B0
:1076D0002B78012B64D8012385F85E317FE7092ED2
:1076E0007FF462AF0278032A00F2A78090F8782135
:1076F000002A3FF459AF7C4A06AC95F828C095F8AB
:107700002970D5F8746107CA03C424F8022B120C3F
:1077100022708DF81DC08DF81E70002E00F0A18023
:107720005A680B21714B06A8059204AA0493B0472E
:107730002B78032B7FF638AF6D4A0B2106A8FBF799
:1077400043FA2B78032B3FF65FAF2DE7EE2A50D19B
:107750000E2E7FF429AF0278022A00F2EE806379C0
:10776000022A85F83030A37985F83130237A03F086
:107770000101C3F3400385F8331085F83230637A92
:1077800085F83430A37A85F83530E37A85F83630D9
:10779000237B85F8373091D92846FFF73FFE8DE7E8
:1077A000242154481CF014F82B780122022B85F870
:1077B0005E217FF614AF494819F002FA0120F4E681
:1077C000637B032AAB72A37BEB726BD82846FFF76F
:1077D00053FDD5E90A23DDE90210834208BF8A423E
:1077E0003FF4FDAED5F86C31002B3FF4F8AE98476E
:1077F000F5E60E2E7FF4D8AEEF2A7FF4D5AE0378EF
:10780000032B00F2248162792A72A2796A72E279EA
:107810002A73227A6A73627A003A18BF0122042B13
:10782000AA73E27AEA73227B2A7400F28D8000F058
:107830005681032B7FF6D3AEBDE72F4A3146204653
:107840000193FBF7C1F995F87821019B002A7FF499
:1078500052AF2B78032B7FF6A7AE28491F48FBF7C2
:107860009BF82B786EE7264A314620460193FBF7BA
:10787000ABF995F87821019B002A7FF4BEAEC0E6F3
:10788000204A31462046FBF79FF9AB6A2A780293DB
:10789000032AEB6A03937FF6C5AE104819F090F9FE
:1078A0002A78BFE60D4819F08BF917490B48FBF70A
:1078B00073F800230A22A97A084819F0ABF9134992
:1078C0000648FBF769F800230A22E97A034819F011
:1078D000A1F9024819F074F978E700BF28310120B6
:1078E000F02200206C4E002088060020E4280020B2
:1078F000C825002058260020B8250020D8250020C3
:10790000F425002004260020142600202426002030
:10791000864A27212046FBF757F92B78022B3FF6A2
:107920004AAF5CE62046824A1E21FBF74DF92878D3
:10793000B7E62846FFF7E2FDC0E67E4A314620461C
:10794000FBF742F92A780AE77B497C48FBF724F8E1
:1079500000230A22297A794819F05CF97849774896
:10796000FBF71AF800230A22A179744819F052F99A
:1079700074497248FBF710F800230A22697A6F48AD
:1079800019F048F970496D48FBF706F800230A2200
:10799000297B6A4819F03EF92B7B012B00F0C4804B
:1079A0006A496B4A022B18BF11466448FAF7F4FF84
:1079B00068496248FAF7F0FF00230A22697B5F48B2
:1079C00019F028F96B7B012B00F0AC806249604A0A
:1079D000022B18BF114659480026FAF7DDFF5F4910
:1079E0005648FAF7D9FF00230A22A97B534819F019
:1079F00011F95B4A5B4BA97B504801290CBF11462A
:107A000019464E4FFAF7C8FF57494C48FAF7C4FFDA
:107A100094F80B8048FA06F10136384601F001016E
:107A200019F0C2F8082EF5D1504900264348FAF75C
:107A3000B3FF277B414C47FA06F10136204601F09F
:107A4000010119F0B1F8082EF5D12B78F1E6484A7A
:107A50000E212046FBF7B8F82B78D4E66279CA2AC3
:107A60007FF4CFADA279CA2A7FF4CBAD072241497A
:107A700017208DF81C20149A0691127914998DF80C
:107A80001D20149A497992798DF8240014988DF864
:107A90001E10C479597918798DF81F209A79D5F874
:107AA00074318DF820408DF821008DF822108DF86A
:107AB0002320002B3FF4A5AD2F494FF0FF3206A83D
:107AC000CDE9041204AA0D2198472A78022A7FF6EC
:107AD0006BAD2A4A0D2106A8FBF776F891E52849F7
:107AE00000241648FAF758FF144EEF7B47FA04F1CA
:107AF0000134304601F0010119F056F8082CF5D197
:107B0000204900240D48FAF747FF0C4E2F7C47FA16
:107B100004F10134304601F0010119F045F8082C58
:107B2000F5D192E7184956E718493EE73426002078
:107B30004426002080260020A02600202831012095
:107B4000AC260020BC260020C02600209025002066
:107B500080250020D82600209C250020F02600202B
:107B6000A4250020B02500200C2700201827002085
:107B70009026002080817BCBE4280020C8250020AF
:107B8000242700202C270020942500208825002071
:107B900070B5262138481BF01BFE572137480125B8
:107BA0001BF016FE0021364806F0D2FA354C882329
:107BB0002021354884F8A53084F8305184F82F51BD
:107BC0001BF006FE2946204605F0F2FF00284DD1A5
:107BD00005212E481BF0FCFD2D492A4806F080F9AE
:107BE0009FED2C0A264806F013FA0121244806F0DE
:107BF000F1FA294C3D2129481BF0EAFD204D0023D4
:107C0000261D0F2128461A4606F00AFBB44208D06A
:107C1000002314F8011F28461A4606F001FBB4425F
:107C2000F6D11F4996241F4A1F4B48681268A3FBD0
:107C30000232920C04FB02F24B681B1A9A42FBD8E8
:107C40003E211A481BF0C4FD0123BB220F210C4822
:107C500006F0E6FA172116481BF0BAFD0123BB22F5
:107C60000E210748BDE8704006F0DABA0C21114831
:107C70001BF0AEFDB0E700BF84170020AC1700205A
:107C800074D801207C33012004180020781C0020C7
:107C900040420F0000C0BE44A82200202818002047
:107CA000001000E02431012083DE1B43681800200F
:107CB000A8180020801C00202DE9F041134C002161
:107CC000134F144E651D01E014F8011F3B6800229C
:107CD000304693F833309B1A18BF012306F0A0FA00
:107CE000A542F1D10123BB220D210A4806F098FAE2
:107CF0000123BB220321074806F092FA0123BB228D
:107D000007210448BDE8F04106F08ABAB0220020FD
:107D10006CD6012074D8012007EE100A0C490D48DA
:107D2000B8EE477A9FED086BB7EEC77A08B587EED5
:107D3000067B53EC172B18F05FFF01210648BDE8C6
:107D400008401BF045BD00BF000000000088C34094
:107D5000801F002028310120881F00202DE9F84FC6
:107D60000B4B1B7803BB0B4B5B78002B00F0A08107
:107D7000094B1B78002B37D1084D094FDFF824B091
:107D800000222B683A60CBF80030BDE8F88F00BFC6
:107D900067DA012004D6012066DA0120F4D9012037
:107DA000FCD9012068D50120C54B5B78002B00F081
:107DB0007F81C449C248FCF7EBFFC349C348FCF7C5
:107DC000E7FFC349C348FCF7E3FFC349C348FCF7D7
:107DD000DFFFC348C349FCF7DBFFC34818F0F0FEE0
:107DE000C24B1B78002BC7D0C14F3B7B002B40F010
:107DF000D1813C68BF4DBB682968BF4ACB1ABF4ED2
:107E0000B960A2FB032300229B093A60327BB4FBDA
:107E1000F3F4002A40F00D8231682A680027B36825
:107E2000B260D31AB44AB648A2FB0323DFF848B3C2
:107E300037609B09DFF84493B1FBF3F80F211BF087
:107E4000C7FC2046FFF768FF0121AE481BF0C0FCCD
:107E50003B46DBF800202968AB4F891AA2483E68F0
:107E60000A22B6FBF1F118F0D5FE0321A7481BF05A
:107E7000AFFC0E21A6481BF0ABFC99F80C30002B90
:107E800040F0C181D9F800002A684FF0000AD9F803
:107E900008309949D31AC9F80820C9F800A0A1FBF5
:107EA00003139B09B0FBF3F0A0422CBF001B002082
:107EB000FFF732FF0E2197481BF08AFC21469648B7
:107EC000FDF76AF8FFF728FF0E2194481BF080FCAD
:107ED00021469348FDF760F8FFF71EFF0E219148F9
:107EE0001BF076FC21469048FDF756F8FFF714FF8B
:107EF0000E218E481BF06CFC51468D48FDF74CF866
:107F0000FFF70AFF0E218B481BF062FC41468A48AE
:107F1000FDF742F8DFF86882FFF7FEFE0E21874882
:107F20001BF056FC51468648FDF736F8FFF7F4FE85
:107F30000E2184481BF04CFC98F80C30002B40F0CC
:107F40006D81D8F800002A68D8F80830C8F80820F1
:107F5000D31A694AA2FB03239B09B0FBF3F0002369
:107F6000C8F80030FFF7D8FEDFF818820E217648F7
:107F70001BF02EFC98F80C30002B40F03981D8F81B
:107F800000002A68D8F80830C8F80820D31A5A4ADE
:107F9000A2FB03239B09B0FBF3F00023C8F80030D9
:107FA000FFF7BAFEDFF8E0810E2168481BF010FCF5
:107FB00098F80C30002B40F01081D8F800002A68A7
:107FC000D8F80830C8F80820D31A4B4AA2FB03237C
:107FD0009B09B0FBF3F00023C8F80030FFF79CFECC
:107FE000DFF8A8810E215A481BF0F2FB98F80C30FC
:107FF000002B40F0E680D8F800002A68D8F8083056
:108000003D49D31AC8F80820A1FB03139B09B0FB14
:10801000F3F0A0424FF000032CBF001B0020C8F873
:108020000030FFF779FE0E214A481BF0D1FB2146B4
:108030004948FCF7B1FFDFF85881FFF76DFE0E21CC
:1080400046481BF0C5FB21464548FCF7A5FFFFF756
:1080500063FE0E2143481BF0BBFB21464248FCF760
:108060009BFFFFF759FE0E2140481BF0B1FB98F82B
:108070000C30002B40F09980D8F800002A68D8F81E
:1080800008301D49D31AC8F80820A1FB03139B0927
:10809000B0FBF3F0A0424FF000032CBF001B002008
:1080A000C8F80030FFF738FE0F4818F089FD67E682
:1080B00000232F492F4A0B80A2F8983479E600BF9D
:1080C00004D60120241600202C16002028D60120DA
:1080D0003416002084D801203C160020A8D80120A6
:1080E00044D50120441600202831012066DA012001
:1080F000D4CB0120F4D90120D34D6210E0820120BD
:10810000481600206C4E0020FCD901205816002093
:108110005C1600206C160020CC8201207C1600200A
:10812000E08601208C160020788801209C16002013
:1081300024CC0120AC16002098820120BC1600201F
:1081400010CC0120CC160020DC160020EC160020FC
:10815000FC1600200C170020E8CB01201C17002083
:10816000F48401202C170020E08801203C17002017
:1081700034DA0120F87D012068D501208C880120A7
:10818000FCCB0120A0CD0120B4CD01205CCB01208F
:1081900038CD012019F0F8F93B7B3C6813B17B68BE
:1081A000E41A044400233B7324E619F0EDF998F82F
:1081B0000C30002B48D1D8F80000002388F80C3090
:1081C0005CE719F0E1F998F80C30002B41D1D8F8B0
:1081D0000000002388F80C300FE719F0D5F998F863
:1081E0000C30DBBBD8F80000002388F80C30E6E642
:1081F00019F0CAF998F80C30D3BBD8F80000002366
:1082000088F80C30BDE619F0BFF999F80C3053BB73
:10821000D9F80000002389F80C3035E619F0B4F9DC
:1082200098F80C304BBBD8F80000002388F80C30CD
:1082300089E619F0A9F9337B316813B17368C91A5B
:10824000014400233373E8E5D8E900329B1A18444F
:10825000B3E7D8E900329B1A1844BAE7D8E90032EC
:108260009B1A1844C0E7D9E900329B1A1844D1E799
:10827000D8E900329B1A1844C1E7D8E900329B1AAA
:108280001844D2E710B50D4CA3796279134302D19B
:108290000B4B01221A70237A53B105211A2019F0D1
:1082A000D9F9237B074AB3FA83F35B09137510BD31
:1082B00002211A2019F0CEF9F3E700BF044601208D
:1082C0004F460120AC820120F8B512214B481BF02B
:1082D0007FFA9FED4B0A05201AF086F89FED480AB9
:1082E00006201AF081F80121042019F0B3F90021C9
:1082F000042019F073F90221084619F0ABF90221A4
:10830000032019F0A7F90521292019F0A3F9052167
:108310001B2019F09FF9012019F026FA04460220CB
:10832000E4B219F021FA40F6641360F30F24A4B20A
:108330009C4244D0334F02220121334819F0BEFB46
:1083400010226421384619F0B9FBC8212F480E22AB
:1083500019F0B4FB23212E481BF03AFA7978F0EE9D
:10836000086A7B792B4A5B1A07EE903AF8EEE77AB7
:1083700087EEA67A82ED007AFFF784FF0E21264869
:108380001BF026FA0C2018F0BFFE102018F0ECFEAF
:108390000521272019F05EF9204B012225212048D4
:1083A0001A701BF015FA1F4B93F85620032A05D0BC
:1083B000997C032283F85810A3F85620F8BD114F7A
:1083C0003C4607F11006C7F16405601919F0CCF9B5
:1083D00004F8010BB442F8D10C4C04F10E06C4F1C0
:1083E000C805601919F0C0F904F8010BB442F8D1BE
:1083F00026210D481BF0ECF9B0E700BFC81900209A
:10840000000C0F46E0D90120F42F01200446012082
:10841000DC19002060D601203021002053DA012031
:10842000281A002074CB0120001A002038B50D4610
:10843000044619F0A9F8084A084B0121D26B58608C
:1084400092F884201973042A00D038BD29462046AA
:10845000BDE83840FAF760BBB8D50120B4CD0120A3
:1084600038B5054619F090F80D4B01220D4CDB6B29
:10847000606093F884302273042B00D038BD0A4B1F
:10848000294618680EF028FA19F07EF8237B23B1EC
:10849000D4E900329B1A034423600023237338BDC0
:1084A000B8D50120B4CD0120B8D901202DE9F04183
:1084B00005460C46294804211BF08AF9A96B0023C4
:1084C0001022C978264818F0A5FB012125481BF089
:1084D0007FF9A96B00230A22C978214818F09AFB7A
:1084E000022121481BF074F934B120461EF028FD0A
:1084F000014620461BF06CF920461EF021FDC4B257
:10850000132C08D8194E013401213046E4B21BF077
:108510005FF9142CF7D12A6C1549114818F06CFB3F
:108520002B6C013B042B16D90424DFF848800C4F38
:108530000E4E2246AB6B4146384601349A5C18F029
:108540005BFB01213046E4B21BF042F92B6C224662
:10855000013B9C42EED3BDE8F08100BF3C250020EA
:108560002831012044250020482500206C4E0020A1
:108570004C25002058250020F0B5154E83B000246E
:108580003068034600F1C70103E0994284EA02041F
:1085900003D013F8012F2A2AF7D10E4F23110025FB
:1085A00069463A6804F00F048DF80150D35C8DF8E9
:1085B00000301DF08FFE3B6801A930681B5D8DF80F
:1085C00005508DF804301DF085FE03B0F0BD00BFEE
:1085D00044440120183F01207E4B0122F0B506469D
:1085E00085B07D4C1A70002800F0A6807B4B226875
:1085F00003CB106051607A4920681DF06BFE27683C
:1086000038461EF09DFC774B77491D883D52206807
:108610001DF060FE276838461EF092FC73493D52FB
:1086200020681DF057FE276838461EF089FC704907
:108630003D5220681DF04EFE276838461EF080FC33
:108640006C493D5220681DF045FE276838461EF0F3
:1086500077FC69493D5220681DF03CFE276838468A
:108660001EF06EFC65493D5220681DF033FE276800
:1086700038461EF065FC62493D5220681DF02AFE16
:10868000276838461EF05CFC5E493D5220681DF0AC
:1086900021FE276838461EF053FC5B493D52206896
:1086A0001DF018FE276838461EF04AFC57493D5217
:1086B00020681DF00FFE276838461EF041FC3D5231
:1086C000002E3FD0524920681DF004FE2668304637
:1086D0001EF036FC4F49355220681DF0FBFD266820
:1086E00030461EF02DFC4C49355220681DF0F2FD3D
:1086F000266830461EF024FC4849355220681DF09B
:10870000E9FD256828461EF01BFC454B1B882B52B3
:10871000FFF732FF256828461EF012FC414B1A88ED
:108720009B782A52284483702068FFF799FE3E4BBD
:108730001B7893BB05B0F0BD3C4B226803CB1060A7
:10874000516058E73A4E6A460221042096ED000B2C
:10875000B7EEC00B19F02EFB694620681DF0BAFD7C
:10876000276838461EF0ECFB3D5202AA0221042085
:1087700096ED100BB7EEC00B19F01CFB02A9206898
:108780001DF0A8FD266830461EF0DAFB355226683B
:1087900030461EF0D5FB3552B3E7264900230A22A6
:1087A0002548096818F036FA012124481BF010F812
:1087B000246834B120461EF0C3FB014620461BF05E
:1087C00007F81D4818F0FCF91D4B00221A7005B07F
:1087D000F0BD00BF5ADA012044440120B41F00203C
:1087E00008850120C41F0020148501202385012055
:1087F0002685012035850120388501203A85012014
:108800003E850120438501204F850120D4CD0120E4
:10881000B4880120BA880120C0880120C6880120C0
:108820003C190020143E002062DA0120BC1F002009
:1088300028820120F4D90120283101206C4E00202B
:1088400056DA012000000000F8B50D20012418F0D0
:10885000EFFE01460D20864DB1FA81F1490918F06D
:10886000BDFE844B84495A68844822441C700C70B5
:108870005A602C701BF056FD01462246804C814800
:10888000C9B2FCF7B5FB18F07FFE7F4A94F881343B
:108890001060ABB97D4E747D002C66D17C4E0A22EF
:1088A0004FF6FF7031461BF089FD7A4BB4711B7B8C
:1088B0003473B474002B00F0AA8000232B70F8BD31
:1088C00094F88034002B38D1734ED4F89024336858
:1088D00033689B1A962BF2D994F88134002BEED092
:1088E0006E4B1B78002BEAD0B4F898346432013315
:1088F000C4F89024A4F89834694B1B78002B40F0FE
:10890000A980022167481AF063FF00230A22316818
:10891000654818F07FF9012164481AF059FFB4F84E
:1089200098246349604818F067F900234FF0FF323C
:108930002B7084F880346261F8BD2B78002B76D1DF
:10894000554ED4F890243168891A322908D95349F0
:10895000097829B194F8847484F88034002F70D099
:1089600033689B1A962BBBD8F8BD4A481BF0DAFC3B
:1089700007EE900A4F4BB8EEE77B4F4C4F4821462D
:108980009FED396B27EE067BBDEEC77B17EE102AF5
:108990009A5CF9F7E9FF0A223D49B4F900001BF09F
:1089A0000DFD337D0A22002B35D14549B4F9020073
:1089B0001BF004FD0A224349B4F904001BF0FEFC3D
:1089C0003369B3B1B4F9082007EE903AB2EE044B24
:1089D000002305EE102AB8EE677B3361B8EEC55B65
:1089E00085EE076B26EE047BBDEEC77B17EE103AD3
:1089F0001BB20A22B6F91E00334923811BF0DEFCAC
:108A000000232381234B1B7B002B7FF456AF0120D7
:108A1000FFF7E2FD51E72B49B4F902001BF0CEFC51
:108A20000A222749B4F904001BF0C8FCC8E7194B17
:108A3000187B98B1002384F8803484F882342B703A
:108A400042E71C2121481AF0C3FED4F8902484F890
:108A500084743DE7144818F0B3F852E7FFF7BCFD03
:108A6000E8E700BFAFF300809A9999999999B93FC7
:108A700064DA012004D6012056DA0120388501206D
:108A8000F87D012074CB0120C0D40120AC820120EC
:108A9000B48801204CD60120F4D901206CDA0120E1
:108AA00062DA0120143E0020283101206C4E0020A3
:108AB000E81F0020C422002038D50120C8D401209E
:108AC000C0880120BA880120C6880120C81F002064
:108AD0002DE9F0439E4C83B018F056FD9D4D94F85F
:108AE000986001236860C6F196062B73002E00F390
:108AF000A1809DF80430413B122B00F20B81DFE88E
:108B000013F00F010901090115011B0121010901E0
:108B10000901090109010901090109010901090105
:108B200009010901130013000A228B4904201BF0DC
:108B300045FC94F89860C6F19606062E33DC874B08
:108B40001B787BB9FFF780FE18F01EFD2B7B23B14D
:108B5000D5E900329B1A03442B6000232B7303B02A
:108B6000BDE8F0837E4900230A227E48096818F098
:108B700051F87D4B7D4C1A887D497A4818F03CF8B5
:108B800001217C481AF024FE20461EF0D9F9023853
:108B900020441BF0C7FB0146724818F005F87148E5
:108BA00018F00EF8CEE794F88F704FF0000894F8A4
:108BB000901027447048013197F80190214487F8BC
:108BC00001801EF0DBF8072E87F80190B7D094F8EB
:108BD0008F1094F88E70013168482744214497F82B
:108BE000019087F801801EF0C9F8082E87F80190DF
:108BF000A5D094F88E1094F88D7001316048274408
:108C0000214497F8019087F801801EF0B7F80A2EEA
:108C100087F8019093DD94F88B6094F88C102644CB
:108C2000584801312144747886F801801EF0A6F876
:108C3000747084E794F89580002794F89610A04407
:108C40004A48194498F80190214488F801701EF0B0
:108C500095F8012E88F801903FF44BAF94F89510E9
:108C600094F8948001314848A044214498F8019038
:108C700088F801701EF082F8022E88F801903FF407
:108C800038AF94F8941094F8938001313F48A04491
:108C9000214498F8019088F801701EF06FF8032EB7
:108CA00088F801903FF425AF94F8931094F89280DF
:108CB00001313748A044214498F8019088F80170A8
:108CC0001EF05CF8042E88F801903FF412AF94F87F
:108CD000921094F8918001312E48A044214498F8D4
:108CE000019088F801701EF049F8052E88F801906F
:108CF0003FF4FFAE94F8906001A894F891102644D8
:108D0000013196F80180214477701EF037F886F81B
:108D10000180EEE60A22104900201BF04FFB08E715
:108D20000A220D4901201BF049FB02E70A220A49E9
:108D300002201BF043FBFCE60A22074906201BF039
:108D40003DFBF6E60A22044905201BF037FBF0E65E
:108D500074D70120FCCB01203885012062DA012084
:108D6000F4D901202831012034DA012008850120BE
:108D7000601700206C4E00203A8501203E850120BE
:108D8000438501204F850120148501202385012082
:108D900026850120358501202DE9F8437D4C18F00A
:108DA000F3FB7D4E012394F898507060C5F1960551
:108DB0003373002D13DC794B1B78002B40F0C880F7
:108DC000FFF742FD18F0E0FB337B23B1D6E9003218
:108DD0009B1A0344336000233373BDE8F88394F88F
:108DE0009580002794F89610A0446D48194498F88F
:108DF0000190214488F801701DF0C0FF012D88F812
:108E00000190D8D094F8951094F894800131654879
:108E1000A044214498F8019088F801701DF0AEFF3D
:108E2000022D88F80190C6D094F8941094F893809D
:108E300001315D48A044214498F8019088F8017000
:108E40001DF09CFF032D88F80190B4D094F8931086
:108E500094F8928001315548A044214498F801903B
:108E600088F801701DF08AFF042D88F80190A2D0C7
:108E700094F8921094F8918001314D48A044214417
:108E800098F8019088F801701DF078FF052D88F89A
:108E9000019090D094F8911094F890800131454859
:108EA000A044214498F8019088F801701DF066FFF5
:108EB000062D88F801903FF47EAF94F8901094F856
:108EC0008F8001313C48A044214498F8019088F8F3
:108ED00001701DF053FF072D88F801903FF46BAF30
:108EE00094F88F1094F88E8001313448A0442144C6
:108EF00098F8019088F801701DF040FF082D88F85F
:108F000001903FF458AF94F88E1094F88D800131A1
:108F10002B48A044214498F8019088F801701DF076
:108F20002DFF0C2D88F801907FF745AF94F88950FC
:108F300094F88A1025442348013121446C786F70DD
:108F40001DF01CFF154B6C701B78002B3FF438AFE5
:108F50001D4900230A221D48096817F05BFE1C4BBF
:108F60000F4C1A881B49194817F046FE01211A4870
:108F70001AF02EFC20461DF0E3FF023820441BF0BF
:108F8000D1F90146114817F00FFE104817F018FEEE
:108F900016E700BF74D70120FCCB012062DA012064
:108FA00008850120148501202385012026850120C4
:108FB00035850120388501203A8501203E85012034
:108FC000438501204F850120F4D90120283101205B
:108FD00034DA01204C1700206C4E0020F0B5A04C74
:108FE000A04B94F8E050C4F89C30042D72D8002DAA
:108FF00000F0338104F1A80C4FF0000E9A4EACF152
:1090000005039948472201E010F8012F13F8011FCA
:109010002D2A18BF914201D02D295CD19C45F3D156
:10902000924F4FF0000E924E7B1F9148472201E075
:1090300010F8012F13F8011F914218BF2D2A02D0FA
:109040002D2940F0F8809F42F2D194F8E050874FEC
:109050004FF0000E874E7B1F8648472201E010F834
:10906000012F13F8011F2D2A18BF914202D02D297C
:1090700040F0EA809F42F2D194F8E0507B4F4FF0ED
:10908000000E7D4E7B1F7C48472201E010F8012F27
:1090900013F8011F914218BF2D2A02D02D2940F04C
:1090A000B8809F42F2D194F8E050704F4FF0000E1C
:1090B000724E7B1F71484B2201E010F8012F13F80C
:1090C000011F2D2A18BF914202D02D2940F0AA80FD
:1090D0009F42F2D1F0BD0EF1010E0CF10C0C5FFAC3
:1090E0008EF39D428BD8A4220C2313FB052396E814
:1090F0000300E2180026E050117194F8E030604857
:1091000003EB43020133DDB204EB8202042D84F849
:10911000E05082F8A960C2F8AC00DBD8002D7FF4E3
:109120007FAF534EA4220C2313FB052396E80300C4
:10913000E2180026E050117194F8E030514803EB3A
:1091400043020133DDB204EB8202042D84F8E050C7
:1091500082F8A960C2F8AC00BCD8002D7FF477AFCC
:10916000444EA4220C2313FB052396E80300E218C7
:109170000026E050117194F8E030434803EB4302BD
:109180000133DDB204EB8202042D84F8E05082F852
:10919000A960C2F8AC009DD8002D7FF46FAF364EA9
:1091A000A4220C2313FB052396E80300E2180026F3
:1091B000E050117194F8E030344803EB430201337E
:1091C000DDB204EB8202042D84F8E05082F8A9603D
:1091D000C2F8AC003FF67EAF002D7FF466AF274E9D
:1091E000A4220C2313FB0523002596E80300E218B4
:1091F000E050117194F8E030254803EB430201334D
:1092000004EB820284F8E03082F8A950C2F8AC0086
:10921000F0BD0EF1010E0C375FFA8EF39D423FF662
:1092200031AFBDE70EF1010E0C375FFA8EF39D42B0
:109230003FF63FAFD4E70EF1010E0C375FFA8EF325
:109240009D423FF6F1AE6DE70EF1010E0C375FFA6D
:109250008EF39D423FF6FFAE83E7034E43E700BF28
:1092600074D70120E9080000C01800201CD8012094
:10927000C8180020D0180020D8180020E0180020BE
:10928000996B0000D168000085080000B943000018
:109290005D35000010B50E4C637D63B90D4817F0C5
:1092A0005FFA0D4817F05CFA0C4817F059FA0C4BAE
:1092B00001221A7010BD01212046FDF71DFE002875
:1092C000ECD101212046FDF717FE0028F3D0E5E799
:1092D000AC8201205832012018330120383101209E
:1092E0006CDA0120014B002118687047F4D9012085
:1092F0001D4B1A7830B472B91C4C01221A70D4F884
:1093000080201B4B42F44052C4F880200222194CAA
:109310001C601A60DB6F19B30144174D0138144A01
:109320002B6801F1FF3C154C07E004EB830101338E
:10933000096800F8011F844511D00F2BF5D9136877
:10934000590505D41368DB0402D413685905F9D50F
:1093500021460123096800F8011F8445EDD12B60E7
:10936000012030BC704700BF4DDA012000C00F4023
:1093700000C00C40400001007C39012040C00C407E
:10938000F0B50C4697B005462F21204616461F46DD
:109390001DF0D0F850B31B4BD3F800C00023441C81
:1093A000194A3C2107A8CDE90254CDE900C3CDE913
:1093B00004670CF0FBFC3A2807AB4FF02D0128BFE7
:1093C0003A200DF11B040DF15605C0F13C02184482
:1093D0001CF02EFF3E238DF8563014F8010F0021AB
:1093E00007F08EFBA542F8D117B0F0BD5C212046F6
:1093F0001DF0A0F8034BD3F800C000230028CFD005
:10940000CDE700BFF4D90120DC3F00200FB410B538
:1094100082B000210A4804AC01AB54F8042B01943B
:109420000CF044FF00210D2007F06AFB00210A2008
:1094300007F066FB02B0BDE8104004B0704700BF03
:1094400001E90000F0B56A4D00266A4CA5B0EF6B4B
:1094500020463E77F9F7FAF9B860EF6B601DF9F72F
:10946000F5F938616FF0FF00EF6B15F0A1FAA37802
:109470003221F8600AA8019363785F4A0093237849
:109480000CF094FCA3785D4A3221019317A863780D
:10949000009323780CF08AFC2846594D33460AA9DC
:1094A000584A14F0FBFD2B68002800F08680022B40
:1094B0005DDC0023544A17A94D4814F0EFFD2B68DA
:1094C00000286DD0022B47DC504B0A2293E80300A2
:1094D0000B0C0390ADF810100DF1120120788DF8EF
:1094E00012301AF06BFF03A81DF02AFD484B0A2228
:1094F0001E8803AB1E520130191860781AF05EFF07
:1095000003A81DF01DFD03AB01460A22A0785E52A0
:109510000131404C03AE19441AF050FF03A81DF06E
:109520000FFD03AB844603EB000E002303CC1A4669
:1095300046F80C00CEF8041021882D48AEF808102B
:10954000314614F0E3FE344B012818602B6819D023
:10955000022B40DC25B0F0BD304B40F2F512304913
:109560000320FFF70DFF2F48FFF750FFACE72B4B11
:1095700040F2EB122A490320FFF702FF2A48FFF7C7
:1095800045FF96E7022BE5DD244B40F20A222449F1
:109590000320FFF7F5FE2548FFF738FF25B0F0BDA3
:1095A000022B91DD1D4B40F2F9121D490320FFF7FC
:1095B000E7FE1F48FFF72AFF86E7022B7FF779AF08
:1095C000164B40F2EF1203201549FFF7D9FE194858
:1095D000FFF71CFF6DE7114B40F20E2210490320EC
:1095E000FFF7CEFE1448FFF711FF25B0F0BD00BF16
:1095F000B8D501203444012040210020582100200A
:10960000E4430120F9A00000F5AA00001422002084
:10961000883C00201C220020B8D9012070210020A5
:109620007C210020D4210020942100202822002029
:10963000F4210020B42100203C2200202DE9F04F2D
:10964000C3690746374C00F1200B90F8188085B0AD
:1096500090F810A0054690F81490334E84F80280DC
:1096600084F800A0304684F80190E37017F8013BBD
:10967000394633731DF082FB59462C481DF07EFBA2
:1096800001230F224FF496712372FF23204684F8A2
:10969000078084F80C80DFF8A880637384F805A045
:1096A00084F80AA084F8069084F80B9018F006FA63
:1096B0000D224FF4C871304618F000FAD8F8003087
:1096C000022B02DC05B0BDE8F08F194B12221949BC
:1096D0000320FFF755FE02972B785946164803934F
:1096E000EB690193AB690093D5E90423FFF78EFE84
:1096F000D8F80030022BE5DD0D4B13220D49032075
:10970000FFF73EFE337BE078A1782278CDE90010A8
:10971000CDE90263054963780848FFF777FE05B095
:10972000BDE8F08F344401204CD601205041012087
:10973000101F0020201F0020381F00205C1F002069
:10974000E44301202DE9F043DFF8FC8085B00746B3
:10975000444608F10F06C8F59675601918F004F82C
:1097600004F8010BB442F8D1DFF8C4904C4609F17B
:109770000D06C9F5C875601917F0F6FF04F8010B5E
:10978000B442F8D1294D2B68022B20DC98F8002038
:109790003C4699F80C3007F120063A6198F8012010
:1097A00098F802107A6198F80320B961FA612049AB
:1097B00004F8013B20461DF0E1FA1E4930461DF039
:1097C000DDFA2B68022B1BDC05B0BDE8F0831A4BD9
:1097D0001B221A490320FFF7D3FD99F80C3098F8A3
:1097E000002014491648CDE9029398F803300193FC
:1097F00098F80230009398F80130FFF707FEC5E7AC
:109800000D4B23220D490320FFF7BAFD3B78FD697C
:109810003146CDE90243D7E905303A69CDE9000583
:109820000848FFF7F3FD05B0BDE8F083E4430120ED
:109830004CD6012050410120DC1E0020201F0020BA
:109840005C1F0020EC1E0020344401204349444AA0
:109850004448F8B5CB6E444C43F44063CB66C2F841
:10986000E840C2F8E400D2F8E030002BFBDA3F48D1
:109870004FF480343E494FF48047C2F8E8404FF43B
:109880000044426800263B4B11403B4D052241F409
:109890000031416043F2E901C3F87421C3F8782133
:1098A0004BF2E902686840F440406860C5F88440C3
:1098B0000124C5F88870C3F87C132046C3F88413CC
:1098C000C3F88023C3F898133121C3F88823C3F861
:1098D0008C23C3F890230322C3F894131621C3F8F2
:1098E0009021C3F88C21C3F8A411C3F8A821C3F8B0
:1098F0009421C3F8A021C3F89821C3F89C21022227
:10990000C3F8B861C3F8B461C3F83024C3F8344471
:10991000C3F83844C3F83C44C3F84044C3F82C446B
:1099200017F0DEFD2046C5F8847017F0D9FD4FF022
:10993000E023C3F8846DBFF34F8FD3F8142D22F4C6
:109940008032C3F8142DBFF34F8F0C4A0C49C2F874
:1099500008124FF48022C3F80C21F8BD00C00F405C
:1099600000800D40012021000F10010000C00A40BE
:10997000FFDF7DFF00801F400040004200480120C3
:1099800009CD01002DE9F0410D46002301461022CA
:1099900012486C1E17F03EF90735DFF8508004219D
:1099A0000E4F0F4E0F4819F013FF14F8011F0F2927
:1099B0000DD900231022384617F02CF9AC424FF095
:1099C00001013046EFD1084B1970BDE8F08101214B
:1099D000404619F0FDFE2178EBE700BF2831012059
:1099E000F02200208C1F002061DA01201854002092
:1099F0002C4A2D4B107893ED007A07EE900A2B49F4
:109A0000F0EEC76AF8EEE77A67EE877AFDEEE77A5E
:109A100017EE903A1BB2002B18460B803CDB2FD17F
:109A2000F0EE087AF4EEE76AF1EE10FA26D55278F5
:109A300007EE902A1E4AF8EEE77A92ED007AE7EEFA
:109A4000267AFDEEE77A17EE902A12B29A4201DAF0
:109A500013460A8052429342164BB8BF0A809A7846
:109A600012B10A8852420A80DB7A33B1B1F9003070
:109A700013F1FA0F09DA41230B8070475279E5E7B9
:109A8000137903441BB20B80CAE7FA2BA8BFFA2351
:109A90009B1080331BB2EFE710791B1A1BB20B80AF
:109AA000BEE700BFE0D90120D8D901203ADA012071
:109AB00060D60120044601202DE9F0439B4B83B082
:109AC0009B49002201930B6AC3F3012308336B44C3
:109AD00013F8043CC0E90122C0E90322002B00F086
:109AE0000C8100F5804692499A20924B0324924AB9
:109AF0000025C6F85C021920C3F8A822D1F88420FA
:109B00008E4B42F47072C1F8842041F2B00186F8A5
:109B100065428B4A8B4CC3F8A400C3F89412C4F876
:109B20008C53C3F8A800C3F89812136823F00043BD
:109B30001360136843F0A04313601368DB01FCD586
:109B400053687F4943F008035360136843F0804330
:109B500013600B68DF02FCD40A68794B42F0007294
:109B60000A601A6812F00072FBD1754B1968CD01BA
:109B7000FCD5196841F400311960196841F480314D
:109B80001960196841F480511960196841F4005155
:109B90001960196841F480011960196841F40021C5
:109BA0001960196821F408411960596B41F4E021EA
:109BB0005963196841F400111960196841F0806116
:109BC00019601D68196805F0807541F0A0411960A1
:109BD0005B490B68DC01FCD50B68DFF874E123F00E
:109BE0000053DFF870C1564F0B6000234B621846DC
:109BF0008B62096803EB0E0103EB0C0401330901CE
:109C0000A400C860DBB288604860086020603968E2
:109C100001F07F0101318B42ECD3B864002438613C
:109C2000F96A3B6BF9623B633B68DFF82491444F70
:109C3000DFF8208119E03B6803F07F030133B2EBCA
:109C4000930F34BF4FF080634FF08C630B607B6BDE
:109C5000C3F300439B0703603B68013403F07F03B9
:109C6000E4B2013322469C421FD23B6804EB090157
:109C700004EB080003F07F03090180000133B2EB1D
:109C8000530FD8D34FF000630B603B68980003D5A7
:109C9000F8F714FEA042DFD801231F2C03FA04F3C7
:109CA00023D8BA6A1343BB62D6E73DB93B68244A5E
:109CB00023F080533B601368D901FCD4204A136819
:109CC00023F0805313601368DB01FCD4D6F85C22C8
:109CD00001211D4B03EB521302F01F029B0001FAFE
:109CE00002F21A6003B0BDE8F083A4F12001012361
:109CF0007A6A8B4013437B62AEE70B6A134A23F404
:109D00007F7343F480730B621368002B3FF4E9AE5A
:109D10000B4A00F580461C6818465268D6F8601257
:109D2000C2F3C002636852009847DCE63C1850005A
:109D300000C00F40004801209D04000000801F402B
:109D400000801D4000841F404038003854D001205E
:109D500008D801042062071038B5154D1C21154C98
:109D6000154819F035FD284616F02AFF2046FFF762
:109D7000A3FE002211492046F8F7A4FC04F5804414
:109D8000642017F0ADFB1A210D4819F021FD0023C6
:109D9000D4F860120A22284616F03CFF0321094835
:109DA00019F016FD2846BDE8384016F009BF00BF7F
:109DB00028310120F48801205822002090D003008F
:109DC00078220020942200202429F8B504461ED0D1
:109DD00090F8E1300D46062B00F24581DFE803F0F4
:109DE000072E475E6C2804000A2D00F0C380012274
:109DF000D4F89C30227003B198470023962284F84F
:109E0000E13084F8973084F898202370F8BD90F8FA
:109E1000E1302BB10022962380F8972080F898300B
:109E200000230122237084F8E33084F8E120F8BD98
:109E30000D2DDCD1062384F8E130F8BD28461AF058
:109E400049FA00287DD094F8973094F898209A42E7
:109E50006FD9042B00F2FF805A1C234484F897200A
:109E60005D7094F8E3306B4084F8E330F8BD94F80B
:109E7000972094F898309A425BD22A2D00F098806F
:109E80002C2D00F0888094F8E330511C22446B4064
:109E900084F8971084F8E3305570F8BDA5F13003CD
:109EA000092B37D928461AF02BFA40B3462D26D86D
:109EB000A5F137035BB22EE0A5F13003092B12D9CF
:109EC00028461AF01DFA28B1462D03D8A5F137030C
:109ED0005BB209E028461AF005FA662D87D80028FB
:109EE00085D0A5F157035BB25A1C80D094F8E420CA
:109EF0000521134384F8E11084F8E430F8BD2846C6
:109F00001AF0F0F900283FF472AF662D3FF66FAFFC
:109F1000A5F157035BB2591C3FF469AF94F8E420F4
:109F2000DBB2042142EA031384F8E11084F8E43040
:109F3000F8BD0222D4F89C302270002B7FF45CAF75
:109F40005BE72A2D41D02C2D7FF451AF94F8983047
:109F500094F8E320013B94F8970082F02C02DBB2E6
:109F600084F8E3200222E11884F89830487084F8DD
:109F7000E120F8BD94F8E230BBB394F8E42094F803
:109F8000E3309A4231D00422D4F89C302270002B66
:109F90007FF432AF31E7013B94F8E310DBB281F09C
:109FA0002C01E01884F8E31084F898304270F8BD72
:109FB000013B00200321DBB284F8E400E01884F8C0
:109FC0009830427084F8E110F8BD94F8983003227C
:109FD00094F89750013B84F8E400DBB2E11884F870
:109FE00098304D7084F8E120F8BD94F896604FF0F9
:109FF000000C2644777886F801C094F8E0E0BEF1C2
:10A00000000F21D004F1A8056B1F204613F8012F83
:10A0100010F8011F2D2A18BF8A4201D02D290CD11A
:10A020009D42F3D14FFA8CFC77700CEB4C0C04EB97
:10A030008C03D3F8AC309847DFE60CF1010C0C35FB
:10A040005FFA8CF37345DFD37770D4F8A030002B20
:10A050007FF4D2AED1E60322D4F89C302270002BDC
:10A060007FF4CAAEC9E60522D4F89C302270002BDA
:10A070007FF4C2AEC1E600BF1F291C4810B423D82C
:10A080000123046B8B4023430363194B4FF000649F
:10A09000D0790B441B011C60F8B1117A10680905D6
:10A0A00020F0604041F4C0015860D0685DF8044B76
:10A0B00000BA9860106900BAD860D27A41EA0242C8
:10A0C00042F040621A607047A1F1200C0123C46A7B
:10A0D00003FA0CF32343C362D7E714680548117AE7
:10A0E00000EA844009055860DFE700BF00801D409A
:10A0F00008D801040000FC1F00F54053D3F8503786
:10A10000DB006BD53A4B00225B6B2DE9F04FC3F3BC
:10A11000036843F2507443F2547943F2587A4FEA99
:10A12000C80808F1080807E01D596D0F052D31D04A
:10A130000132D3B2984558D902EB420700EBC7036E
:10A140001D591E196D0F012D0ED01D596D0F022DB9
:10A15000EAD153F809508D42EAD853F80A308B42BD
:10A16000E6D30120BDE8F08F1B5913F4607FDFD0E8
:10A170007F00002304E03568C5F3C215AB42D7D297
:10A180000133FD18DBB205F6D45550F825508D4249
:10A19000F1D1E6E71D5915F4607FC9D003F55D5391
:10A1A0007F004FF0010C9346243305E03568C5F37A
:10A1B000C2150135AC4513D207EB0C051A680CF13A
:10A1C000010C05F6D45502EA010E5FFA8CFC50F83A
:10A1D00025501A681540AE45E8D1C2E70120704706
:10A1E0005A460132D3B29845A6D80020BDE8F08F78
:10A1F00000801D4001EB410143F6502C70B500EB8F
:10A20000C10454F80C30DB002AD554F80C305B0F35
:10A21000012B0BD054F80C305B0F022B45D054F8B7
:10A220000C305B0F052B1DD0002070BD54F80C5076
:10A2300015F4607FF8D004EB0C0E4D00002305E010
:10A24000DEF80010C1F3C21C6345EDD2013305EB0B
:10A25000030CDBB20CF6946C50F82C409442EFD116
:10A26000012070BD54F80C5015F4607FDCD043F62B
:10A2700064254900A4440123254407E0DCF800409C
:10A28000C4F3C21E0EF1010E7345CDD22C6804EA50
:10A29000020ECC18013304F69464DBB250F824406B
:10A2A0002E683440A645E9D1DAE743F65423E35853
:10A2B0009342B9D843F65823E058904234BF002067
:10A2C000012070BD43884FF01A0CDBB210B50CFBB7
:10A2D00003030446002083F806016388DBB20CFB0D
:10A2E000034383F807216088C0B20CFB004000F5EF
:10A2F00084701BF021FF6288238892B29BB283F4A2
:10A3000080739A4204D123880133C3F30803238066
:10A3100063880133C3F308036380A3889BB2FF2BD8
:10A3200003D8A38801339BB2A38010BD8B7DF0B509
:10A330000D468DB004464B4E002B4CD1336813F0C4
:10A34000005C25D0F8F7BAFA3368844603F07F033F
:10A35000013398421ED24449424807E003685FFA3D
:10A3600082FC03F07F0301339C4513D20CEB010305
:10A370000CF101021B011B68C3F30363082BEDD131
:10A3800020462A466146FFF777FE01200DB0F0BD5A
:10A390003368E0E70FCDEC46FF276E460DF1180E4F
:10A3A000ACE80F0095E803008CE803008DF814700A
:10A3B0000FCEAEE80F009CE803008EE803001822E1
:10A3C00041F61A300DEB02012044FFF77BFF4FF0FE
:10A3D000FF300DB0F0BD306810F0005040D0F8F7FD
:10A3E0006DFA336803F07F030133834227D91E4996
:10A3F0001C4E05E0336803F07F03013398421ED200
:10A400004318421C84461B01D0B21A681201F1D5D0
:10A410001B68C3F30363082B19D06E466F460DF11A
:10A42000180E0FCD0FC695E8030086E803008DF8DF
:10A4300014C00FCFAEE80F0096E80300BDE70B4B4A
:10A440004FF0FF3C1B68C3F30363082BE5D12046A4
:10A450002A465FFA8CF1FFF70FFE01200DB0F0BD28
:10A460003368C4E700801D4008D8010470801D4097
:10A4700070B50C4B86B00C4C4FF0010E0568EC46E5
:10A480001E680FCCACE80F0094E8030000968DF82E
:10A4900007E003958CE8030069460448FFF746FF90
:10A4A00006B070BDF82F012094060020F48801202A
:10A4B000304B314A1B6812689B1A632B2DE9F0411F
:10A4C000044686B02D4D07D92B7813B906B0BDE8E8
:10A4D000F0812B48FFF7CCFF2B78002C3AD0002BD3
:10A4E000F4D040F2C67204F1FF032649EC4602FBA9
:10A4F00003F3254D0127FF3381FB0321002B4FEA96
:10A50000E3721944214BC2EB2122D3F80080204B87
:10A51000ACBFA2F2E33EA2F5797E1E68002C0FCDFF
:10A52000ACE80F0095E803009EFA9EF2CDF800809B
:10A530008DF8077003968CE8030013DBADF810204C
:10A5400069461448FFF7F2FE1348FFF791FF06B083
:10A55000BDE8F081002BB9D0104806B0BDE8F0414D
:10A56000FFF786BF4FF6FF73ADF81020ADF812303D
:10A57000E6E700BFF4D9012064D601205EDA0120AD
:10A58000604301208180808094060020F82F012004
:10A590007C430120F488012070430120684301209E
:10A5A00010B5144CB4F90000FFF782FFB4F9003085
:10A5B000002B0EDDFF21062017F0B0FEB4F90010CD
:10A5C0000520C1F1FF0117F0A9FE0B4B22881A806C
:10A5D00010BD5B42FF210520238017F09FFEB4F9D8
:10A5E00000100620C1F1FF0117F098FE024B2288EF
:10A5F0001A8010BD3ADA012038DA0120000000008C
:10A600002DE9F04F83B0A84C16F0BEFFA74D0123F3
:10A61000A74960600A6823732B689B1A092B0DD821
:10A6200016F0B2FF237B23B1D4E900329B1A034416
:10A6300023600023237303B0BDE8F08F0A320220A9
:10A640009C4E0A6016F0F4FFB0FA80F39A4A5B0958
:10A6500013707279012A00F06781B279012A00F043
:10A660002482964B1B78002B40F0D381DFF8AC920C
:10A67000934FF379002B40F06981337A002B40F03F
:10A680008A81737AF3B18F4B93F80080B8F1000F91
:10A6900000F0D4818C4B93F9003007EE103A8B4BCD
:10A6A0009FED7B6BB8EEC77B9FED7B5B27EE067B58
:10A6B00093ED006AB7EEC66AA6EE057BB7EEC77BE0
:10A6C00083ED007A2920DFF858B216F0C5FC6E2819
:10A6D0009BF800308046CCBF4FF0000A4FF0010AD3
:10A6E00053450BD07A4A7B4B7B496E28C8BF134633
:10A6F00052467A4816F080FA8BF800A099F80020AC
:10A70000774BB2FA82F21B7852099B0043EA42036C
:10A71000744AB8F16E0FC8BF43F00103DFF804823A
:10A72000137098F80030002B40F02F816E4B1B788F
:10A73000002B5FD16D4B1B78002B5BD16C4DB5F9B5
:10A74000002033786B49002B73D04B88D1ED026A1F
:10A75000C3F565436B3313441BB207EE903A2B806D
:10A76000B8EEE77AB1EE477AC7EE267A624BC3EDD0
:10A77000007AF5EEC07AF1EE10FA05D591ED037A84
:10A7800067EE877AC3ED007A5C495D4A91ED007A05
:10A790005C4B77EEC77A1178FA29C3ED007A01F1A4
:10A7A0000103DBB2137054D9662313700025564A97
:10A7B000564B15801D8072B6554B5D611D7662B695
:10A7C0000420294616F00AFFFFF7EAFE97F85630F4
:10A7D000032B3FF425AFBA7C03264E4987F8582057
:10A7E00000967A6C3D4887F8575016F005FA87F8BE
:10A7F000566015E727203E4D16F02EFC07EE900A16
:10A8000098F80030B8EEE77A9FED256BB7EEC77A7F
:10A8100027EE067BBDEEC77B17EE102A12B22A8008
:10A82000002B8ED03C492D4816F0E6F9B5F90020F2
:10A8300087E74B8891ED027AA3F5D453153B134477
:10A840001BB207EE903A2B80F8EEE76AC6EE877AE5
:10A850008CE7632BAAD80121042016F0BFFEFFF776
:10A86000C7F8FFF79DFE97F85630042B3FF4D8AE9B
:10A87000B97C04250022194887F8581087F857201A
:10A8800000957A6C234916F0B7F987F85650C7E659
:10A89000333333333333D33F666666666666E63FEB
:10A8A000D7A3703D0AD7094098820120F4D901202E
:10A8B000C4D40120044601206DDA01205CDA0120B5
:10A8C00074CB01205EDA012044DA0120BCD90120DA
:10A8D000A01E00209C1E0020A41E00202831012064
:10A8E00060DA01206FDA01205046012070DA012081
:10A8F0003EDA0120E0D90120D4D90120DCD90120A1
:10A9000051460120D8D901203ADA012036DA012057
:10A9100074D5012030240020C41E00206EDA0120EE
:10A9200078DA012051DA01208B4900287DD00020FF
:10A93000DFF85492894F89F80000087808B187F849
:10A940005A200B70F379002B3FF497AEDFF83C826E
:10A9500098F81C30012B40F2D68072B698F8182077
:10A9600062B67F4913B27F480380B1F90000984274
:10A9700018BF0B80B37A93423FF67FAE00230122CB
:10A9800089F80030744B1A7077E62A687649774860
:10A9900016F032F9CAE61A2016F05EFB07EE900AAE
:10A9A000DFED735AB8EEE77A9FED5F6BB7EEC77ACB
:10A9B00027EE067BB7EEC77BB4EEE57AF1EE10FA30
:10A9C0006ED5B7EEC76A9FED5A5B26EE056B694BF5
:10A9D00093ED005A9FED584BB7EEC55AA5EE046BA8
:10A9E000B7EEC66B83ED006AB37A07EE903A624B1E
:10A9F000F8EEE77A83ED007AB4EEE76AF1EE10FA4A
:10AA0000FFF63FAE0023012289F80030524B1A7046
:10AA100037E65A4BDFF870911B78012B64D099F818
:10AA20000020012A74D04D4F23E60878DFF85891B2
:10AA3000002856D1494F89F8002080E71B2016F0E6
:10AA40000BFB07EE900A4B4BF8EEE76ADFED4C7A12
:10AA50009FED3B5B76EEE76A9FED3B4BB7EEE67A08
:10AA600027EE057B93ED005AB7EEC55AA5EE047BA1
:10AA7000B7EEC77B83ED007AB37A07EE903A3E4B90
:10AA8000F8EEE77AC3ED006AB4EEE77AF1EE10FA79
:10AA9000FFF618AE304B012289F800801A7011E6DB
:10AAA0009FED2B6BB0EE657A91E72B49DFF8D890DC
:10AAB0000F783843294FC0B240B987F85A2099F827
:10AAC0000020B2FA82F2520989F800200B702D4B57
:10AAD0001B78002B3FF4CDAD284B1B7889F8003054
:10AAE000C7E51E4F0B702DE799F80030002B9AD167
:10AAF00019490A78012A96D1184F0B7089F800205D
:10AB000087F85A20B5E572B64046FBF7F3FE25E715
:10AB1000114801780B4386D1104F027089F800303C
:10AB200087F85A20A5E500BF333333333333C33FAF
:10AB30009A9999999999C93F9A9999999999E93FB7
:10AB4000333333333333D33F666666666666E63F38
:10AB500000000000008049404F46012074CB0120D6
:10AB60004C46012036DA0120BC1E0020283101208D
:10AB700000007F43BCD90120C0D901205BDA01204D
:10AB8000000034425CDA01206EDA012074D5012025
:10AB90000978632910B5044682B0104614D041F2FA
:10ABA00014030B4404EB83035B6813B101929847D1
:10ABB000019804F58044D4F854311BB102B0BDE8CB
:10ABC0001040184702B010BD04F58044636D002B9F
:10ABD000F1D0019298470198EDE700BF2DE9F04FC1
:10ABE0008C468DB00E4607466C46054600F11008AF
:10ABF0004FF00109DFF8A0A0BCE80F000FC49CE8EB
:10AC0000030084E8030055F8044F5CB19DF914205B
:10AC1000A36809FA02F1194223D02368D3F800B0DF
:10AC2000D34519D14545EED107F5804393F850300F
:10AC30003BB3306806AC7168B268F3680FC4306922
:10AC40001822716903C40DEB020107F11400FFF72C
:10AC500039FB0DB0BDE8F08F9DF8153069462046F0
:10AC6000D847237C002BDDD02368D3F800B09DF8B3
:10AC70001530D345D6D020464FF0FF326946D8472D
:10AC8000D0E7337D324606A938468DF81830FFF7F5
:10AC90007FFF0DB0BDE8F08F9904000000F5804300
:10ACA00093F85130002B00F0E080DFF888C22DE9E6
:10ACB000F04F0F4689B004460D4602AE0FCF0FC6C7
:10ACC00097E8030086E80300DCF800309B0059D5C4
:10ACD000DCF83430002743F25078C3F30363DB0021
:10ACE00008339B463B460FE056F80820520F022AD5
:10ACF00000F09E8056F80820520F052A00F0E180EF
:10AD00000137FBB29B453DD995F91420632A39D010
:10AD100007EB470904EBC90656F8082006EB080ABA
:10AD200012F0604FECD056F80820520F012ADBD108
:10AD300056F80830EA79C3F300439A42E0D156F856
:10AD4000083013F4607FDBD000224FEA4909164631
:10AD500006E0DAF80030F6B2C3F3C2139E42CFD257
:10AD60000136029B09EB060202F6D45254F8222067
:10AD70009342EED1632302A920468DF81C30FFF7E1
:10AD80002DFFE6E700236B4F8DF80E303E6816F07E
:10AD900000563AD0F7F792FD3B68064603F07F0372
:10ADA000013383422ED943F6502743F65428DFF867
:10ADB000849195F91430B3421BD006EB460104EBA5
:10ADC000C103DA5903EB070B12F0604F11D0DA59C7
:10ADD000E879C2F3C06290420BD1DA59520F012ACE
:10ADE00044D0DA59520F022A11D0DB595B0F052BE0
:10ADF0005FD0D9F80030013603F07F03F6B201339B
:10AE00009E42D6D309B0BDE8F08F3B68CBE753F83C
:10AE10000810029A8A42ECD343F658215B589A42B2
:10AE2000E7D802A920468DF81C60FFF7D7FEE0E7BF
:10AE300056F80830EA79C3F300439A427FF460AFD2
:10AE400043F25473F258029B9342FFF459AF43F21A
:10AE50005872B25893423FF653AF632302A920467B
:10AE60008DF81C30FFF7BAFE4AE77047DB5913F440
:10AE7000607FBED04A00002307E0DBF800105FFAD5
:10AE80008AF3C1F3C2118B42B3D203F1010A0299D2
:10AE900002EB0A0303F6946354F823309942ECD191
:10AEA00002A9204600928DF81C60FFF797FE009AD9
:10AEB000E3E7029A31462046FFF79CF9002898D034
:10AEC000AFE756F8082012F4607F3FF419AF43F261
:10AED00064724FF0010AB218CDE9007525464F465D
:10AEE0003446994616460AE054F808300AF1010A39
:10AEF000C3F3C2135FFA8AFA01339A4516D20AEBFA
:10AF00004703316803F6D45355F82320029B1940B8
:10AF1000336813409942E7D1632302A928468DF88C
:10AF20000E908DF81C30FFF759FEDDE72C46009F90
:10AF3000019DE5E600801D40264A38B5136813F0F0
:10AF4000005345D0136805460C4613F4004302D164
:10AF5000926A92063CD41F4A136B13F0200337D039
:10AF6000D2F88030C3F30341C3F30050A380E172F1
:10AF7000D2F8841003F400122072DB0D002A21F0B5
:10AF8000604112BF01220022890CE271114A216046
:10AF900005F58041D2F8880000BAE060D2F88C0054
:10AFA00000BA206191F86512A3716323617523755E
:10AFB00013681B0403D4136B43F02003136321466F
:10AFC0002846FFF76BFE21682846FFF795F838BD45
:10AFD000184638BD00801D407C4B2DE9F0471F68A6
:10AFE00081468A4617F0005702D0F7F767FC0746FC
:10AFF000764C09F58046226896F8643202F07F02AA
:10B000000132934200F2DD800325DFF8C48157E06E
:10B0100000295DD0B1FA81F2C2F14002934254DBC3
:10B02000206810F0005001D0F7F748FC013D86F889
:10B03000640215F0FF0500F0C48023689A0005D56E
:10B04000874203D9781EC0B286F86402236803F0F1
:10B050007F03013398420CD3206810F0005001D0D8
:10B06000F7F72CFC013D86F8640215F0FF0500F0AF
:10B07000A880D4F824C0C0F12001A36AA0F1200266
:10B080000CFA01F1C3402CFA02F20B431343DB0725
:10B090000BD400EB08031B011A68110105D4110E33
:10B0A00001F00B0CBCF1020F16D00130C3B286F8D0
:10B0B0006432226802F07F020132934200F2818002
:10B0C000E16A226B52EA0100A2D196F86402B4E769
:10B0D000B2FA82F220329FE702F4001001F00F0171
:10B0E0000028C2F300508AF8080014BF0120002095
:10B0F0008AF80700586820F0604008BF800C0629D5
:10B10000CAF8000002D101218AF80910C2F30341F4
:10B110008AF80B1096F86412481C86F864028AF8C4
:10B120001410AAF8042096F865229AF807108AF8F5
:10B1300015209A6800298AF80F2018BF4FF08C61FB
:10B140009A6808BF4FF08061120A8AF80E209A6848
:10B15000120C8AF80D209A68120E8AF80C20DA6810
:10B160008AF81320DA68120A8AF81220DA68120CB8
:10B170008AF81120DA68120E8AF8102019609AF8FD
:10B180001430A2681F2B14D8012202FA03F3226B99
:10B190001343236351464846FFF780FDDAF8002049
:10B1A0009AF814104846FFF725F868B996F8640233
:10B1B0007BE70122203B02FA03F3E26A1343E362D6
:10B1C000E8E70020BDE8F0870120FBE700801D4094
:10B1D00008D80104F0B59A4A87B09A4E11683368CE
:10B1E000994201D907B0F0BD0133974D974C1360D8
:10B1F00016F0CAF90123EC4668602B730FCCACE85B
:10B200000F0094E803008CE803000221002015F0F1
:10B2100007FE50B98E4B1A68910006D59A6A9206BD
:10B2200003D41B6B9B0600F1858069468948FFF7B4
:10B23000D3FE50B10098884B98423DD0874B98423E
:10B2400010D0874C2378002B6ED116F09DF92B7B04
:10B2500023B1D5E900329B1A03442B6000232B73E2
:10B2600007B0F0BD7F4A039B12689A42E9D07E4A3C
:10B2700012689342E5D07D4A12689342E1D07C4A3D
:10B280001268934240F097809DF81030B0EE046B46
:10B29000784A07EE103A34681368B8EEC77B7648F0
:10B2A00064337649046027EE067B1360FDEEC77BAE
:10B2B00017EE903A0B70C4E7714C2378002B3ED008
:10B2C0009DF813309BB1DF0746D56E4F7C7974B97A
:10B2D0006D4B1B785BB16D496D48F7F75DFB6D49B0
:10B2E0006B48F7F759FB01237B716B4B1C709DF882
:10B2F0001230BBB1D90747D49A074BD45F0754D457
:10B300001C0700F1EC80D80600F1F480990600F1EA
:10B31000FC805A0600F11E811B0603D55F495C487C
:10B32000F7F740FC009889E7594815F049FC0023DD
:10B3300023708AE769464748FFF7FEFD79E75C21FD
:10B34000574818F045FA524815F03AFC0123554881
:10B350002370FFF78DF8B3E79C0721D4580700F15D
:10B36000B980190700F1C180DA0600F1C9809F0693
:10B3700000F1EB805C0600F102811806B7D54A495E
:10B380004348F7F70FFCB2E741484849F7F704FB99
:10B39000009853E73E484649F7F704FC00984DE70C
:10B3A00044493B48F7F7FEFBA1E739484249F7F724
:10B3B000F9FB009842E7414A1268934200F0AB80E3
:10B3C0003F4A1268934200F0CB803E4A1268934293
:10B3D00000F0E1803C4A03A91268934240F0D48017
:10B3E000FEF7D0FA39492A48F7F7D6FA00230A229D
:10B3F0009DF81010264815F00DFC35492448F7F744
:10B40000CBFA00230A229DF81110214815F002FC06
:10B410002F491F48F7F7C0FA00230A229DF812109F
:10B420001B4815F0F7FB2A491948F7F7B5FA00232E
:10B430000A229DF81310164815F0ECFB01E700BF37
:10B4400098D10120F4D90120E08801209406002041
:10B4500000801D40F48801200100000701008005E4
:10B4600061DA01206C4301207443012080430120F4
:10B470006443012064D6012068D6012044DA01200B
:10B480005EDA0120044601205FDA0120301D002031
:10B4900028310120441D00204F460120381E002085
:10B4A000D01C002088430120B01D0020C01D0020BA
:10B4B000D01D0020541D0020E01D002078430120F5
:10B4C00090430120844301208C4301207C1E0020F6
:10B4D000F022002032493348F7F764FB07E7314890
:10B4E0003149F7F75FFB0098A8E630492D48F7F798
:10B4F00059FBFCE62B482E49F7F754FB00989DE6D4
:10B500002C492848F7F74EFBF1E626482A49F7F779
:10B5100049FB009892E603A9FEF734FA274921482F
:10B52000F7F73AFA00230A229DF810101D4815F08B
:10B5300071FB23491B48F7F72FFA00230A229DF8D5
:10B540001110184815F066FB7BE61E491548F7F701
:10B5500029FBCCE613481C49F7F724FB00986DE65D
:10B5600003A9FEF70FFA19490E48F7F715FA002359
:10B570000A229DF810100B4815F04CFB61E61449A7
:10B580000848F7F70FFBB2E6FEF7FCF9114905484A
:10B59000F7F702FA55E603A9FEF7F4F90E49E3E7D7
:10B5A000641D002028310120EC1D00207C1D00209E
:10B5B000FC1D0020881D0020101E0020481E0020B9
:10B5C000F0220020981D0020241E0020581E00207C
:10B5D000A01D00208C1E0020681E00202DE9F04FC9
:10B5E000944D9BB0944F08AC04900FCD0FC495E8D8
:10B5F000030084E803007E6AB96AD7F82CB0386B80
:10B600003B68029113F40043039003D13A6894001D
:10B6100000F11A81039B43F00103BBF1000F00F01E
:10B620000581BBFA8BF3844DC3F140032C68DFB274
:10B6300014F00054019700F08582F7F73FF92B686A
:10B64000044603F07F030133984280F0C2808742B2
:10B6500040F2BF80049B671CDFF8DC9103F5804358
:10B66000FDB2059318E0042A00F06281082A00F078
:10B670000382D9F80030FCB2019A03F07F03013352
:10B68000A24288BFAB4205F1010594BF012300230C
:10B69000002B40F09E80671CC4F12002029BA4F1A5
:10B6A000200A06FA02F1E3400B4326FA0AF10B43A3
:10B6B000D807DED5039B0BFA02F2E34013432BFAC3
:10B6C0000AF21343D907D4D5DFF87881A0444FEAB2
:10B6D0000818D8F80030190EC3F3036201F00B010B
:10B6E0000229C0D1D8F8041003F4001021F0604101
:10B6F000002812BF4FF0010C4FF0000C890C062AF5
:10B700008DF827C0089102D101228DF82920ADF8CB
:10B710002430C3F303438DF8344000288DF82B30D8
:10B72000059B93F865328DF83530D8F808308DF8E0
:10B730002F30D8F808304FEA13238DF82E30D8F880
:10B7400008304FEA13438DF82D30D8F808304FEA0F
:10B7500013638DF82C30D8F80C308DF83330D8F8CE
:10B760000C304FEA13238DF83230D8F80C304FEA02
:10B7700013438DF83130D8F80C304FEA13638DF84D
:10B78000303014BF4FF08C634FF080631F2CC8F82B
:10B790000030D9F808304FF0010334D8D9F8302000
:10B7A000A340214604981343C9F83030089AFEF7A5
:10B7B00021FD002835D108A90498FFF76FFA08A8E1
:10B7C000AFF3008008A8AFF3008008A8AFF30080B3
:10B7D0004FE7194A1948116A0268194B4A40134049
:10B7E00043B1049B03F54053B3F8242692B20F2AC9
:10B7F00040F2AC81104A136A0B431362BFF34F8FC0
:10B800001BB0BDE8F08FD9F82C2003FA0AF32146CB
:10B8100004981343C9F82C30089AFEF7EBFC002873
:10B82000C9D008A90498FFF7D9F9C4E7B3FA83F39C
:10B830002033F8E69406002000801D409CD10120B2
:10B84000BFFF070008D8010489067FF5E3AE820632
:10B850007FF5E0AED7F88020BB4C02F40011C2F3B4
:10B860000050ADF824200029C2F303414FEAD25220
:10B870008DF82B10D7F884108DF8280018BF012000
:10B8800021F0604108BF00208DF826204FF0000213
:10B8900008BF890C8DF827000CA80891D4F88810EF
:10B8A000D1400832202A00F8011DF7D10DA8A64981
:10B8B000D1F88C20DA400833202B00F8012DF7D185
:10B8C000049B03F5804393F865328DF8353063238C
:10B8D0008DF834308B680B6B43F020030B63039BB4
:10B8E0005D0603D50B6B43F040030B63039B1C0603
:10B8F00004D5954A136B43F080031363049C08A995
:10B900002046FFF7CBF908A8AFF3008008A8AFF3F3
:10B91000008008A8AFF3008008992046FEF7ECFBF2
:10B9200000283FF477AE08A90498FFF757F971E6AD
:10B9300003F40012002AD8F80420ADF82430C3F331
:10B9400003438DF8344022F060428DF82B3018BF4D
:10B950000121059B04BF920C002193F865320892E7
:10B960008DF83530D8F80830049A8DF82F30D8F893
:10B9700008308DF827101B0A8DF82E30D8F80830C3
:10B980001B0C8DF82D30D8F808301B0E8DF82C309C
:10B99000D8F80C308DF83330D8F80C301B0A8DF8FD
:10B9A0003230D8F80C301B0C8DF8313041F2560390
:10B9B000234452F82330D8F80C20120E8DF8302092
:10B9C0000BB108A89847059BD3F858320BB108A8CB
:10B9D0009847049901F58052B2F81E3B07929BB23A
:10B9E000002B00F00E81B2F81A3B1A220DF1500C18
:10B9F000DBB2E04602FB031341F622420EA903EB41
:10BA0000020A06918E469858DAF80410DAF80820EF
:10BA1000DAF80C30ACE80F00DAF81000DAF814109D
:10BA2000ACE80300B8E80F00AEE80F0098E80300A8
:10BA30008EE803009DF94C305A1C00F0F1809C42C6
:10BA40007FF417AE069AE1B20498FEF715FB079A49
:10BA5000B2F81A3B0133C3F30803A2F81A3BB2F859
:10BA60001E3B9BB2002B3FF404AEB2F81E3B013BE1
:10BA70009BB2A2F81E3BFCE503F40012002AD8F8A2
:10BA80000420ADF82430C3F303438DF8344022F092
:10BA900060428DF82B3018BF0121059B04BF920C2A
:10BAA000002193F8653208928DF83530D8F80830C7
:10BAB000049A8DF82F30D8F808308DF827101B0A1B
:10BAC0008DF82E30D8F808301B0C8DF82D30D8F8B2
:10BAD00008301B0E8DF82C30D8F80C308DF8333030
:10BAE000D8F80C301B0A8DF83230D8F80C301B0C0B
:10BAF0008DF83130D8F80C301B0E8DF8303041F213
:10BB00005603234452F823300BB108A89847059BED
:10BB1000D3F858320BB108A89847049901F5805220
:10BB2000B2F81E3B07929BB2002B7FF45CAF1F2C38
:10BB30004FF001037FD8D9F83020A3401343C9F850
:10BB4000303096E52B6885E500801D40B3F824264B
:10BB500092B20F2A05D8B3F82426013292B2A3F884
:10BB60002426B3F82226B3F8224602F00F02A4B22C
:10BB700003EB8202C2F82816B3F8202692B282F0B4
:10BB80001002944206D1B3F82026013202F01F02BF
:10BB9000A3F82026B3F822262B4C013202F01F0214
:10BBA000A3F82226E469B3F8EC26A4B292B20F2AD5
:10BBB00005D8B3F8EC26013292B2A3F8EC26B3F81C
:10BBC000EA2602F00F0203EB4202A2F8EE46B3F8B7
:10BBD000EA46B3F8E826A4B292B282F01002944288
:10BBE00006D1B3F8E826013202F01F02A3F8E826D6
:10BBF000B3F8EA260160013202F01F02A3F8EA2638
:10BC0000F8E51F2C4FF001030DD8D9F83020A340E0
:10BC10001343C9F830304FF00063C8F8003028E50E
:10BC2000069A214610E7D9F82C2003FA0AF31343A9
:10BC3000C9F82C30EFE7D9F82C2003FA0AF31343A4
:10BC4000C9F82C3015E500BF00801D402DE9F043F8
:10BC500000F580478FB0044697F8503013B90123A0
:10BC600087F85030238B9BB2002B56D1D7F85C223B
:10BC700004F58056714B02F01F0103EB52130122B1
:10BC80009B008A401A60B6F81E3B9BB27BB3B6F8A5
:10BC90001A3B1A2208AD0DF1080CDBB2AE4602FBCE
:10BCA000034341F6224203EB02089858D8F80410E7
:10BCB000D8F80820D8F80C300FC5D8F81000D8F8FC
:10BCC000141003C5BEE80F00ACE80F009EE80300A7
:10BCD0008CE803009DF91C104B1C54D0584B0B44AE
:10BCE0001B011B68C3F30363082B00F08B80D7F89C
:10BCF0005C22544B02F01F0103EB521301229B0004
:10BD00008A4000211A60238BB6F81E0B9BB280B2CA
:10BD100040EA03300FB0BDE8F083A68A1A23B4F8D6
:10BD200014C008ADF6B20CF1010C03FB0646CCF3CF
:10BD3000080CD6F81C01D6F82011D6F82831D6F810
:10BD400024210FC5D6F82C01D6F83011A4F814C060
:10BD5000238B9BB203C51BB1238B013B9BB2238377
:10BD600008AD02AE0FCD0FC695E8030002AA86E823
:10BD700003009DF81C300DF1070120468DF80730B7
:10BD8000FEF706FF72E7DFF8C080D8F8005015F024
:10BD9000005550D0F6F792FDD8F80030054603F074
:10BDA0007F0301338342A2D9DFF89490DFF89880B3
:10BDB00008E0D8F80030013503F07F03EDB201331D
:10BDC0009D4294D205EB09031B011B68C3F3036377
:10BDD000082BEED102AA29462046FEF74DF9B6F807
:10BDE0001A3B0133C3F30803A6F81A3BB6F81E3B0F
:10BDF0009BB2002BDDD0B6F81E3B013B9BB2A6F8F0
:10BE00001E3BD6E702AAC9B22046FEF735F9B6F8BE
:10BE10001A3B0133C3F30803A6F81A3BB6F81E3BDE
:10BE20009BB2002B3FF463AFB6F81E3B013B9BB2C5
:10BE3000A6F81E3B5BE7D8F80030B5E7603800385D
:10BE400008D801044038003800801D402DE9F04139
:10BE5000A34C15F065FCA34D42F22151226821202C
:10BE6000236829800121C5E9012315F0F3FB95F929
:10BE70000100002803DB0121C0B215F0EBFB9A4E54
:10BE800042F20F77994A4FF000089949954817F008
:10BE900037FE984A7021304602F05EF82168FF2391
:10BEA000954A316206F1140E216806F13C0C337498
:10BEB00071622168737447F64073B16264217382C2
:10BEC00002F10C0371864FF47A718C4DB18507CA6B
:10BED0008EE807000FCB8CE80F003046834A884974
:10BEE00017F00EFE874B8848804A8849036117F097
:10BEF00007FE874B87487D4A8449036117F000FE9F
:10BF0000854B8648794A8149036117F0F9FD844BD6
:10BF10008448764A7D49036117F0F2FD824B8348DD
:10BF2000724A7A49036117F0EBFD814B81486F4AF1
:10BF30007649036117F0E4FD7F4B80486B4A7349F3
:10BF4000036117F0DDFD7E4B7E48684A6F4903614F
:10BF500017F0D6FD7C4B7D48644A6C49036117F0AD
:10BF6000CFFD7B4B7B48614A6849036117F0C8FDF0
:10BF7000794B7A485D4A6549036117F0C1FD784BFA
:10BF800078485A4A6149036117F0BAFD764B774801
:10BF9000564A5E49036117F0B3FD754B7548534A25
:10BFA0005A49036117F0ACFD734B74484F4A574927
:10BFB000036117F0A5FD724B72484C4A5349036167
:10BFC00017F09EFD704B7148484A5049036117F0C5
:10BFD00097FD6F4B6F48454A4C49036117F090FD40
:10BFE0006D4B6E48414A0361484917F089FD6C4822
:10BFF0003E4A6C49C760476117F082FD6A483B4A78
:10C000006849C760476117F07BFD6848374A654952
:10C01000C760476117F074FD6548344A6149C760DD
:10C02000476117F06DFD6348304A5E49C76047615C
:10C0300017F066FD2268604B4FF0FF315F4E1A60CB
:10C040005F4B604AD9601982596183F80080C2F859
:10C050000080C2F8948082F8E4805B485B4FDFF890
:10C0600080C1DFF880E1C3E901112168C3F89014B1
:10C070002168C3F894149623C2F898304FF48033A3
:10C08000C2E92788C2F8E03000220023C6E90E2367
:10C09000C6E91023C6E91223C6E91423C6E916230C
:10C0A0000FC887E80F0086F860800221236803200C
:10C0B0008EF80C80CCF8003015F0CCFA02211A2052
:10C0C000434E15F0C7FA434BC5F814804FF4FA6E8F
:10C0D000DF6B4149414AD3F830C0AF60486883E024
:10C0E000F4D90120C4D9012074CB01208839012062
:10C0F000950400007C330120AC06002074D501209B
:10C10000B9070000F41200208C880120910400007F
:10C11000FC120020CC82012004130020E0860120C4
:10C120000C130020788801201413002024CC012057
:10C130001C130020988201202413002010CC012021
:10C140002C13002038CD012034130020D4CB012043
:10C150003C130020CC88012044130020FCCB01209C
:10C160004C1300208CCD012054130020A0CD0120C1
:10C170005C130020B4CD012064130020E082012074
:10C180006C130020E8CB0120741300205CCB01204D
:10C190007C130020F484012084130020E088012017
:10C1A00028D601208D04000004D6012084D8012067
:10C1B000A8D8012044D5012068D50120F07C0120B9
:10C1C000F87D012074D701202C3F0120E0D9012007
:10C1D00083DE1B4304320020001000E024310120E4
:10C1E00070CB01204CD601201268C5F800C0A6FB18
:10C1F0000262D3F8AC61920C0EFB02F2D3F8A0E11C
:10C20000EE60C5F804E04B681B1A9A42FBD8DCF8D4
:10C2100000300320DEF800201F422C4914BF012308
:10C22000002316422A4E18BF43F002032B74FAF77C
:10C23000A9FB034625491A202B77FAF7A3FB2A7F8F
:10C24000216800231044234AF366287791600F2168
:10C250002148137500F58055117300F5405200F523
:10C2600080418382C1F85C32C382C1F860320383AB
:10C2700081F86432A5F81A3BA5F81C3BA5F81E3BD3
:10C28000A2F82036154DA2F82236A2F82436A2F8DC
:10C29000E836A2F8EA36A2F8EC3681F8503081F898
:10C2A000513044210E4B0F4A036028600E4801F0C4
:10C2B00053FE22680D4B1A6015F066F90C4922688E
:10C2C0000C4B08601A60BDE8F08100BF74D50120F6
:10C2D000C8D40120AC820120F488012054D0012070
:10C2E000442800207C33012074D80120C4D40120CC
:10C2F000C0D4012064D601206D4BDB6B93F88430F1
:10C30000042B22D12DE9F04F05468FB0F1B107295A
:10C3100022D1808D12F048FB42F20F732A6C9842B2
:10C320001CD0002105F13800624E08F021FC15F008
:10C330002BF9337B23B1D6E900329B1A03443360D7
:10C34000002333730FB0BDE8F08F70475A495B4844
:10C3500014F052FC2A6CE4E7026CE2E7042AE0D90C
:10C36000AB6B1A78802AEDD15A78812AEAD19B7872
:10C370007F2BE7D115F008F9514C0123A96B6060C0
:10C380002373CB78C92B06D02A6C4E4814F0BEFB21
:10C390004C4814F015FC15F0F7F8237B23B1D4E9D1
:10C3A00000329B1A034423600023474EDFF830819C
:10C3B000237315F0E9F801232A7F44490AAC33734B
:10C3C000434B706006930A93AB7F08688DF81E306C
:10C3D000EB7F8DF81C208DF81F306A7F0094D8F811
:10C3E00000308DF81D200B9306AB95F84020A96B0B
:10C3F000FBF7D0F80028A5D115F0C6F8337B23B1A0
:10C40000D6E900329B1A034433600027377315F0D6
:10C41000BBF8284E01233373AB6B7060DA78642A63
:10C4200000F0C082C82A15D12B6C092B00F0C38301
:10C430002A6C002105F1380008F09AFB15F0A4F8E9
:10C44000337B23B1D6E900329B1A034433600023C7
:10C4500033736CE7C92A45D12B6C0B2BE8D11D49EE
:10C460002846FCF723F8AB6B1A79052A7FF46AAFEC
:10C470005A79C92A7FF466AF9A79C92A7FF462AFE4
:10C480001A7AD8795B7A88F8012088F80230124944
:10C4900088F800000948F6F77FFAFAF7BBF90A2096
:10C4A00015F01EF84FF0E0230C4AC3F80C2D49E7B5
:10C4B000B8D5012024CC01208C1300202831012084
:10C4C000F484012038310120E8CB01206CD6012012
:10C4D000E428002098130020A81300200400FA0587
:10C4E00034440120CA2A40F0F7802A6C092A9FD1DF
:10C4F0001A79032A7FF426AF5A79CA2A7FF422AF29
:10C500009B79CA2B7FF41EAF64492846FBF7CEFF08
:10C51000634B069307238DF81C3098F800308DF894
:10C520001D3098F801308DF81E3098F802308DF8E3
:10C530001F3098F803308DF820302B7F8DF8213094
:10C540006B7F8DF82230AB7F8DF82330022306AA53
:10C55000D25C013317440C2BBAB23FB2F7D1514E23
:10C5600006A80D218DF82420FBF760FF737D63B3CF
:10C570004D4B02210A9307238DF82C3098F8003098
:10C580008DF82D3098F801308DF82E3098F8023063
:10C590008DF82F3098F803308DF830302B7F8DF8E0
:10C5A00031306B7F8DF83230AB7F8DF83330002324
:10C5B000625C013113440C299AB21BB2F8D10D21EF
:10C5C00020468DF83420FBF731FF384B1B7863B3DE
:10C5D000374B02210A9307238DF82C3098F800304E
:10C5E0008DF82D3098F801308DF82E3098F8023003
:10C5F0008DF82F3098F803308DF830302B7F8DF880
:10C6000031306B7F8DF83230AB7F8DF833300023C3
:10C61000625C013113440C299AB21BB2F8D1204656
:10C620000D218DF83420FBF701FF16F0C3F84FF40D
:10C630006122204BB7EEC00A1F491B6803921F4AB4
:10C640001F48B3FBF2F38DED000B1E4A029314F06A
:10C65000D3FAEA7FAB7F1C491948CDE900326B7FE2
:10C660002A7F14F0C9FA98F8030098F8021098F895
:10C67000013098F80020CDE900101449104814F05A
:10C68000BBFA737D002B00F0ED8211490C48F6F7E0
:10C6900083F910490A48F6F785FA53E6F425002095
:10C6A00080817ECBAC820120808179CB5ADA012057
:10C6B000808178CB24310120D413002040420F0028
:10C6C00028310120504101201C1400203814002082
:10C6D0005414002094140020FB2A40F0CE80D5F89A
:10C6E0004080B8F10E0F7FF4A3AE2846B449FBF7A3
:10C6F000DDFEAA6BB34C5379B349C3F38015B3483D
:10C70000A571DD09E5719579A572D579657303F099
:10C710000105127A2570C3F340056570C3F38005E7
:10C72000A570C3F3C005E570C3F30015C3F3401350
:10C730002571637102F00103E372C2F340032372B7
:10C74000C2F380036372C2F3C0032373F6F724F9C4
:10C750003B460A2221789D4814F05CFA9C499B488C
:10C76000F6F71AF93B460A226178984814F052FA13
:10C7700098499648F6F710F93B460A22A178934863
:10C7800014F048FA94499148F6F706F93B460A2214
:10C79000E1788E4814F03EFA90498C48F6F7FCF8A0
:10C7A0003B460A222179894814F034FA8C4987489B
:10C7B000F6F7F2F83B460A226179844814F02AFA27
:10C7C00088498248F6F7E8F83B460A22A1797F4873
:10C7D00014F020FA84497D48F6F7DEF83B460A2239
:10C7E000E1797A4814F016FA80497848F6F7D4F8D7
:10C7F0003B460A22E17A754814F00CFA7C497348EA
:10C80000F6F7CAF83B460A22217A704814F002FA79
:10C8100078496E48F6F7C0F83B460A22617A6B48C1
:10C8200014F0F8F974496948F6F7B6F83B460A225D
:10C83000217B664814F0EEF970496448F6F7ACF8CD
:10C840003B460A22A17A614814F0E4F96C495F483A
:10C85000F6F7A2F83B46617B0A225C4814F0DAF94D
:10C860005A4814F0ADF94246C821204615F026F981
:10C870000FB0BDE8F04FFBF705BDFC2A40F0D680B5
:10C880002B6C0E2B7FF4D4AD5E492846FBF70EFED1
:10C89000AB6B5D4C1A7A197B07EE902A227106EE7B
:10C8A000101A597AB8EE677B5A79B8EE466B05EEE6
:10C8B000901A2270F8EE655A9A7954494348C4EDAB
:10C8C000025A5B89627163809FED394B9FED3A3B61
:10C8D00027EE047B26EE036BB7EEC77BFCEEC77A30
:10C8E000B7EEC66B17EE903A84ED036A6370F6F705
:10C8F00053F83B460A222178344814F08BF9444916
:10C900003248F6F749F83B460A2261792F4814F07D
:10C9100081F940492D48F6F73FF83B460A226178F5
:10C920002A4814F077F93C492848F6F735F83B4691
:10C930000A222179254814F06DF938492348F6F781
:10C940002BF894ED020A02212048B7EEC00A14F039
:10C9500077F933491D48F6F71FF8B4F902101B4860
:10C9600014F022F92F491948F6F716F894ED030A46
:10C9700002211648B7EEC00A14F062F910226421B1
:10C98000204615F09BF863796178F0EE086A264A34
:10C990005B1A07EE903AF8EEE77A87EEA67A82ED18
:10C9A000007ACFE42B6C1E2B7FF442ADCAE400BFAB
:10C9B000333333333333F33F7B14AE47E17A843F71
:10C9C000A414002004460120B414002028310120C2
:10C9D000C4140020DC140020F414002008150020EA
:10C9E00018150020281500203815002048150020B3
:10C9F000581500206C15002080150020901500208F
:10CA0000A4150020B0150020E0D90120C015002099
:10CA1000C8150020D4150020E0150020EC150020DA
:10CA2000041600201416002060D60120FE2A7FF490
:10CA3000FFAC2A6C0E2A7FF4FBACB3F805209049BA
:10CA400007EE102A8F4A9048B8EEC77B9FED885BAF
:10CA50009FED896B27EE057BB7EEC77B81ED007AF2
:10CA60008A4982ED037A096893F9095051601A7A6C
:10CA7000017842EA052207EE102ADA79B8EEC77B80
:10CA80000270834827EE067B0170891A814818BF1F
:10CA90000121D2070170B7EEC77B7F4981ED007A93
:10CAA00040F187807D4A1278002A0CBF662200225E
:10CAB000997A06AD7A4B4FF00F099FED7A7A4BF6D3
:10CAC00027081A700DF11906774A0DF1240B774BE0
:10CAD0004FF0000E1170764AD2ED007A67EE877A39
:10CAE000FDEEE77A17EE902A0FFA82FC714AB2F94E
:10CAF00000204FEA2C2A82EAE271A1EBE2716E4A31
:10CB0000059117780FCB07C5059A2B804FF02203AC
:10CB10008DF81DC08DF81EA08DF81F90ADF82080F7
:10CB20008DF822308DF823708DF8242016F8013FFF
:10CB30009E44B3451FFA8EF30FFA8EFEF6D15F4E78
:10CB40000E2106A88DF82530FBF770FC33785A1CAF
:10CB5000012B32707FF6F6AB594A2546594B177AAE
:10CB600092F809C00FCB57EA0C0707C52B8016D1E6
:10CB7000554B1A78022100238DF82D20625C01317B
:10CB800013440D299AB21BB2F8D10E2120468DF81C
:10CB90003520FBF74BFC00233370FFF7D3BB4B4B27
:10CBA000D3ED007AFCEEE77ACDED057A9DF81420FE
:10CBB000E0E766227CE7354B454D1B686B6295F8D4
:10CBC0004C30042B0DD0AA7C042685F84D7085F8D6
:10CBD0004E20404900964048EA6B14F00DF885F865
:10CBE0004C603E4906AB3E4A0D7807CA03C323F8A2
:10CBF000022B120C1A7095B93A4B5B7D002B3FF457
:10CC0000A1AB394A234607CA150C03C30B2123F8ED
:10CC1000022B20461D70FBF709FCFFF793BB244B4A
:10CC200006A89FED207A0B21D3ED007A2F4B67EEFB
:10CC3000877A214AB3F900301278FDEEE77A8DF851
:10CC40001F30C3F307238DF821208DF8203017EE15
:10CC5000903A1BB21A128DF81D308DF81E20FBF78A
:10CC6000E5FBC9E722491C48F5F796FE11E500BF30
:10CC70009A9999999999B93F7B14AE47E17A843F83
:10CC80005CD60120C4D901205BDA0120F4D901204F
:10CC900065DA01205CDA0120DCD901206EDA01209E
:10CCA000514601200000C84279DA0120E006002048
:10CCB000D4D9012038DA01206FDA012052DA0120BC
:10CCC00004460120F006002036DA0120BCD90120FC
:10CCD00074CB0120302400202831012053DA0120B8
:10CCE000C8060020AC820120D40600203EDA0120D4
:10CCF0007C1400202DE9F04705460E4614F044FC54
:10CD0000214B224C0127DB6B277393F88430606042
:10CD1000042B12D1072E12D02A6C002105F1380005
:10CD200007F026FF14F030FC237B23B1D4E9003256
:10CD30009B1A0344236000232373BDE8F087A88D6A
:10CD400011F032FE42F20F739842E5D12B6C042BA6
:10CD50001A46E2D90026DFF83890DFF83880DFF88D
:10CD600038A004E0013688F855709E420AD899F838
:10CD70000020002AF6D1AB6B5046995D13F092FD6E
:10CD80002B6CEFE71A46C8E7B8D5012010CC01207C
:10CD900045DA012074CB01205832012070B5012101
:10CDA0004FF461252D4C242014F054FC0021242044
:10CDB0002B4E14F013FC29462046002213F062FB90
:10CDC000284B2046802228491D6013F0D5FC2046C0
:10CDD0004FF48072254913F0E9FC254C30460022BF
:10CDE0004FF4E13113F04EFB30464022214913F05D
:10CDF000C3FC29462046002213F044FB1E4B20466C
:10CE000080221D601D491E4D13F0B6FC20464FF4D4
:10CE100080721C4913F0CAFC1B4C284600224FF4B8
:10CE2000164113F02FFB28464FF48072174913F078
:10CE3000BDFC204600224FF4E12113F023FB2046E5
:10CE40004FF48072124913F097FC20464FF4807221
:10CE50001049BDE8704013F0A9BC00BF5832012052
:10CE6000983101205C85012060850120E08501204A
:10CE7000183301204CCD0120F4860120F8860120D2
:10CE8000B8320120788701203831012038CC0120C8
:10CE9000F4820120F48301202DE9F047C04D84B0D5
:10CEA00042F21070BF4C14F01BFBBF4F2E6840F2D3
:10CEB000EE28DFF8889316F009FD2378002B00F0A8
:10CEC00013813B78DB0740F10F812B68D9F80020F4
:10CED0009B1A0E2B40F208812E21B44816F078FCE4
:10CEE0001221B34816F074FCB2481AF029F8014632
:10CEF000B04816F06DFCB04814F07AF9AF4AB04B68
:10CF00001268B04CA3FB0232AF49B04804F10D07E0
:10CF1000920CC4F5C87613F06FFE0A2014F0E0FA04
:10CF2000F9F792FCA01914F01FFC04F8010BBC42A5
:10CF3000F8D1FCF78BFCA64C13F090F80126FCF717
:10CF400081FAA44AA449A54813F004F8A44AA549C3
:10CF5000A54812F0FFFF01210D2014F07BFB0021FA
:10CF6000A24801F0F5F81E21A14816F031FCE0239B
:10CF70001021A04884F8A53084F8306184F82F612E
:10CF800016F026FC3146204600F012FE002840F044
:10CF9000B9800521984816F01BFC984E98498C489A
:10CFA00006F10C0800F09CFFA6F116079FED950A0C
:10CFB000A6F1160001F02CF80021A6F1160001F0F0
:10CFC00009F9F41E14F8011F01230022384601F06C
:10CFD00027F9B442F6D1E61CB045F2D18348F8F700
:10CFE000F7FB97F84C30012B08D0797C0022012305
:10CFF00087F84D1087F84E2087F84C30FFF7CEFEAB
:10D00000814CFBF7EBFF814B00224FF4E1311868B4
:10D0100003682060DB6998472E6804E02B689B1B3F
:10D02000192B00F2B88000212046F9F765FF00288F
:10D03000F4D01721764816F0CBFBB4F91A50B4F9A6
:10D040001830B4F9162073496048009513F0D4FDE8
:10D05000FBF73AF94FF4FA74FCF77EFEDFF8E09143
:10D06000FAF796FD4FF4C07014F05EFE8046FAF7B2
:10D070002FF82046A8F85C41C9F8008014F074FB32
:10D080000B2800F0E1800B23214603A80422039320
:10D0900014F014FDB8F95C1108F1300021220231BE
:10D0A00014F00CFD3B215C4816F092FB98F8003020
:10D0B000012B2CD8D9F800300124584A584988F857
:10D0C0007841C3E95C12FAF7F7FD2521554816F0BF
:10D0D0007FFB3E4813F074FD204614F001FA04B0C3
:10D0E000BDE8F047FCF7D6B82B6822789B1B32B11D
:10D0F000B3F5FA6F3FF6F0AE16F0E8FBDBE643451A
:10D10000FAD9E9E60C21484816F062FB45E74046AB
:10D11000FAF784F998F80030012BCBD908F13805DB
:10D120000124424FDFF81CA1284E0821404816F088
:10D130004FFB0A2C35BF012100213846504616F01E
:10D1400047FB0A22002321463046013413F062FDDA
:10D150000221384816F03CFB6B780A2B35BF0121C1
:10D1600000213846504616F033FB00230A2215F8FA
:10D17000011F304613F04EFD0121384616F028FB02
:10D1800029780C23304603FB0181543113F0E6FC6F
:10D19000192CCAD18EE72621274816F019FB57E72C
:10D1A000F4D9012075DA012074DA0120205800201A
:10D1B00050580020504101200046C3232431012053
:10D1C00083DE1B434CD60120941F00202831012010
:10D1D0007C33012095060000C10400006458002043
:10D1E0003D740000457500006C58002074CB012090
:10D1F0007858002098580020781C00208ACB012005
:10D2000040420F000000F042AC8201207833012040
:10D21000D4580020EC58002010590020710900005B
:10D22000E507000074590020801C00206C4E00208F
:10D230003025002030260020AC58002008DA0120DC
:10D240006CD601201C4F002008F1300408F1510673
:10D25000C8F5E375601914F087FA04F8010BA642CB
:10D26000F8D12421014816F0B3FA1FE74C590020E9
:10D270002DE9F04F89B0B44C14F086F9B34B012579
:10D2800060601B782573002B40F0B680B04813F027
:10D290001BF883B2002B00F0AF80762B00F20B81DD
:10D2A000AC4B80B21A691D708242DA68B8BF18614F
:10D2B0008242C8BFD860A64813F058F8A64BC5B242
:10D2C0001B78002B40F01581A44B1B7B002B6FD0EB
:10D2D000A34FA44E3B68B36296F85130052B28D07B
:10D2E000727CB6EE087B4FF005089F4806EE102AC8
:10D2F000B27CCDF80080B8EEC66B9FED915B26EE58
:10D30000076B07EE102AB8EEC77B27EE057BFCEE15
:10D31000C66BFCEEC77B16EE902A86F8522017EEFD
:10D32000901A326C86F85310904913F065FC86F819
:10D33000518000230D2D86F8303000F06B81242DB4
:10D3400000F05C810A2D00F04281DFF8689299F8C4
:10D350000030002B40F03481DFF85C8298F8003018
:10D3600053B3DFF858A29AF800302BB3804E4FF039
:10D37000000B8048FBF774F8FE2259467D4888F878
:10D3800000B08AF800B089F800B018F051FF3A6890
:10D390000D20794BC6F800B0C3F8902414F048F97A
:10D3A00001460D20B1FA81F1490914F017F903E0A3
:10D3B00029467248FCF708FD14F0E6F8237B23B1F8
:10D3C000D4E900329B1A0344236000236C4E23737C
:10D3D00014F0DAF80123294670606A48337313F0B9
:10D3E00061FA14F0D1F8337B23B1D6E900329B1AED
:10D3F000034433600023337314F0C6F8237B23B156
:10D40000D4E900329B1A0344236000235E4D0126B9
:10D41000237314F0B9F85D4B2E731B786860002BF2
:10D420003AD15B4812F050FF83B2002B34D0762BF8
:10D4300072D8584B80B21A691E708242DA68B8BF3F
:10D4400018618242C8BFD860514812F08FFF524B1A
:10D45000C6B21B78002B50D114F096F82B7B23B169
:10D46000D5E900329B1A03442B6000234B4C2B73ED
:10D4700014F08AF80123314660603F482373F8F7BF
:10D48000F1FD14F081F8237B23B1D4E900329B1A1B
:10D49000034423600023237314F076F82B7B23B915
:10D4A00000232B7309B0BDE8F08FD5E900329B1A39
:10D4B00003442B60F4E7264813F052F9384902A8D8
:10D4C00013F0E2FC02A905A813F0FCFC244B05A80C
:10D4D000196813F091FD334913F058FD01462248B5
:10D4E00013F03CFB05A813F009FD02A813F006FD9C
:10D4F000D8E7284616F056F9E6E601212A4816F044
:10D5000067F9314600230A22174813F083FB0121F3
:10D51000264816F05DF99FE71D4813F021F92049D0
:10D5200002A813F0B1FC02A905A813F0CBFC0C4B28
:10D5300005A8196813F060FD1D49CDE7AFF3008021
:10D540009A9999999999E93FE086012045DA012055
:10D550005832012004D6012062DA01204CD6012085
:10D56000F4D9012074CB012028310120302400207F
:10D5700070D7012070D60120F87D012074D70120DA
:10D5800038CD0120B83201207888012046DA012008
:10D590001833012028D6012063DA0120A0CD012014
:10D5A000143E00205820002044250020084B002075
:10D5B0008820002058DA012057DA012059DA0120AA
:10D5C0001C4E1D4A3368D55401333360C4E6194EEE
:10D5D00019493268DFF86480DFF864908D540132B5
:10D5E000DFF860A03260012289F8003098F800303E
:10D5F0008AF80020002B3FF4DFAEB8E60D4E0E4A4D
:10D600003368DFF83C90D55401333360012389F847
:10D610000030A1E6074E0122DFF82080064988F895
:10D6200000203268DFF818908D54013289F80030FC
:10D63000326096E670D7012070D6012057DA0120BB
:10D6400058DA012059DA01202DE9F84313F09CFF44
:10D65000294C0246012329486260237312F034FEEC
:10D6600060B913F091FF237B23B1D4E900329B1AF8
:10D670000344236000232373BDE8F883204F1F4831
:10D6800012F074FE1F4E3B78F0540133DBB2991E4A
:10D690003B70725C0D2AE4D1334413F8013C0A2B31
:10D6A000DFD13378802B02D17378812B1FD05521A5
:10D6B000154816F08DF80721144816F089F83B78C4
:10D6C000022B11D90025DFF84890DFF848802A4660
:10D6D000B25C49464046013513F08EFA3B78EDB214
:10D6E000023B2A469D42F3DB00233B70B9E73046FC
:10D6F000FAF79CFEF8E700BFF484012038310120DE
:10D7000049DA012064D10120E818002040190020E6
:10D7100048190020283101202DE9F04186B08F4CB6
:10D7200013F032FF01236060237312F0CFFC13F07B
:10D730002BFF237B23B1D4E900329B1A03442360DF
:10D7400000232373FFF794FDFFF77EFFFDF742FDF3
:10D75000FCF756FF824812F0B7FD002840F0A68083
:10D7600013F012FF7F4C024601237F48237362604F
:10D77000F8F72EF813F008FF237B23B1D4E9003229
:10D780009B1A034423600023784E794D01272373AD
:10D7900013F0FAFE774A336814682F73D4F86021C7
:10D7A000B4F864119B1A68608B426BD92378002B04
:10D7B00040F0AF8000230022C4F81230C4F81630C5
:10D7C000C4F81A30C4F81E30C4F8223084F8263069
:10D7D0000023C4E90A23D4F8703103B19847D4F880
:10D7E0006C3103B198473368C4F8603113F0CCFE54
:10D7F0002B7B23B1D5E900329B1A03442B60002711
:10D800005D4CDFF8AC812F73012513F0BDFE394666
:10D81000606040462573F9F76FFB002861D113F073
:10D82000B3FE237B23B1D4E900329B1A0344236067
:10D830000023237315F062FF00284FD14F4941F2B6
:10D840008832336809685B1A934244D813F09CFE0F
:10D850004B4A01214B4C136860600B4421731360E9
:10D8600013F092FE237B23B1D4E900329B1A0344C8
:10D87000236000234448237312F026FD10BB06B03A
:10D88000BDE8F08133689B1AB4F866219342ADD9A4
:10D890002378002BAAD094F86831002BA6D1272139
:10D8A0003A4815F095FF84F868719FE72C4812F00C
:10D8B0005DFD374B1B78002B4AD02B4B012283F8A0
:10D8C00055204DE7304812F051FDC0B206B0BDE81A
:10D8D000F04115F067BFFAF741FAB7E7F7F746FCF2
:10D8E000ACE7D8F81A20B8F81E30D8F81610294836
:10D8F000F5F708F8284B5A681D702A445A601A69CF
:10D90000BA42DA68D8BF1D61012A88DD0122DA60D7
:10D9100085E72249684613F0B7FA694603A813F071
:10D92000D1FA1F4BB4F8641103A8A3FB0131890994
:10D9300013F04EFB1B4913F029FB01461A4813F064
:10D940000DF903A813F0DAFA684613F0D7FA31E7B5
:10D95000C1B2164812F0A6FFAFE700BF8C880120C5
:10D96000983101205CCB012074CB0120F4D9012037
:10D97000E8CB01206CD60120CC82012068D50120A3
:10D98000FCD90120D4CB0120B8320120183C002062
:10D9900045DA0120C8D4012044D50120A03B002055
:10D9A000D34D6210C43B00202831012058320120A1
:10D9B000AC8201200020704790F8A32090F8A200CC
:10D9C000101A704790F8A23090F8A3209A4205D917
:10D9D0005A1C034480F8A220987E70474FF0FF3015
:10D9E000704700BF90F8A23090F8A3209A4202D965
:10D9F0001844807E70474FF0FF307047704700BF7B
:10DA00000346B0F8300178B193F82F21882A03D962
:10DA1000012200205A60704702F1010C01201A44D3
:10DA200083F82FC182F8A510704700BF38B5B0F851
:10DA300030410CB9204638BD90F82F310546C3F16E
:10DA40008904A2420DD8144605F1A50022461844C7
:10DA500014F0D0F895F82F312046234485F82F3163
:10DA600038BD01224260EFE72DE9F04FD0F814A055
:10DA70001524017E8146437E83B00AEB0111384AAA
:10DA80000AEB0313374F097A93F8283002EB01159C
:10DA90000901E86852F8018002EB0311D5F804B0DF
:10DAA0001B01CE68D558CBF80040C8F88400D8F8E0
:10DAB00004304A6803432C490192C8F804301460CA
:10DAC000C5F884606B6833436B60284B4C683A68D8
:10DAD000A3FB0232920C02EB820252004B681B1B2A
:10DAE0009A42FBD84FF0090C1F4ADFF880E0D8F8C3
:10DAF0000830034202D0AB6833422FD1C5F88860AA
:10DB000054683968AEFB0131890C01EB810153681F
:10DB10001B1B9942FBD8C5F8846054683968AEFB7A
:10DB20000131890C01EB810153681B1B9942FBD821
:10DB3000BCF1010CDBD1604699F81830019A0AEB70
:10DB40000313DB68CBF8003099F819300AEB031A9D
:10DB5000DAF82C30136003B0BDE8F08F0120EBE75A
:10DB60000432002024310120001000E083DE1B433A
:10DB70000E4A10B51168046905E0DB0107D413688B
:10DB80005B1A102B08D8636913F0007FF5D14FF4AE
:10DB9000FE430120636110BDFFF766FF0028FAD045
:10DBA0004FF4FE4301206361F5E700BFF4D9012083
:10DBB0002DE9F04790F82FA10569BAF1000F4FD079
:10DBC00081468846FFF7D4FF002849D0374E00240D
:10DBD000376818E06B69190551D4DA0455D4580533
:10DBE00059D4990441D43268D21B322A3DD85445C5
:10DBF00007D9EA6D520704D19B0555D4B8F1000F3F
:10DC000052D015F063FE5445E4D8EA6D500702F097
:10DC10000703DFD413E099F8A5200133022442F46E
:10DC20008062042B2A661ED08A4503F1010309EBAA
:10DC300001020ED992F8A520042B2A66CAD0012130
:10DC4000002CE8D02146013301348A4509EB01025A
:10DC5000F0D8B8F1000FBDD04FF400732B66B9E7D0
:10DC60000420BDE8F0870124B4E72B694FF400726B
:10DC7000042043F440732B612A66BDE8F0872B69CA
:10DC8000042043F440732B61EBE72B69052043F438
:10DC900040732B61E5E72B694FF40072022043F4D7
:10DCA00040732B612A66DCE70020DAE7F4D9012013
:10DCB0002DE9F84F83460C4615461F46D0F810A0B4
:10DCC000FFF756FF002800F09E806100012DDFF86D
:10DCD0003C8140F20146CBB24FF0000138BF012534
:10DCE000D8F800900C461E43ABF8A21020E09BF839
:10DCF000A330872B3FD9DAF8142010055AD412F438
:10DD0000105F70D1D8F80030A3EB0903322B6AD82A
:10DD10009BF8A330AB4209D3022C07D9DAF85C3068
:10DD2000590703D193054BD4002F49D015F0CEFDF0
:10DD3000022CDCD8DAF85C3003F007025B07D6D49B
:10DD4000681E224440F480704CB9CAF86060013407
:10DD5000131B032BCBD8022CC9D8002CF5D0012CD7
:10DD600037D01FB14FF40073CAF860309BF8A3306E
:10DD70000324872BBFD8DAF85C2012F4E02FC2F31B
:10DD8000024CB8D0591C9C441933C9B25FFA8CFCC0
:10DD90005BFA83F3DAF870004A1C61458BF8A31034
:10DDA000D1B203F8010FA6D08929F3D1DAF81420F3
:10DDB0001005A4D5DAF8103043F44073CAF81030D7
:10DDC000DAF85C3013F4E02F06D19BF8A300BDE82D
:10DDD000F88FCAF86000BAE7DAF8103043F400733D
:10DDE000CAF81030F1E7DAF810304FF4007243F45B
:10DDF0004073CAF81030CAF86020DAF85C3013F4C7
:10DE0000E02FE2D0E8E70420BDE8F88FF4D9012044
:10DE1000F8B506690446D6F8145115F4706301D0BC
:10DE2000C6F81431A8070BD5D6F8702111043DD5DA
:10DE30000023012184F8A230234484F8A3109A76A9
:10DE4000EA0710D594F83071F7B194F82E7194F870
:10DE50002F31BB4226D97B1C274484F82E3197F8FA
:10DE6000A530C6F86031AB050DD594F8A30018B104
:10DE7000D4F83C3103B198470023A4F8A230A4F8A9
:10DE80002E3184F83031F8BDD4F8383103B19847D9
:10DE9000002384F82E31012384F8303194F82F3197
:10DEA000BB42D8D80023C6F86031DCE794F8A33031
:10DEB000872BC5D8591CC9B2BEE700BF0148FFF780
:10DEC000A7BF00BF7C3301200148FFF7A1BF00BFFF
:10DED000BC3401200148FFF79BBF00BFFC35012087
:10DEE00010B4144C00220369A1421A6114D8124CD8
:10DEF000012012494FF430329C6458629962DA6210
:10DF00009C6C00204FF0011101221C6518625DF825
:10DF1000044B99651A6170470948814207D9094C39
:10DF200009480A499C645A629862D962E8E7084C39
:10DF30000848F6E77F1A06003B372819B80B050595
:10DF40003F420F000A09070460090101007F050034
:10DF50001C1A120C100E020210B400240170C0E949
:10DF600001245DF8044B70472DE9F04184B0002591
:10DF70000127064603AB88463A468DF80C501946F1
:10DF8000CDE90075806815F053FE9DF80C403B46C6
:10DF900003A904F06F0402228DF80C5044F0100421
:10DFA000CDE900558DF80D4044F04004B06815F0FF
:10DFB000D3FD3B4603A902228DF80D4004F04F0427
:10DFC0008DF80C5064F05F04CDE90055B06815F091
:10DFD000C3FDFE2303A902228DF80C303B468DF8C9
:10DFE0000D80CDE90055B06815F0B6FD052013F0A1
:10DFF00077FA3B4603A90222B0688DF80C508DF8E1
:10E000000D40CDE9005515F0A7FD04B0BDE8F08145
:10E01000F7EE007A2DE9F041B4EEE70A86B0054646
:10E02000F1EE10FA76D4DFED487AB4EEE70AF1EEBD
:10E0300010FA72DD9FED406BD5ED037AB6EE002B42
:10E04000B7EE003BB8EE675BF0EE084A85EE067B64
:10E0500037EE027B37EE437BB7EEC77BB4EEE47A54
:10E06000F1EE10FA53D4DFED397AB4EEE77AF1EE3F
:10E0700010FA59DD4FF0FF080024012605AB3246A7
:10E08000019419460096A8688DF8144015F0D0FD4B
:10E090009DF81470334605A98DF8144007F06F02FF
:10E0A00042F01002CDE900448DF815200222A86844
:10E0B00015F052FDFE2305A902228DF814303346D7
:10E0C0008DF81580CDE90044A86815F045FD33466C
:10E0D00005A902228DF8157067F05F078DF81440CE
:10E0E000CDE90044A86815F037FD052013F0F8F9D4
:10E0F000334605A90222A8688DF814408DF81570E2
:10E10000CDE9004415F028FD06B0BDE8F0814FF0E0
:10E110000308B1E79FED0A6B8EE7B7EEC06A9FED8B
:10E12000087B26EE076B87E7FCEEC77ACDED037A16
:10E130009DF80C80A0E700BF0000000000586B4174
:10E14000000000000000B04000C05A4500007F43BE
:10E1500070B50446806884B00E4610B1102113F0EB
:10E16000E5FD102013F0E0FD05466268217815F00A
:10E17000CDFC2846A560012115F0D2FC054610B95A
:10E18000284604B070BD00234FF4004203A9ADF847
:10E190000C200222CDE900330123A06815F0DCFC3D
:10E1A0000A2013F09DF9094BE36036B12046314651
:10E1B000FFF7DAFE284604B070BD20469FED040A42
:10E1C000FFF726FF284604B070BD00BF40787D01F0
:10E1D00000007A4430B5012285B000230D46044684
:10E1E0008DF80C20CDE9002303AB8068194615F0AB
:10E1F0001FFD9DF80C2085B142F00402002501238B
:10E200008DF80D2003A90222A0688DF80C30CDE90D
:10E21000005515F0A1FC05B030BD02F0FB02EDE7A2
:10E2200030B5144640F6FF7285B09442A44628BF2C
:10E230009446DBB1002C66D040F6FE739C4230D988
:10E240008900002210240123063180688DF80920FE
:10E250008DF80810CDE90022ADF80A2002A90522A8
:10E260008DF80C4015F078FC05B030BD1D4640F629
:10E27000FE7389009C4252D874BB063110250123DD
:10E2800005228DF8081002A980688DF80940ADF8C4
:10E290000A408DF80C50CDE9004415F05DFC05B046
:10E2A00030BDA2EB0C0289000023806894B20631D5
:10E2B0008DF8093005228DF80810250A8DF80A30EE
:10E2C00002A98DF80B408DF80C50CDE900330123E5
:10E2D00015F042FC05B030BD06314FEA1C24012385
:10E2E00005228DF8081002A98068019500958DF827
:10E2F00009508DF80A508DF80BC08DF80C4015F0C0
:10E300002BFC05B030BD8900806810220123063146
:10E310008DF80940CDE900448DF808109CE71022E3
:10E320000631012380688DF8081002A9ADF80A2093
:10E3300005228DF809508DF80C50CDE9005515F0E7
:10E340000BFC05B030BD00BFA0F14103192B1AD959
:10E350003D2811DC2A2813DDA0F12B03122B0FD846
:10E36000DFE803F0190E0E0E1B1515151515151502
:10E370001515150E0E0E1700A0F16103192B04D907
:10E380004FF0FF30704718467047473870470430E9
:10E390007047402070473E2070473F20704700BFC5
:10E3A0002DE9F04F002B85B09DF838409DF83C10CA
:10E3B0000092019340DA002C3ED02D23019A037085
:10E3C000009B5B4262EB4202002946D00121029190
:10E3D00002994FF0000C414D01390391411803F0AF
:10E3E0000F041B090CF1010C2C5D43EA02731209A6
:10E3F00001F8014F53EA0204F1D15FEA5C056AD0EB
:10E40000039A0CEB0203821803445D1B12F8011FF0
:10E410001C78147003F801199D42F7D1DDE9003230
:10E42000134304D1302300F80C300CF1010C029896
:10E43000604405B0BDE8F08FDDE9003231B1DDE9BF
:10E440000014214343D000210291C1E7DDE90045DA
:10E4500002912C4303D18C46E0E7012102910299FD
:10E460004FF0000C1D4D4FF0CC3901391C4C0526E6
:10E47000471803919918984696460CF1010C41F102
:10E480000001A4FB01AB2BF0030A0AEB9B0AA1EBF2
:10E490000A015B1A62F1000A09FB03F204FB0A227B
:10E4A000A3FB04A31A440AF001034FEA5A0AA3FB90
:10E4B000063B5918B8F10A0F4AEAC273695C7EF14B
:10E4C000000E4FEA520207F8011FD3D295E700234E
:10E4D0009C460293A2E74FF0010C9FE7C83F002043
:10E4E000CDCCCCCC002070474368994228BF194658
:10E4F00081600846704700BF0020704700207047C9
:10E5000000207047704700BF002070474FF0FF3079
:10E51000704700BF0378A3F121025C2A14D903F0ED
:10E52000E002091AC02A01D101290FDC03F0F00230
:10E53000E02A01D1022927DC03F0F803F02B01D1F6
:10E5400003290DDC0020704701207047407800F05F
:10E55000C000A0F18000B0FA80F040094000704790
:10E56000437803F0C003802BECD1837803F0C00321
:10E57000802BE7D1C07800F0C000A0F18000B0FA95
:10E5800080F0400980007047437803F0C003802B7F
:10E59000D8D1837803F0C003802B14BF0020032060
:10E5A000704700BF8842106008D31FE00A2B0AD0D2
:10E5B0005368884203F10103536017D0844610F872
:10E5C000013B0D2BF2D1614510D90D2B06D09CF8E3
:10E5D00000300A2B0AD10CF1010070479CF8013081
:10E5E0000A2B03D10CF1010C6145F0D800207047D3
:10E5F00039B3002370B5154E154D05E05AB1222AE6
:10E600000BD00133994206DDC25C5C2AF6D103F1DE
:10E61000010E8E4503DB6FF00103184670BDC21872
:10E620000A4C92F801C0082202E014F8012F32B11E
:10E630009445FAD1A41B2A5D0AB10233E2E773467E
:10E64000E2E76FF001031846704700BF4042002028
:10E650004842002000000000002970B568DD047801
:10E660002D2C61D0A4F12B04B7EE003BB4FA84F456
:10E670006409A14240F39C8004F1FF3EB2EE046BBA
:10E680009FED530B86440BE007EE903A0134B8EE51
:10E69000E77BA142A0EE067BB0EE470B00F08B803B
:10E6A0001EF801CFACF13003DDB2092DECD9BCF17D
:10E6B0002E0F23EE000B3FD00CF0DF0CBCF1450F0A
:10E6C0002FD1631C99422BDDC55C2D2D67D01C46D4
:10E6D0000026055D2B2D5DD0303DEBB2092B63D8B4
:10E6E0002044002340F2331E01E073450EDC013468
:10E6F00003EB8303A14205EB430307DD10F8015F41
:10E70000303D5FFA85FCBCF1090FEED9BEBB33B1D9
:10E71000B2EE047B013620EE070BB342FAD123465A
:10E720001C4602B1146070BDBFEE003B0124A0E79F
:10E730009FED270B0024F4E7631C99423EDD051989
:10E74000B2EE044B1C469FED246B9FED215B0AE06B
:10E7500007EE903A0134B8EEE77BA142A7EE065BE4
:10E7600086EE046B2DD015F801CFACF13003DEB28C
:10E77000092EEDD9A142A3EE050B9DDCD1E7002BBC
:10E78000CFD0B2EE047B0021013180EE070B8B422B
:10E79000FAD1C6E70134A14206DD055D9CE70234EB
:10E7A000A142BEDD012694E7002EBAD12346B7E789
:10E7B0009FED070B012423EE000BB2E79FED045BF6
:10E7C0001946A3EE050B0C46ABE700BFAFF3008084
:10E7D00000000000000000009A9999999999B93FAA
:10E7E000F0B585B000236C46039384E8030041B381
:10E7F0000E46013819460A270BE015F8044C17FBA2
:10E8000004EEBEF1FF0F1CDC05F804EC01339E4260
:10E810001AD010F801CF01F11004ACF1300E0DEB5D
:10E8200004055FFA8EF4092CE7D9BCF12E0F08D14C
:10E83000022901F1010104D81BB110F8014C2E2C62
:10E84000E4D1002005B0F0BD0329FAD1BCF12E0FB0
:10E85000F7D00399002301201160D37405B0F0BDF7
:10E860002DE9F843894611680B4653F8088B13606D
:10E870004F68B8F1000F12D07C1E474405460A4E7F
:10E88000013F14F8013F49461B09F05CA847237873
:10E89000494603F00F03F05CA847A742F1D14FEAC5
:10E8A0004800BDE8F88300BFC83F00202DE9F04FC5
:10E8B000CDB002460BAD1BAF0590294692F82D3026
:10E8C000043292F828601B0492F82B4092F82A0038
:10E8D00043EA0663234343EA002341F8043F8F429F
:10E8E000ECD13CAC0CAAAC46976B114652F8046FC5
:10E8F0004FEAF743486A0D684FEAB64183EA774327
:10E900009442284481EAF61183EA972381EAD601EA
:10E9100003440B44D363E7D1059B4BA96546D868F4
:10E920001A685C685F6994469E6903900291186951
:10E930009968DB698E46069204932F4B07940193E6
:10E9400008912E4B09900A970B96DDE9039A09E08E
:10E9500001993E46A6460746644651F8043F4046A4
:10E96000944601914FEAF02800EA070126EA0002E6
:10E9700004EA0E0B88EAB0184A4055F8041F88EAEA
:10E98000706890444FEA7C32884484EA0E0182EA3F
:10E99000BC0201EA0C01D04482EABC52B24681EAD0
:10E9A0000B0143440A4403EB0908F1461A44029B55
:10E9B000AB42CDD1069B039D1344079A0999754438
:10E9C000624441449446089A224414460A9A0244F6
:10E9D00010460B9A3A441746049A32441646059A52
:10E9E000C2E9003CC2E90245C2E90410C2E9067668
:10E9F0004DB0BDE8F08F00BF84430020982F8A42BD
:10EA00002DE9F04FADF5417D0DF178090F903EAC49
:10EA100048460E79083111F8073C11F8012C11F81D
:10EA2000085C1B0442EA066211F803CC43EA056362
:10EA300011F8067C11F8026C42EA0C4211F8055CF0
:10EA400043EA072342EA06222B4340F8082F844278
:10EA50004360DED1A0AF20AA1646D2E91C10D2E94D
:10EA60000254CB0C08324FEAC10E43EA40334EEA5F
:10EA7000507E4FEAD04C83EA0E034FEAC00E4CEAB8
:10EA8000413C4EEA517E89098CEA0E0CD6F84CE0E6
:10EA900041EA80618CEA901C30684B40B16C76682A
:10EAA00009184FEA55004EEB06065B184FEA152E83
:10EAB0004CEB060640EAC4704EEA046C610880EA3A
:10EAC0000C004FEAD51C41EAC5714CEA446C80EA5F
:10EAD0000C001B1893674FEA142343EA056383EA8B
:10EAE000010383EAD41346EB03069742D667B3D1FA
:10EAF0000F9BBEAA0E929A68DE68596910929A6AB4
:10EB00009869119612915E6BD9691592DA6A1F693C
:10EB10001C685D68B84613901491186A596A169279
:10EB200017961A6B9E6B1E921F9619941A951B9737
:10EB30001C901D91DB6B029218937C4B159A0D93E0
:10EB4000189B05920A93139B169A0793149B099698
:10EB50000893774B179E06920493109A754BDDF835
:10EB600048B0DDF844A0039601920B9315E0DDF860
:10EB70000480D34601941C460D9BAA46059E15466B
:10EB800053F8082F02960D93069E5B680396049235
:10EB90000B93CDE9050138467146860B059A830C27
:10EBA00046EA8146024043EA81338F0B5E408B0C7C
:10EBB00047EA804743EA80334FEA157E5F40C3054A
:10EBC0004FEA857C43EA51234CEA940C5E40029B59
:10EBD0004EEA041E23EA00038EEA0C0E4FEA446C50
:10EBE0005340CA054CEAD51C42EA5022F318039E52
:10EBF00082EA0702069F26EA010601EA070786EA7B
:10EC000007064FEA147742EB060259F8086F47EA05
:10EC100005179B194FEA847646EA950687EA0607A8
:10EC2000019E87EA0C0786EA08068AEA0B0C0C9715
:10EC300006EA0406D9F804700CEA050C42EB070258
:10EC4000099FDB190A9F47EB0202049FDB190B9F08
:10EC500047EB0202029F04930997039F0A97019FC3
:10EC600007EA08030C9F5E40049BBE194FEA456704
:10EC700047EAD4178EEA07070AEA0B0E8CEA0E0C55
:10EC800047EB0C0C079FCDF81C80DF19089BCDF8D3
:10EC900020B042EB030E049B9B190E9E42EB0C022C
:10ECA0004E457FF464AF199EF3181A9E46EB02029C
:10ECB000109E34190F9E3360119B43EB050C019B92
:10ECC0001B9DED18129BC6E9012443EB0A02139B1E
:10ECD000C6E903C513EB08041C9D149BC6E9052473
:10ECE00043EB0B03159CEF191D9A059D42EB0E0299
:10ECF0002018169CF36144EB01011E9C179B6419BC
:10ED0000B0620698029D43EB00001F9B72625B1984
:10ED10003762F1623463189A039C42EB0402C6E93D
:10ED20000D03F2630DF5417DBDE8F08F7003002007
:10ED300022AE28D7982F8A42012925D930B54378A9
:10ED400004787F2B14701DD903F07F039D1C8D4226
:10ED500015D8E3B1013B841C00F1010C54FA83F493
:10ED600000231CF801EF64454EEA0323F9D1EC18A7
:10ED70008C4204D805442046C2E9013530BD4FF02D
:10ED8000FF3030BD0225F2E74FF0FF3070472C46D0
:10ED9000F0E700BF012926D9831C30B50478147030
:10EDA00044787F2CC2E9014315D90023802C53609D
:10EDB0000BD0A0F17F0500F1010C25441CF801EFF8
:10EDC0004EEA032365455360F8D1A4F17E0C1C463E
:10EDD00000EB0C039360014423444FF0FF30994251
:10EDE00028BF002030BD4FF0FF30704700210022C7
:10EDF000002301640A4910B4C0E90E23094C0A4AF1
:10EE00000A4BC0E90641C0E90823094C09490A4AEE
:10EE10000A4BC0E90A41C0E90C235DF8044B704776
:10EE200085AE67BB67E6096A72F36E3C3AF54FA59B
:10EE30007F520E518C68059BABD9831F19CDE05BC7
:10EE40002DE9F04F9BB04469076819914168C26889
:10EE50000A91C16AC5698368099727460C92139481
:10EE6000BE468469826A0F91416B066A0B930D94CA
:10EE70002C4603691495A046456A0E921091026BC8
:10EE8000816B16951792189112931596C06B0D9C75
:10EE90001190109801940A2408901046119A0C9F22
:10EEA00007920A4606940395DDF824B0029705926E
:10EEB000DDE90E1ADDE90AC955460491C246E0466D
:10EEC000CC46DDE907149B44029AF044019F8BEA8B
:10EED0000000524488EA0404674406EB3046944636
:10EEE000059AB146039E7A40079706EB34468CEAB2
:10EEF0000101039605EB3145049E85EA0A0A06EBFB
:10EF000032474E460CEB3A5C73408CEA3141029337
:10EF1000039B05EB316583EA0E0E019B85EA3A5AA5
:10EF200087EA0309029B08EB3E580BEB335B079B18
:10EF300088EA344403EB39538BEA3040049383EA84
:10EF4000324306EB30660193019A3346039E07EB8A
:10EF50003267029A039306EB346683EA3253019ACE
:10EF600086EA3E5E02930CEB736C049B87EA395988
:10EF70008CEA326203EB7A630BEB7E6B83EA3464D8
:10EF80000193039B06EB3246039408EB796803EB8D
:10EF90003444029B8BEA316186EA7363059488EA04
:10EFA000306007EB31470CEB335C05EB304587EA0B
:10EFB0007E6ECDF808C084EA7A6A019C85EA796998
:10EFC00004EB3A5C029C0BEB3E5B84EA3242039C0E
:10EFD00008EB39588BEA314106EB326607EB3167B3
:10EFE00088EA304003968CEA3444049705EB306598
:10EFF000059E4FEA326206EB346687EA3E5E059272
:10F00000039F85EA3959069A86EA3A5A87EA3353C2
:10F01000013A4FEA79674FEA31614FEA7E6E019714
:10F020004FEA306006924FEA34644FEA7A6A4FEA58
:10F0300073637FF448AF0894E146099CC446079186
:10F04000D0465C440C99AA46039DA3460A9C0D9F9A
:10F050006444059AA4460B9C4C44A146029C21445E
:10F06000129C1C44139B73440294019C0393159BB4
:10F070002744149C334444441E46169B01942B445D
:10F080000E9D109C9E46049B1D44179B0344A8465E
:10F090000F9D1846089B55441C44189B1344079A1F
:10F0A0000493119B13449A46199BC3E900BCC3E91E
:10F0B00002910299049A196103995C63C3E90517E7
:10F0C0000199C3E909E8C3E90716C3E90B50C3E98D
:10F0D0000E2A1BB0BDE8F08F103A2DE9F04F22F058
:10F0E0000F0290F84C308DB0044602F1100AB3FACA
:10F0F00083F30B9001EB0A025B0900681B060A927E
:10F100006268814609932346019202EB8202A46859
:10F11000DD681E69089204EB840206EB860A0796F6
:10F1200005921E4605EB8502029404950392D6E9EA
:10F130000754D3E90523766A0868103151F80DECBD
:10F1400020F07C4051F80ACCCEF3990E024451F8DD
:10F15000070C9E4451F8043C04EB9010099CCCF33E
:10F16000191C44EA1323039CAC44089D1E44059BD0
:10F17000A0FB0373E2FB0973EEFB0A73ECFB047361
:10F18000E6FB0573BD0E45EA831527F07C43019F1E
:10F190000693A0FB0434E2FB0734059FEEFB093421
:10F1A000ECFB0A34E6FB0734EB18029F44F1000441
:10F1B0004FEA936823F07C4348EA8418A0FB0A5482
:10F1C000E2FB0754019FEEFB0754039FECFB09543D
:10F1D000E6FB075418EB0505049F44F100044FEAD1
:10F1E000956B25F07C454BEA841BA0FB0948E2FBAC
:10F1F0000748029FEEFB0748019FECFB0748E6FB30
:10F200000A481BEB040448F1000B4FEA946824F011
:10F210007C4448EA8B18A0FB07B0079FE2FB07B0CD
:10F22000049A029FEEFB02B0ECFB07B0E6FB09B0CC
:10F2300018EB0B0B40F100004FEA9B622BF07C4671
:10F2400042EA8012069802EB820202440A98814246
:10F2500003EB926322F07C427FF46EAF0B99C1E91D
:10F260000523C1E907544E620DB0BDE8F08F00BF21
:10F27000826B2DE9F04F044685B00E46BAB1831873
:10F28000012183F83C1053180F2B07D802F13D00E1
:10F290000021C2F10F02204416F0CAFF0123102200
:10F2A00004F13C01204684F84C30FFF715FF276A33
:10F2B00000256369D4E9061202EB9168626A21F0C5
:10F2C0007C49E16A07EB986728F07C48019102EBE2
:10F2D000976227F07C47910E42F07C4B01EB810155
:10F2E000194422F07C43226B09EB916921F07C41A7
:10F2F000029201F1050C0093636B09EB9C6E039382
:10F3000008EB9E6007EB90620BEB926B4FEADB73AE
:10F3100003F1FF3A5B420CEA0A0C0EEA0A0E1940AE
:10F3200003EA090902EA0A022CF07C4C2EF07C4E1A
:10F330001F404CEA010C22F07C4200994EEA090E73
:10F3400003EA080800EA0A004CEA8E6C0BEA0A0A93
:10F350000B4042EA0701A26A20F07C404AEA03031C
:10F36000019F1CEB0202A26A40EA080094444FEAA3
:10F37000032242EA914286F800C04FEA813141EA15
:10F3800010314FEA005040EA9E1345EB0500DB19AF
:10F390004FEA1C27777045EB05071B18029847F1C9
:10F3A000000709184FEA1C4033714FEA1C6CB0701B
:10F3B00045EB0500C919039F86F803C040F1000022
:10F3C000D21931721218180A7071180C1B0E327390
:10F3D000B071F3710B0A73720B0C090EB372130A3E
:10F3E000F1727373130C120EB373F27365622561BD
:10F3F000C4E90555C4E90755C4E90055C4E90255F7
:10F40000C4E90A55C4E90C5505B0BDE8F08F00BF4A
:10F41000F8B51546826B06460C46FAB1C2F11007E4
:10F42000AF4228BF2F4657B14B1E02F13B0C84441C
:10F43000D81913F8011F83420CF8011FF9D13A447F
:10F440000F2AB26300D8F8BD102206F13C01304605
:10F45000ED1BFFF741FE3C440023B3630F2D11D891
:10F46000002DF0D0B06B6A1E631E00F13B01144406
:10F47000314413F8012FA34201F8012FF9D1284498
:10F48000B063F8BD25F00F0221463046AD1A144492
:10F49000FFF722FE002DD6D0E4E700BF10B582B002
:10F4A0001446002308226946CDE90043FFF7B0FF68
:10F4B00002B010BD4B1E5BB2002B29DB03F1010C27
:10F4C0005AB200EB8C0C10B502E05AB2002A0BDBEA
:10F4D0005CF8044D5FFA83FE1146013B002CF4D02A
:10F4E0000EF1010E4FFA8EF181B16FF040430B44E3
:10F4F00050F823302BB100225B0802F10102FBD14E
:10F5000093B2013903EB411000B210BD084610BDA3
:10F5100081B16FF040430B4450F823302BB10022EF
:10F520005B0802F10102FBD193B2013903EB4110F8
:10F5300000B27047084670472DE9F04FB3F1000B59
:10F5400085B000907CDD4FF0000CA0F10409E64688
:10F550006046E046054670464FF0000E7446ACEB40
:10F56000040351F824A00134002652F8233067B276
:10F57000A3FB0A3A5B195AEB000A1D4628BF012675
:10F58000B8455046B644EADA0CF1010C49F8043F9C
:10F590004FFA8CF8C345DDDC4FF0FF335E4603EBDA
:10F5A0004B039B4598463EDA5FFA8BF3DA464FF001
:10F5B0000109013B01930B1DCDE902324FFA89F598
:10F5C000AB4538DD761B039B0446704601364FF091
:10F5D000000E03EB8606019BA3EB090C029B55FA78
:10F5E0008CFC01EB850503EB8C0C55F8043B0027E4
:10F5F00056F8042DA3FB02321B1942411C4628BFBA
:10F600000127AC451046BE44EFD10AF10103009A30
:10F6100009F1010942F82A404FFA83FA5FFA89F9A1
:10F62000C2455646CADB009B03EBCB0343F8040CF0
:10F6300005B0BDE8F08F044670464FF0000EE4E7D9
:10F640004FF0000E7046A7E770B516460332054628
:10F650000C4648BFB21D931042F38702002A06DD14
:10F660005A1E0021D2B20132920016F0E1FD002EA6
:10F6700017DD04F1FF3C023C0CEB0601A219A2EBE2
:10F680000C031CF8014F03F0030E23F003038C4519
:10F690004FEACE0EE85804FA0EF444EA0004EC50A7
:10F6A000EDD170BD70B5D0E90435044605EB4305D6
:10F6B00063B10139681E002311F8012F013382F074
:10F6C000360200F8012F22699A42F5D8E2689A4280
:10F6D0000AD9013B36202B441A4603F8010FE16892
:10F6E0000232521B9142F7D820462368984763683C
:10F6F000E26829462046BDE87040184770B5D0E959
:10F7000004350446164605EB430563B10139681E0E
:10F71000002311F8012F013382F05C0200F8012F61
:10F7200022699A42F5D8E2689A420CD9013B5C21E1
:10F730002B449C4603F8011FE2680CF1020CACEB71
:10F74000050C6245F5D831462046A3689847204607
:10F7500023689847E26829462046636898473146FF
:10F760002046636822699847A36831462046BDE871
:10F7700070401847094A8904094B41EAC05110B446
:10F7800054680B4344F400045460136453681B0230
:10F79000FCD5106C5DF8044B80B2704700802D40A2
:10F7A0000000026010B442EAC050084C084B626886
:10F7B00040EA814142F400020B43626023646368C3
:10F7C0001B02FCD55DF8044B704700BF00802D4044
:10F7D0000000025008B114F00FBE70472DE9F04F41
:10F7E00000258BB00B788046039504950995CDE9EB
:10F7F0000555CDE90755002B5ED00122A946AA4642
:10F800002E462F46AC46AB462846019515E03A2BCE
:10F8100034D0402B43D146EA0A032B4308D14FF0A2
:10F820000109654682469C461E4610464F46CB4619
:10F8300011F8013F541CA3B12246B2F1010E14BFCE
:10F84000012400242F2B14BF002404F00104E4B988
:10F850005D2BDCD111F8013FA4460127541C002B7D
:10F86000EAD1B9F1000F24D1019B9BBB0FB1CDF8B8
:10F870001CC0BBF1000F20D006901EE05CEA06031E
:10F88000D6D11E4694460127D2E760B911F8013C53
:10F890002F2BCDD1844627461046A346C8E72F2BF1
:10F8A000C6D10028C4D0002EC2D1012376460193D0
:10F8B000BEE7CDE904A5D7E71A4603AC0992454651
:10F8C0000FCC0FC594E8070085E8070040460BB051
:10F8D000BDE8F08F0896C9E72DE9F04F85B00746DF
:10F8E0000E469246DDF8388099460F9DB8F1000F1C
:10F8F00049D0109B002B46D1511C00248E4289F820
:10F90000004039D90024534611E0A84503D94FF0EF
:10F910002E0309F80530681C0BEB0005454518D38C
:10F9200001345C440AEB0403591CB14221D217F89C
:10F9300003B0BBF1000F37D01BF0C00F39D101333A
:10F940005B44B34222D2002DDFD128465D464545B7
:10F95000E6D20134394448445A4612F04BF95C442B
:10F960004FF0000309F805300AEB0403591CB142BB
:10F97000DDD3B8F1000F0AD00023204689F8FF300C
:10F9800005B0BDE8F08F109B062B04D10024204663
:10F9900005B0BDE8F08F0AF101018E42B2D8002413
:10F9A000B8F1000FF3D0E7E70134B8F1000FEED063
:10F9B000E2E74FEA0B227B5C02F47C521A43531CB1
:10F9C000B34203D2BB5C13F0C00F04D00234B8F1D1
:10F9D000000FDCD0D0E7109B31463846019501334B
:10F9E000CDF8008002934B46FFF776FF0028EDD15B
:10F9F000CCE700BF38B5044615460846D4E90123D4
:10FA000059199142216888BFD51A19442A4612F023
:10FA1000F1F8A36828462B44A36038BD2DE9F04FC8
:10FA2000A5B00C4601F1400714AE069020681034D2
:10FA300054F80C1C354654F8082C103654F8043C85
:10FA4000BC420FC5F2D1069CD44AE36827692068FE
:10FA5000BA1813970F9002EBF062169F12933FBAF9
:10FA6000D4E90115149C85EA030685EAB10C24BA91
:10FA700011950E400CEA000C4FEAB00010915E4068
:10FA80008CEA050C80EAB1081644159A92FA82FABB
:10FA9000C24A26447C409A18C04B08EA060894449F
:10FAA000BE4A88EAB108AA18D44480EAB6053A44A6
:10FAB0000CEBF66C03EBB1019044179A05EA0C05C8
:10FAC00012BA08EBFC6845404FEABC0C114400F147
:10FAD000B54082EA0A0A0D44189900F51E3009BAA9
:10FAE00005EBF86500F2991081EA070EAB4F084468
:10FAF00073468CEAB60E0EEA080E8EEAB60E8644FF
:10FB0000199800BA0EEBF56E80EA02098CEAB80289
:10FB1000C7192A404FEAB50507EBB60782EA0C027F
:10FB20003A441A9F3FBA02EBFE6287EA01061B992C
:10FB3000019691FA81FB85EAB80698498BEA0000A4
:10FB400006EA0E067918049085EABE00614486EA4A
:10FB5000B80610400E4491496840594406EBF266DD
:10FB60004FEAB20201EBB80108441C9991FA81F8FE
:10FB70008A4900EBF66084EA080C82EABE0441443C
:10FB80003440CDF800C0294488EA070C84EABE045A
:10FB90001D9FCDF814C00C4497FA87FC82EAB60189
:10FBA0007E4D1F9F8AEA0C0A014065443FBA04EB70
:10FBB000F06405EBBE0551404FEAB000CDF808A057
:10FBC00029441E9D8CEA0B0A87EA0C0C2DBA01EB26
:10FBD000F461CDF82CC089EA070983EA050EDFF845
:10FBE000BCC1019B85EA0808CDF81CE080EAB60E8E
:10FBF000AC440EEA040E944480EAB4028EEAB60ED7
:10FC00000A40E644DFF894C14240BC440EEBF16E7A
:10FC10004FEAB1010CEBB60C209E36BA624483EA7F
:10FC2000060C02EBFE62CDF80CC086EA050C219DA5
:10FC3000019695FA85FB009DCDF834C081EAB40C9D
:10FC400085EA0B038BEA07070CEA0E0C0093049B72
:10FC50008CEAB40C83EA0B06009B89EAF379009BDB
:10FC6000089688EAF3764D4687EAF9784B4F0A966C
:10FC7000019ECDF83880F7190C95074481EABE0043
:10FC8000BC44464F10405F440CEBF26C48404FEAD6
:10FC9000B20207EBB407C4192298029F00BA04EB22
:10FCA000FC6487EA0003059F464087EA0008039F3B
:10FCB000099387EAF3790B9F099B88EAF57886EA2E
:10FCC000F976CDF80C90454687EAF378089F82EAEA
:10FCD000BE0988EAF5780595039B09EA0C09CDF879
:10FCE000108086EAF878239E89EABE09454696FA8E
:10FCF00086F8079E88EA0B0B86EA08068AEA080A55
:10FD0000CDF808B087EAF67B8AEAF37A0D9F5B4666
:10FD1000CDF804B0CDF81CA087EAF67A0A9F87EAEE
:10FD2000FB7B029F87EAF377079B02978AEAF37AC5
:10FD30000E9F534687EAFB7A029F0E93CDF820A0D0
:10FD400087EAF37A009BCDF808A0DFF850A0089F5F
:10FD5000824480EAF370099B8A440599099580EAF8
:10FD6000F170CA440D4980EAF7790C4F82EABC0071
:10FD7000414488EAF378CDF82890204001EBBE0199
:10FD80000AEBF46A50404FEAB4040144079888EA49
:10FD9000F07884EABC0088EAF57E01E09979825A1D
:10FDA000009D00EA0A0001EBFA61CDF82CE007EBB8
:10FDB000F57E80EABC003D46964484EABA021F46BE
:10FDC00070440A4005EBF37E00EBF16062404FEABD
:10FDD000B1010EEBBC0E05EBF67C724481EABA0E63
:10FDE000A4440C9C0EEA000E4FEAF67605EBF47381
:10FDF0008EEABA0E03EBBA0A009B4FEAF474F4449D
:10FE000086EAF375039B84EAF77786EAF376019B2B
:10FE100085EAFB7584EAF374049B02EBF06287EADF
:10FE2000F3770E9B0CEBF26C86EAF376089B87EA7D
:10FE3000F979039F84EAF374029B85EAF37E0B9DB4
:10FE4000DF4B86EAF57881EAB006CDF8308084EAA7
:10FE5000FE7816404FEAB20203EBF774CDF8348017
:10FE600082EAB0054E400C44564485EA0C0506EB88
:10FE7000FC66254482EABC0405EBF6654FEAB60150
:10FE80007440019E03EBF67606EBB006059803EB93
:10FE9000F070344481EABC061044059A6E4004EBCD
:10FEA000F5644FEAF272304482EAF776099F82EAFB
:10FEB000FB7286EAF7760A9F00EBF46082EAF7723B
:10FEC00086EAF97782EAF878009781EAB506079F13
:10FED00066404FEAB40403EBF772CDF8148003EBED
:10FEE000FB7802EBBC024FEAF77C049F3244019E90
:10FEF000884484EAB0018CEAF6768CEAF77C029FAB
:10FF000002EBF06286EAF7760B9F51408CEAF77CB1
:10FF10000C9F86EAF776009F8CEAF77C049FCDF869
:10FF20001CC084EAB50C8CEA000CC44403EBF778DF
:10FF30000E9F0CEBF26C08EBB5084FEAB20201EB36
:10FF4000080503EBF77182EAB00821444FEAF77421
:10FF500088EA0C08099F05EBFC65414484EAFB78BC
:10FF600084EAF7740C9F88EAFE7884EAF774079FA6
:10FF700088EAF67884EAF77A089F01EBF56103EBEB
:10FF8000F774CDF838A082EABC0A04EBB00B4FEA54
:10FF9000F774049F8AEA050A4FEAB50584EAF77008
:10FFA000029FD34484EAF7740D9F80EAF97084EAD3
:10FFB000F774059F0BEBF16B84EAF87A80EAF7702F
:10FFC000099F85EABC04CDF820A003EBF77A0190E5
:10FFD0004C400A98924404EB0A02029C85EAB10A5A
:10FFE00003EBF47402EBFB628AEA0B0A04EBBC0439
:10FFF0004FEABB0B03EBF07CA2448BEAB104AC44A8
:02000004600199
:100000000AEBF26A5440A4444FEAF074059884EA7B
:10001000F775009F84EAFE7485EAF77584EAF07448
:1000200001980CEBFA6C85EAF0750395089D0B9826
:1000300084EAF575029F8BEAB20409954FEABA0586
:1000400084EA0A0403EBF07A0AEBB10A4FEAF07192
:100050000798544481EAF77A039F81EAF9718AEAA2
:10006000F67A81EAF0710E9804EBFC648AEAF07A81
:10007000504681EAF77A03EBFE710C9FCDF828A079
:1000800085EAB20A594403EBF97B8AEA0C0A02902A
:100090000BEBB20B8A4403EBF77285EABC010AEB67
:1000A000F46A2A4461404FEAF7754FEAB404009FAE
:1000B000594485EAFE7E84EABC0B8EEAF87E8BEA20
:1000C0000A0B85EAF7750E9F01EBFA615A448EEA36
:1000D000F07B85EAF7750A980D9F02EBF16285EADD
:1000E000F07E019803EBF775CDF830E084EABA0EA4
:1000F00005EBBC058EEA010E4FEAF77C089F4FEA3C
:10010000B10175448CEAF97E8CEAF67C8EEAF07EC9
:100110008CEAF77C099F05EBF2658EEAF77E009F7B
:100120008CEAFB79CDF82CE081EABA0C03EBF77E80
:10013000059F8CEA020CA64403EBF674F44481EAB2
:10014000B20E04EBBA040CEBF56C8EEA050E4FEA26
:10015000B505A64485EAB2040EEBFC6E84EA0C0AEF
:1001600003EBF7740C440799544403EBF1734FEA23
:10017000F17103EBB20304EBFE624FEAF774009FE8
:1001800081EAF67684EAF77781EAF071039884EAE7
:10019000F87487EAF077029886EAF076099884EA9C
:1001A000F0740A9881EAF0710B9887EAF07A0C9F54
:1001B000504686EAF77A84EAF976024C049003E026
:1001C000A1EBD96EDCBC1B8F079681EAF07685EA3D
:1001D000BC010D9602EABE0681EA0E01194442EA0C
:1001E000BE0303EABC0301EBF2611E4304EBF873A8
:1001F0002B4401EAB2051E4441EAB20303EABE03FE
:1002000006EBF1661D43019B0E9F04EBF37303980D
:1002100003EBBC0306EAB10C1D4446EAB10303EA52
:10022000B20305EBF66543EA0C0C04EBF77303EB42
:10023000BE0305EAB60E63444FEAF77C0C9F8CEAD6
:10024000F8788CEAF07C0D9888EAFB788CEAF77CE9
:10025000089F88EAFA788CEAF07C03EBF563CDF826
:1002600038C045EAB60C0CEAB10C4CEA0E0E04EBB1
:10027000F77C0CEBB2024FEAF77C019F72448CEAE8
:10028000F770029F02EBF3628CEAF77C0B9F8CEA1B
:10029000F97C80EAF770079F8CEAF87C80EAF77EA9
:1002A000039FCDF814C043EAB50C03EAB5000CEA8D
:1002B000B60C4CEA000004EBF77C029F0CEBB10C8F
:1002C00002EAB301604442EAB30C0CEAB50C00EB5D
:1002D000F2604CEA010104EBF77C099F0CEBB60CD1
:1002E00040EAB206614400EAB20C06EAB30601EB4A
:1002F000F06146EA0C0C04EBF77606EBB5064FEA24
:10030000F775039F664485EAF77C049F06EBF16668
:1003100085EAFB7500968CEAF77C079E8CEAFE7CEA
:10032000029F85EAF675059ECDF80CC085EAF67C3D
:100330000A9E41EAB005CDF820C001EAB00C05EAFA
:10034000B20545EA0C0C04EBF67505EBB3054FEA74
:10035000F673009E654483EAF77C0B9F05EBF66518
:100360000D9E83EAF7738CEAFA7C83EAF6730E9E9D
:100370008CEAF67C039ECDF804C083EAF67C009EEE
:10038000CDF808C046EAB10C06EAB1030CEAB00C9D
:100390004CEA030304EBFB7C0CEBB20C05EAB6025F
:1003A000634445EAB60C0CEAB10C03EBF5634CEA86
:1003B000020204EBF77C0CEBB00C43EAB50062449C
:1003C00003EAB50C00EAB6000C9E02EBF36240EAC9
:1003D0000C0C04EBF67000EBB1004FEAF671049ED2
:1003E000604481EAFB7B81EAF6710E9E8BEAF87B22
:1003F00081EAF671019E00EBF2608BEAF67B029EC9
:1004000081EAF67C009E42EAB301CDF828C002EAF8
:10041000B30C01EAB50141EA0C0C04EBF9714FEAA7
:10042000F97901EBB60189EAF776059F89EAFA794D
:10043000614486EAFE7689EAF779089F01EBF0616C
:1004400086EAF77C049F00EAB206CDF824C040EAB1
:10045000B20C89EAFB790CEAB30C4CEA060604EB11
:10046000F77C079F0CEBB50C01EAB005664441EA46
:10047000B00C0CEAB20C06EBF1664CEA050504EB95
:10048000FA7C0CEBB30C46EAB103654406EAB10C06
:1004900003EAB00305EBF66543EA0C0C04EBF773D3
:1004A00003EBB2034FEAF772049F634482EAF777E3
:1004B00003EBF56382EAF8720093039B87EAF37714
:1004C000089B82EAF372099B82EAF97C45EAB6024C
:1004D00087EAF377CDF81CC00D9B02EAB10205EA6A
:1004E000B60C049742EA0C0C04EBF37202EBB00278
:1004F0004FEAF370009B624480EAFA7C02EBF362FD
:10050000019B80EAFE708CEAF37C029B80EAF37028
:100510000A9B8CEAF37C049B674680EAF37C009B91
:10052000CDF82CC043EAB50C03EAB5000CEAB60CD2
:100530004CEA000004EBF87C0CEBB10C02EAB301CE
:10054000604442EAB30C0CEAB50C00EBF2604CEAF2
:10055000010104EBFE7C0CEBB60C40EAB2066144F0
:1005600000EAB20C06EAB3060E9B01EBF06146EA24
:100570000C0C04EBF37606EBB506059D664404EB24
:10058000F574009D04EBB50406EBF165059E00953E
:100590004FEAF67C4FEAF375039E059785EAF873F8
:1005A00085EAF675019E8CEAFE7883EAFB738CEA95
:1005B000F67C099E83EAF773079F88EAF6780A9E1D
:1005C0008CEAF97C85EAF67588EAF7780B9F8CEA65
:1005D000F37C85EAF77E009F41EAB005CDF830E074
:1005E00001EAB00E05EAB2054FEAB10145EA0E058F
:1005F0002544934C04EBF37E0F9B05EBF7652344F6
:10060000CDF828E004EBF67A019E0E9381EAB00360
:1006100004EBF9797B40039F04EBF77E0EEBB20EFF
:10062000009A734481EAB20204EBF67E089E03EB63
:10063000F5636A400EEBB00E00984FEAB5057244C0
:1006400085EAB00E04EBF6708EEA030E02EBF3625D
:1006500008444FEAF671049E704481EAF77E079FD2
:1006600081EAFB718EEAF67E81EAF77104EBF67699
:100670008EEAF87E049604EBF878029E81EAFC711B
:1006800004EBFC7CCDF8208004EBFB7B04EBF778DB
:10069000CDF81CC0009F04EBF17C04EBF671AB4479
:1006A00085EAB305CDF834C001EBB701099F00EB33
:1006B000F260554004EBF77C4FEAB20229440CEBA0
:1006C000B30C82EAB303924401EBF06143404FEA7A
:1006D000F67582EAB002019E5B4409EBB00985EA37
:1006E000F6764A4003EBF163CDF80C904FEAB10186
:1006F000624485EAF775059F81EAB00004EBF7795B
:1007000086EAF7760C9F584002EBF36286EAF776AA
:1007100004EBF77C049F504404EBF67B0F4481EA22
:10072000B30100EBF260039E51404FEAB20209EBC5
:10073000B30982EAB303314490440B9E434001EB7A
:10074000F06182EAB0023B4404EBF67A85EAF67582
:100750004A4003EBF1630E9E4FEAB1014A440AEBB3
:10076000B00A85EAFE7581EAB00006EBF5750A9ECF
:10077000584002EBF362771881EAB3014044089EC7
:10078000514004EBFE7400EBF2604FEAB2025144B8
:1007900006EBB30E079E82EAB303944401EBF061CB
:1007A000434082EAB00206EBB0083B444A400D9F4A
:1007B00003EBF16372444FEAB10102EBF36281EAA9
:1007C000B0000C4481EAB30158400BEBB306514032
:1007D0006044414400EBF2604FEAB20201EBF06189
:1007E00082EAB303174482EAB002434005EBB00546
:1007F0004A402344069C1644129A03EBF1634FEAE5
:10080000B10102EBB30206EBF366E26081EAB000ED
:10081000119A584081EAB30302EBB60273400744D1
:10082000A260139A07EBF6671D44114405EBF765C8
:1008300021611099CB19C4E9005325B0BDE8F08FB0
:10084000D6C162CA2DE9F8434268054690F8AD303A
:100850000C46D2F83C80DA0725D520262E274FF00B
:100860004409D8F81830E2199A4288BFDC1BB8F85E
:1008700050304B4506D21A4B1B68002B17DC4B46F9
:10088000A8F8509026449E420AD9C7F10E0795F861
:10089000AD20FC18D30703D5114B1B68002B12DCCD
:1008A0002046BDE8F88354266227B146D9E70120E7
:1008B0000C4B41F251220C49F8F762FD49460B48B6
:1008C000F8F7A4FDDBE7074B41F258220649012067
:1008D000F8F756FD0648F8F799FD2046BDE8F8837D
:1008E000E4430120342C0020D0610020E861002086
:1008F000146200202DE9F041B0F9066004460D466F
:100900008E4206DBB4F90430AB421DDBA580BDE8A6
:10091000F0814FEA460801208845B8BF88464FEA73
:10092000880113F003FD074618B1B4F90430002B19
:1009300015DCE668304613F05FFDB4F90430A4F826
:100940000680AB42E760E1DAEA1AE068002100EBDA
:100950008300920015F06CFCA580BDE8F081B20028
:10096000E668314611F046F9E4E700BF2DE9F84F9B
:100970008A46116805460B4653F8086B13604F68AA
:100980002EB947B3384616F0DBFA064618B30024F2
:1009900007F1FF3BDFF84C9027461BF8010FC8B169
:1009A000104A082302E012F8013FBBB18342FAD19A
:1009B000A2EB09020C4B13F80280B8F1000F0DD026
:1009C00051465C20A847514640460137A8470134AC
:1009D000B442E2D33E193046BDE8F88F5146A847ED
:1009E000F5E700BF404200204842002070B50024D7
:1009F00082B00E46224601A901940EF009FD05467B
:100A000048B1B30709D40C21012013F08FFC10B1B9
:100A1000019BC0E9005302B070BD204602B070BD1A
:100A200070B50C4606461046154616F089FAA042E7
:100A300012D922462946304615F0D2FC60B96CB175
:100A40002B5D2F2B0AD0254415F8010CA0F12F00A7
:100A5000B0FA80F0400970BD002070BD012070BD6B
:100A600070B5054682B0CDE9002116F069FA064658
:100A70002846DDE900210EF0CBFC10B1012002B0C8
:100A800070BD044602E0FFF7CBFF58B920460134A1
:100A90000EF0B4FC024631462846002AF3D1104637
:100AA00002B070BD042002B070BD00BF61F07F01D4
:100AB0007D2810B5197004D8022458705AB9204600
:100AC00010BDB0F5803F11D27E2140BA0424597088
:100AD0005880002AF3D05A7818190434042162F09F
:100AE0007F025A70F8F704FC204610BD7F240021D5
:100AF00000BA5C700A24C3F80210C3F80600DDE7F0
:100B000013F032BF70B5446805460E46A4B12368A1
:100B10004360036B013B0363A368D3B936B220463D
:100B2000FFF7E8FEEB6A01210022A6800B44A160DA
:100B300022602046EB6270BD1021012013F0F6FB0D
:100B40000446B100012036B213F0F0FBE060E6800D
:100B5000E8E711F02BFE00BF0929844608DC3023AA
:100B60000322303104208CF802300CF80210704758
:100B7000632910B522DD154ACB17642082FB0142A0
:100B8000C3EB621300FB131103F1300209298CF847
:100B9000022018DD042205204FF0030E0C4BA3FBAE
:100BA0000143DB0803F1300403EB8303A1EB4301B2
:100BB0000CF80E4030310CF8021010BD0322042056
:100BC0004FF0020EEAE703220420F3E71F85EB5102
:100BD000CDCCCCCC2DE9F041054603E0CCB110EBF7
:100BE000080F16D015F8014B11F801EBA4F14107DD
:100BF0002346AEF14106F446192FA2EB050898BF33
:100C000004F12003192E98BF0EF1200CB3EB0C0356
:100C1000E4D01846BDE8F0814368012930B5DA6BAD
:100C200083B004460D461AD08B1EDBB2022B13D8BC
:100C3000154951F82310936DD26D5B1884F8CE508E
:100C4000C4F8B83042F10002104BC4F8BC201B6855
:100C5000032B06DC03B030BD4AF6C871EBE79621E2
:100C6000E9E70B4B41F2A6020A490420F8F788FB9A
:100C7000616B2A46084894ED2E7B8DED007BF8F7DA
:100C8000C5FB03B030BD00BFE40A0020E4430120EF
:100C9000202C0020D061002010580020B1F5C06F3A
:100CA0002DE9F0410C4616D92C4B1B68002B03DCB8
:100CB0004FF0FF30BDE8F081294B44F6C3520120CC
:100CC0002849F8F75DFB21462748F8F79FFB4FF0CE
:100CD000FF30BDE8F081254FDFF8A0803D6808EBCC
:100CE000C50673881B040BD51C49D2F880300968EF
:100CF00001330029C2F880301FDC0020BDE8F081FC
:100D00001B4B014605EB4500224603EB402010F04B
:100D100071FF4FF08072A3B228F835300135738827
:100D2000032D9BB243F40C437380124B5A6111DDC7
:100D3000002320463B60BDE8F081094B44F6C752D2
:100D400008490120F8F71CFB0B48F8F75FFB00206F
:100D5000BDE8F08120463D60BDE8F081E44301201C
:100D60007C2A0020D0610020AC44002030D9012032
:100D70000063012000802D40C0440020007B012042
:100D80002DE9F04F1746A3B04F4A88464F49BE0998
:100D90002C9C0546CDE902124D4A0492A2F16462F0
:100DA000A2F5E332A2F5DF7205921A6806925A683C
:100DB00007929A680892DA6809921A690A925A693F
:100DC0000B929A69DB690C920D934FF001036268F4
:100DD0000E9323680F93A368CDE9102356D0B30177
:100DE000C34600EB86164FF0020A0DF1480921AC0C
:100DF000019302A84946FEF723F8DC4611AA2846CB
:100E0000CDF838A052F8041F5CF8043BA24283EAF4
:100E1000010340F8043BF5D140350BF1400B0AF1DA
:100E2000010AB542E5D1019B984417F03F0402D175
:100E300023B0BDE8F08F0DF1480902A84946FDF73F
:100E4000FFFFA4080ED008EB840C42464C46304607
:100E500052F8043B54F8045B624583EA050340F80A
:100E6000043BF5D107F03C0307F00307022F06EB24
:100E7000030208EB03001AD0032F09D0012FD7D1AA
:100E800059F8031003784B401370D1E70646CCE7BE
:100E900059F8035041788378047881EA152183EA70
:100EA000154384EA0500517093701070C0E759F83B
:100EB0000350417818F8034081EA152184EA0500BF
:100EC000F0545170B4E700BF6E64203365787061F0
:100ED000322D62790020704700207047002840D0F2
:100EE00010B507E0CB6A1BB1048B5B889C4225D010
:100EF000006818B390F8AC30DC0607D58C692CB1CB
:100F000094F80EE090F81CC0E64518D090F8ADC0FB
:100F10001CF0010FE6D18C6A002CE9D0B0F818E083
:100F2000B4F802C0E645E3D103F001039342DFD1F8
:100F300022B9B0F82CC023889C45D9D110BD94F8B3
:100F40000FE090F81DC0E645E0D194F810E090F86D
:100F50001EC0E645DAD194F811C0C47FA445D5D1AE
:100F600010BD704700207047002070470020704778
:100F700000207047704700BFD1E9012310B403F18E
:100F8000020C94450CD80A685C1C4FF0000C8C6075
:100F9000D0540A688B6802F803C05DF8044B7047B0
:100FA0009342FAD25C1C0A6800208C60D0545DF831
:100FB000044B70472DE9F0431546B5B01A6800247C
:100FC000DDF8F0C00646059201A85A680F4611A93F
:100FD0000D9406929A680792DA6808921A69099243
:100FE0005A690A929A69DB690B920C93DCF800301B
:100FF0003B4A0E93DCF804300F93DCF80830109372
:10100000384BCDE90123384B0393A3F16463A3F577
:10101000E333A3F5DF73DDE93D980493FDF710FF9B
:10102000DDF847C0314ADDF84A0002EA9C02119B14
:10103000DDF84D10129223F07C432D4A119302EA01
:101040001012149B1F941392C3F31323294A8DF893
:10105000904002EA91121492159A1593169B1B92D6
:101060001C93179B16941D93189B179418941E930A
:10107000CDE91944B9F1000F02D0B8F1000F18D131
:101080002A46394611A8FEF7C3F915F00F021FD101
:10109000424611A80023FEF701FA2A46002311A8B0
:1010A000FEF7FCF9314611A8FEF7E2F835B0BDE8CD
:1010B000F0834246494611A8FEF7AAF918F00F023C
:1010C000DED0C2F110020C4911A8FEF7A1F9D7E752
:1010D000C2F11002084911A8FEF79AF9D8E700BF3B
:1010E000657870616E642033322D627903FFFF03EF
:1010F000FFC0FF03FF3FF003A0D10120F0B544691A
:10110000054606984FF0000E0F684FF0450C14305E
:1011100046BA204640F80E7B08278988A1802968B6
:10112000C4F80610A9884025C4F80EE06181714614
:1011300084F80DE02773C0F804E0C0F808E0C4F8B4
:101140001A30059B84F815E08646E2756246C4F8BD
:101150001E300B46268284F80EC02575A57501E069
:101160001EF8012F13F0010F03F101034FEA022CC7
:1011700018BF9446142B6144F2D10B0C03D013FA20
:1011800081F10B0CFBD1C94349BA2183F0BD00BFEB
:101190002DE9F04FA9B01D460C461746049318AB35
:1011A00029460794CDE905031046FEF783F9C0EB05
:1011B000851006B2002E06F01F05B4BF06F11F030E
:1011C0003346724243F347184FEA631302F01F029B
:1011D00058BF5542B8F1000F07DD013B002108A8B8
:1011E000DAB20132920015F023F8002D40F3A58009
:1011F000049B002B00F0AE8008A93A46C5F1200CF4
:1012000007EB830701EB88080020029152F8041BCA
:1012100001FA05F3974243EA000321FA0CF048F87B
:10122000043BF3D1002E73DB049B0127029A03F1E8
:10123000FF385C0002EB830E28AA02EB8808AEF1AF
:101240000402AEEB830503920EEB8302043D019290
:1012500028AA02EB8309002C6DDD28AAC7F101033F
:1012600002EB8303002253F888BC28AB104603EB43
:10127000870353F888AC134628A90FFA82FC013281
:1012800001EB83035AF82C1052B253F8803C03440C
:10129000CB1A4BF82C3034BF4FF0010C4FF0000C40
:1012A0009942134618BF6046A242E5DB3F1A029BF3
:1012B000B7FA87F79E454FEA57170AD9039A0023D2
:1012C000116843EA510342F80439AA424FEAC17354
:1012D000F6D159F8802C58F8803C43EAC27348F89C
:1012E000803C019B73450AD9019A002352F8041DE2
:1012F00043EA5103724513604FEAC173F6D8013EC9
:1013000036B2731CA7D128AB03EB870757F8884C7C
:10131000049B002B0CDD591E059A231FC9B2043A09
:1013200004EB810453F8041F9C4242F8041FF9D1D6
:1013300029B0BDE8F08F0020B8E7049B4FEA880091
:10134000002B07DD08AA3946029210449A0010F0DB
:1013500051FC67E7002EEBDB08AB029364E700BFAC
:1013600070B50E46D11C144648BF911D8910FFF779
:10137000C9FBB0F90420002105469200C06814F0B2
:1013800057FF621EE96821D4B05C4FF0000C0B6877
:10139000324403440B60012396424FEAC30E03F12B
:1013A000010313D012F8014D042B51F82C0004FA5C
:1013B0000EF4204441F82C00EED1002396420CF1AB
:1013C000010C4FEAC30E03F10103EBD1B5F9043070
:1013D0006FF040441A1951F822207AB9012B0DDD23
:1013E000013B9BB201E0012A07DD1AB2013B101953
:1013F0009BB251F820000028F5D0AA80284670BD85
:101400002DE9F04790B00C46174682464022002155
:101410006846984614F00CFF0023A4F1040904F177
:101420001C006E4607EB88081C4657F8041BCC4688
:10143000B646002201E0DEF800309B185CF8045F3D
:1014400044EB04026045E5FB01324EF8043BF2D167
:10145000B845326202D056F8043FE6E7AAF104012B
:101460000023ADF104070AF11C0608469E464FF022
:10147000260C57F8042FD2183C6A4EEB0E03E4FBFF
:101480000C2340F8042F8642F3D1DAF81C205B00CD
:10149000002043EAD27322F00042CAF81C2003EB7A
:1014A000C30203EB420351F8042F9B180B6040EB7F
:1014B00000038E42F7D110B0BDE8F0872DE9F0416E
:1014C00082B01F46134604460B9D089A05F1080694
:1014D000BDF82480009211220196FFF70FFE73BA27
:1014E00000F11401878203830023A0F816801A46B6
:1014F0008376C37691F800C0D70702F1010201F1AB
:10150000010158BF4FEA0C2C082A6344F2D175B18F
:101510000A99002291F800C0D70702F1010201F1F7
:10152000010158BF4FEA0C2C95426344F2D100F1FF
:101530000C01002291F800C0D70702F1010201F16D
:10154000010158BF4FEA0C2C042A6344F2D100F188
:101550001002002192F800C0CF0701F1010102F151
:10156000010258BF4FEA0C2C04296344F2D1417A9E
:1015700031440B441A0C03D012FA83F31A0CFBD13A
:10158000DB432A460A991C305BBA2A3520F8023C14
:1015900014F0D2FD636A224629465B686069984769
:1015A000854202D1E36F0133E36702B0BDE8F08109
:1015B0002DE9F043CDB0044617460E4605AD4FF475
:1015C0008D721749984628469DF8509110F012FBED
:1015D000144B20684246C5F8EC303946A3880C907D
:1015E00041A8ADF83430D4F802306B6010F002FB43
:1015F000B9F1000F00D0EE604FF48D734FF48647C1
:101600004FF0FF3132462046CDE90253CDE90017B5
:101610004FF488430449FFF751FF4DB0BDE8F08314
:101620000407002063825363083100202DE9F04F46
:1016300085B0894600F14401054690F81FB090F846
:1016400020A002AF08460BEB0A067A60396015F05D
:1016500077FCF6B204462F4A4FF0320C06F1180818
:101660003968023650FA88F8042008F1070323F09D
:101670000703ADEB030D7B68CDF813900DF108095E
:10168000CDF80D300C23029222468DF80C008DF817
:1016900012008DF811C08DF8184089F80F3009F14B
:1016A0001103184610F0A6FA01230219372101553B
:1016B000937003235670D370BBF1000F17D1101D28
:1016C000BAF1000F02D02A2300F8013B0021FF24C9
:1016D00043464A46047028460091FFF769FF0E4BC7
:1016E0001B68022B07DC0C37BD46BDE8F08F0623D4
:1016F000501D1371E4E7094B41F21B120849032006
:10170000F7F73EFE0748F7F781FE0C37BD46BDE808
:10171000F08F00BF35010336E44301205C2B00202D
:10172000D0610020406200202DE9F04F0E468BB0C2
:1017300080469146019130461146FDF7BBFE3A4B7B
:101740001B68002B3CD0C0EB49104FF0FF314FF02D
:10175000040A09F1FF3502B240460AFB098B19FB66
:101760000AFA21FA02F2EDB25146ABF1040B0092F3
:1017700003AA08EB850402EB850706EB85054026E6
:101780009847E8B1DBF80030B9F1000F009A03EA9E
:101790000203CBF800300ADDA8F104000022034662
:1017A00053F8041FA34242EA0102F9D162B9013E93
:1017B00006D01D4B514640461B6898470028E1D192
:1017C00000200BB0BDE8F08F019B0DF1080E4FF02B
:1017D000000C1A1F52F8041F50F8043FCB1AA3EB59
:1017E0000C03994204D034BF4FF0010C4FF0000CB1
:1017F000AA424EF8043BEDD102AB002253F8041B81
:101800009F4242EA0102F9D14FEA4C0C002A0CBF78
:10181000CCF1000CCCF1010C5FFA8CF00128C6D1A0
:101820000BB0BDE8F08F00BF00D601202DE9F04FCE
:1018300089B09B460646DDF85C800092062208F1DE
:1018400014048368BDF848900194BDF84CA0169F1D
:10185000FFF754FC0023054643618361C3610362C3
:10186000436200F1140317B1B8F1000F74D105F110
:101870002807149AC4F30720697AAA61159AA5F873
:101880001490EA611722A5F816A085F8222070228C
:1018900085F821B085F82320502285F82020A2B2B7
:1018A000E4B2A2B102F114096FF0130E0022A944B0
:1018B000AEEB050E0EEB030C01331CF0010F13F819
:1018C00001CC08BF4FEA0C2C4B456244F2D105F124
:1018D0000C0A0023D4469CF800E013F0010F03F13A
:1018E00001030CF1010C08BF4FEA0E2E042B7244C9
:1018F000F1D105F110090023CC469CF800E013F06B
:10190000010F03F101030CF1010C08BF4FEA0E2E89
:10191000042B7244F1D1114401EB00210C44230C3F
:1019200003D013FA84F4230CFBD11E4BE4431B6851
:1019300064BA032BAC8419DC70693246736A3F1AAF
:101940005B68474439469847874202D1F36F0133B9
:10195000F36709B0BDE8F08F394600F12807424629
:101960000793384614F0E8FB079B82E70E4B41F2E1
:1019700019220E490420F7F703FDAB8ACDF8108039
:10198000524695F821105BBA094803919BB2E98A47
:10199000CDF8049049BA89B2029106490091F7F74F
:1019A00035FDC9E7E44301202C2C0020D061002044
:1019B00050620020B1460100F0B58D6A87B01F4625
:1019C000002695F80DC013466C681CF0030CCA691C
:1019D00024BA096918BF4FF0010CD268029706318A
:1019E000A4449CFA8CF4CDE9046603942C880194F9
:1019F0006C880094FFF71AFF07B0F0BDCA695AB1AE
:101A00002DE9F0430F461369816883B004468B4289
:101A100003D003B0BDE8F083704785694FF000083C
:101A2000F968263D8D4228BF0D46396905F1040944
:101A30000631CDF80490D26800920122FFF75EFBD8
:101A40000646C0F814802A46B968183006F1140713
:101A500010F0D0F8B9F1000F2CD005F1170E6FF08F
:101A6000130C40463A46B644ACEB060C434601E044
:101A700012F8010F0CEB02010702C90748BF074625
:101A800072453B44F4D11A0C03D012FA83F31A0CBA
:101A9000FBD1DB435BBA9BB2616A2635F3822246F7
:101AA0004B682946606998478542B2D1E36F01339C
:101AB000E367AEE74FF6FF73EEE700BF2DE9F04FA7
:101AC00085B080460D46184604AC04E9060014466D
:101AD0001BB1019315F034FA019B002C00F0A38098
:101AE0002A19002703E00137A74200F0948012F87A
:101AF000011D2E29F7D1E41B254420B31BB39C46BE
:101B0000194600220E46013134782C2C65D0013262
:101B10008242F7D39E18801A1C460021A646013443
:101B20009EF80090B9F13D0F63D001318A42F5D89B
:101B300003EB010E521A1C782A2C3AD1012938D114
:101B4000C8E900E231E0DFF8F0B07C1E384904203B
:101B5000D9464FF0000A2C44E7B188B16B1E013919
:101B60001E1803E0A34216D0B34209D01A4611F85A
:101B700001CF13F801EF0232E645A2EB0502F1D0E6
:101B800059F8101F0AF1020A00293CD0D9F80400C4
:101B9000002FE2D13A469042F2D80AF1010A0BEB4B
:101BA000CA0B9BE8030088E80300404605B0BDE887
:101BB000F08F77B105F1FF39002305E09F422DD961
:101BC0008B4206D21CF8014F19F801AF0133A24530
:101BD000F4D03346002891D1B5E79042A0EB020142
:101BE00024D90136481E002A96D10028ABD03346AE
:101BF00084E7013A0EF1010E521A00299BD1002F01
:101C00009ED03346E6E70B4A19234046C8E9002335
:101C100005B0BDE8F08F002425446EE78B42D8D391
:101C2000C8E900E2C1E72746254466E7084673E7AE
:101C30002C3E00208C360020185600202DE9F84F4D
:101C4000B1F904500F461446804605F1010A514689
:101C50004FEA8A0AFEF756FFD0F80C900021524650
:101C600006464846D7F80CB014F0E2FA4FF0000EE2
:101C7000A9F10401ABF104007246F44651F8043FA7
:101C8000013250F804BF13EB0E034CEB0C0E9542DF
:101C9000EBFB043E0B60F1DC002DBB681C4AAAF193
:101CA000040AD8BF4FF0040A934249F80AE010D062
:101CB000013B002BBB600CDCD8F80410D8E90B32D8
:101CC0003960013B0132C8F80470002BC8E90B32BF
:101CD0001BDBB6F904306FF04044F0681A1950F875
:101CE00022207AB9012B0DDD013B9BB201E0012AD4
:101CF00007DD1AB2013B11199BB250F821100029DF
:101D0000F5D0B2803046BDE8F88F10F04FFD00BF2F
:101D1000AA55FF7F2AB3013A2DE9F041044600F1AC
:101D200018084D1E8E18002701E0B54217D0236C0D
:101D300015F8011FE2180133402B82F84410236488
:101D4000F3D14046FCF7B2FD2764D4E90E3213F517
:101D5000007342F10002B542C4E90E32E7D1BDE89A
:101D6000F08170472DE9F04FB1F9045089B0B2F914
:101D700004700E4605924FF00009EC19CDE90610EB
:101D80002146FEF7BFFE059BA200F468C66800214D
:101D900004903046D3F80C80A6F1040A14F048FAF7
:101DA000231F681ECE46039702934FF0000BDDF809
:101DB00008C0514601905A465B4651F8044F013223
:101DC0005CF8047FE318D8F800404EEB0E0B184681
:101DD00095425B46E7FB04030860EEDC002D0198AA
:101DE0009B460AF1040ACCBF0346002308F104080D
:101DF0004B4409F10109013346F823B0039B4B45DD
:101E0000D3DC0699244A8B68934210D0013B0A46E2
:101E1000002B8B600BDC07994B6813600B6B4A60DF
:101E200001330B63CB6A013B002BCB6232DB059B9A
:101E3000194A9B68934210D0013B059C002BA3607C
:101E40000BDC0798D0E90B324168013B013221607D
:101E5000002B4460C0E90B321CDB049A6FF0404059
:101E6000B2F90430D1681A1851F8222072B9012B46
:101E700002DC0BE0012B07DD013B10FA83F21BB201
:101E800051F82220002AF5D0049A9380049809B0D2
:101E9000BDE8F08F10F08AFCAA55FF7F2DE9F04FC6
:101EA000B3F902B01BF11F0448BF0BF13E0444F329
:101EB000471A6411BAF1000F31DD013C03F1200E25
:101EC0000E1FA0F1040CE7B2F146B04600EB870705
:101ED00000205CF8045F59F8044F2C440444A542E8
:101EE00002D08CBF01200020BC4548F8044FF0D13F
:101EF000A8B10021043A0F4656F8044F01315EF8AC
:101F0000043F4DB223443B449C4202D08CBF012786
:101F10000027AA4542F8043FEEDCBDE8F08FBBEB9A
:101F20004A1F07DB0020BAF1000FF6DD03F1200E97
:101F30000E1FDEE74FEA6B100BF01F0B51F820402D
:101F4000012000FA0BF0204214BF01200020EAE734
:101F50002DE9F0439DF91C50002D49DD141F6A1E28
:101F6000061FA1F1040E5FFA82FC4FF0000837460D
:101F700001EB8C095EF8041F54F8042F0A44424414
:101F8000914204D08CBF4FF001084FF00008CE45BD
:101F900047F8042FEED1B8F1000F13D14FFA8CF2AD
:101FA00002E00CD3511C0AD011B2013A53F821407F
:101FB00052B250F821108C42F3D9BDE8F083002DC5
:101FC000FBDD061F00213046043B0F4650F8044F4E
:101FD000013153F8042F4EB2A21AD21B944202D000
:101FE00034BF01270027B5420260EFDCBDE8F08373
:101FF0006A1E1406E1D47F22D6E700BFF0B599B07F
:102000001C4607460D4608A8114693F900301646AF
:10201000FDF792FA08A96846D4F8B03098476A46A6
:1020200094F90030394608A8FDF786FA384608A921
:10203000D4F8B0309847324694F90030694608A881
:10204000FDF77AFAD4F8B03008A96846984794F9B1
:1020500000306A46294608A8FDF76EFAD4F8B03079
:1020600008A92846984719B0F0BD00BF2DE9F043F4
:10207000051F89B00B1F01F11C062A4653F8044FB7
:10208000B34242F8044FF9D1CB6A00220DF11C0C87
:10209000039390460B6B009204934B6B05938B6BF1
:1020A0000693CB6B07936B46CDE9012263451A601B
:1020B0000DD053F8044F08EB44029442F6D08CBF85
:1020C0004FF001084FF0000863451A60F1D1ADF1FF
:1020D000040700F11C032C464FF0000EB94654F8DB
:1020E000046F59F8042F32447244964204D08CBFD6
:1020F0004FF0010E4FF0000E9C422260EFD10A6BB0
:102100000024C6446E4603924A6B079404928A6B7D
:102110000592CA6B06923A4652F8049F04EB4908AE
:10212000C14502D08CBF012400249445C2F8008030
:10213000F2D104EB0E084FF0000C2C4654F804EFDB
:1021400057F8042F72446244964504D08CBF4FF078
:10215000010C4FF0000C9C422260EFD14A6A00272C
:10216000D1F820E0C4440192E9468A6A2C460397DC
:1021700002928A6BCDF800E00692CA6BCDE9047733
:10218000079201E059F804EF54F8048F08EB0702B6
:102190007244904502D08CBF012700279C422260E8
:1021A000F0D14A6B07EB0C09D1F824E0E846039222
:1021B0002C4606924FF0000C8A6ACDF800E001929E
:1021C000CA6A02928A6B0492CA6B05920A6A0792E3
:1021D00001E058F804EF54F8047F07EB0C02724456
:1021E000974204D08CBF4FF0010C4FF0000C9C4282
:1021F0002260EED10F6B0024CA6ACC440197E846F6
:102200004F6B039402970F6A009206978F6ACDE98D
:10221000044407972F4601E058F8042F57F804EFBD
:10222000AEEB0202121B964502D034BF01240024FB
:102230009F423A60F0D1ACEB040E4C6B0A6BE8465F
:1022400001944FF0000C8C6B00920294CC6B0394C1
:102250004C6A0694CC6A07942C4601E058F8042F87
:1022600054F8047FBA1AA2EB0C02974204D034BF90
:102270004FF0010C4FF0000C9C422260EED18F6BAE
:102280000022AEEB0C0E6C4601979446CF6B069283
:1022900002970F6A4A6B03974F6A009204978F6AFE
:1022A00005970F6B07972F4601E054F8042F57F856
:1022B000048FA8EB0202A2EB0C02904504D034BFBD
:1022C0004FF0010C4FF0000C9F423A60EDD1CF6B04
:1022D00000248A6BAEEB0C0E01974F6A02940397B1
:1022E0008F6A00920497CF6A496B05970791294638
:1022F00001E056F8042F51F804CFACEB0202121B98
:10230000944502D034BF0124002499420A60F0D1E0
:10231000BEEB040726D400F1200E57B91E497246C1
:1023200052F8044D51F8046DA64231D801D38242CF
:10233000F6D1DFF868C029464FF0FF32002601E0F1
:102340005CF8042F51F8044FA21A921B944202D059
:1023500034BF0126002699420A60F1D1BF1BDCE799
:102360003F1915D0DFF834C029464FF0FF3600245E
:1023700001E05CF8046F51F8040F021932449042F6
:1023800002D08CBF0124002499420A60F1D1E7E712
:1023900009B0BDE8F08300BF743100205431002043
:1023A0002DE9F043002391F90070A1B001229F4272
:1023B0000D460646CDE90023CDE90823CDE90233D9
:1023C000CDE90433CDE90633CDE90A33CDE90C3349
:1023D000CDE90E335FDD94461A467B1E01F1040EF3
:1023E0006C46DBB20EEB830E01E0D4F800C051F86E
:1023F000040F83186344984202D08CBF012200224C
:10240000714544F8043BF0D139466846FDF752F86F
:10241000013804B2012C47DD3B460DF120084FF096
:10242000010906E0013CA3B224B2012B29D095F9A1
:1024300000304246414610A8FDF77EF810A9D5F8B5
:10244000B0304046984720A9621104F01F03A4B29F
:1024500001EB820209FA03F352F8802C1342E1D017
:10246000414610A895F900303246013CFDF764F86A
:10247000D5F8B03010A940469847A3B224B2012B3A
:10248000D5D1002F04DDBA00414630460FF0B2FB33
:1024900021B0BDE8F08339466846FDF70BF80138F6
:1024A00004B2012CB8DCF3E70DF12008EBE700BF24
:1024B00070B5046814F001051CD100EB820188425C
:1024C000A1F1040315D204334FF0000C53F8041D9E
:1024D0004CEA510498424FEAC17C1C60F6D345B1E6
:1024E0006FF04043134450F8232042F0004240F87C
:1024F000232070BD002A1DDD531EA1F1040C002510
:10250000DBB201EB830E014600E00C682B195CF88E
:10251000046F3344A34202D034BF01250025F445A3
:1025200041F8043BF1D100EB82018842A1F10403A0
:10253000C9D3D4E700EB82018842A1F10403D8D2C9
:102540000025C0E72DE9F0419DF91840002C1CDD65
:10255000013C071FA2F1040EA1F1040CE4B2002516
:1025600001EB84064FEA84083C465CF8041F5EF8E1
:10257000042F8A1A521B914202D034BF0125002534
:10258000B44544F8042FF0D10DB9BDE8F081043B07
:102590004044002457F8041F53F8042F0A442244EF
:1025A000914202D08CBF01240024B8423A60F1D19C
:1025B000BDE8F0812DE9F04100239AB0154692F96B
:1025C0000070099304460A460AA805F104080E465D
:1025D000CDE90333CDE90533CDE907330323029376
:1025E0003B46FCF7A9FF0AA92046D5F8B03098472A
:1025F000434602AA214620460097FFF7A3FF324632
:1026000095F9003021460AA8FCF796FF0AA9204652
:10261000D5F8B0309847434605F18402214620465C
:102620000097FFF795FC1AB0BDE8F0812DE9F0475F
:102630009AB0154681468A46229C2022002102A893
:1026400027461E4613F0F4FD4A4617F9048B294627
:1026500002A83B46CDF80080FFF774FF02AA94F968
:1026600000300AA81146FCF767FF0AA902A8D4F8AF
:10267000B030984702AA94F9003049460AA8FCF7FE
:102680005BFF0AA94846D4F8B030984702AA94F9EB
:10269000003029460AA8FCF74FFF0AA92846D4F8BB
:1026A000B03098473B46524631463046CDF8008020
:1026B000FFF748FF324694F9003031460AA8FCF78C
:1026C0003BFF0AA902A8D4F8B030984702A93B46BC
:1026D0004A460846CDF80080FFF734FF02A93B4682
:1026E0002A460846CDF80080FFF72CFF3B464A46B5
:1026F00029462846CDF80080FFF724FF2A4694F9A2
:10270000003051460AA8FCF717FF0AA95046D4F832
:10271000B030984749463B4602AA2846CDF800808B
:10272000FFF710FF2A4694F9003031460AA8FCF75B
:1027300003FF0AA9D4F8B030304698473B465246CA
:1027400031463046CDF80080FFF7FCFEB8F1000FAF
:1027500005DD4FEA880202A928460FF04BFA1AB0AD
:10276000BDE8F0872DE9F047B3F902901D46074612
:102770008A4619F11F0648BF09F13E0619F10708FC
:1027800048BF09F10E08741146F347164FEAE808EE
:10279000904528BF9046002E06DD621E0021D2B271
:1027A0000132920013F044FD514642463846FCF790
:1027B0004BFFB9EBC80F4FEAC80C2BD207EB8602D0
:1027C000ACEB090C97420DD2CCF1200E002052F850
:1027D000041D21FA0CF3974243EA000301FA0EF0BC
:1027E0001360F4D3013C62B25FFA84FC002A13DB6D
:1027F00002F10A01531C05EB810107EB830302E0A0
:102800000AD3100608D451F8044D013A53F8040DC8
:102810008442F5D9BDE8F087002EFBDD3A1F203554
:1028200007EB8C07002052F8041F55F8043FCB1A21
:102830001B1A994202D034BF01200020BA42136013
:10284000F1D1BDE8F08700BF2DE9F047AAB01746E7
:1028500081468A46329C2022002102A825469846BD
:1028600013F0E6FC4A4615F9046B394602A82B46DC
:102870000096FFF767FE02AA94F900301AA81146E5
:10288000FCF75AFE1AA902A8D4F8B030984702AA59
:1028900094F9003049461AA8FCF74EFE1AA948469A
:1028A000D4F8B030984702AA94F9003039461AA8F3
:1028B000FCF742FE1AA93846D4F8B03098472B46A8
:1028C0005246414602A80096FFF742FB2B4652466D
:1028D000414640460096FFF735FE2B464A463946AC
:1028E0000AA80096FFF72EFE0AAA94F90030514676
:1028F0001AA8FCF721FE1AA95046D4F8B030984720
:102900002B463A4649460AA80096FFF721FB424665
:1029100094F9003041461AA8FCF70EFE1AA9384671
:10292000D4F8B03098472B460AAA39463846009664
:10293000FFF708FE3A462B46494612A80096FFF7D5
:1029400001FE12AA94F9003041461AA8FCF7F4FDE2
:102950001AA94046D4F8B03098472B465246414613
:1029600040460096FFF7EEFD02AA94F900301AA83F
:102970001146FCF7E1FD1AA912A8D4F8B030984727
:1029800012A92B460AAA08460096FFF7DBFD2B4644
:102990004A4612A90AA80096FFF7D4FD02AA94F9A4
:1029A00000300AA91AA8FCF7C7FD1AA9D4F8B0305C
:1029B0000AA898472B460AA9524650460096FFF7A8
:1029C000C1FD002E04DDB20012A948460FF012F935
:1029D0002AB0BDE8F08700BF2DE9F04FB2F904300E
:1029E0008946B1F9046015468346B3422DED048B48
:1029F00089B090F8347001931DDDAB68B04A934202
:102A000011D0013B002BAB600DDCDBF80410DBE9DF
:102A10000B322960013B0132CBF80450002BCBE98B
:102A20000B32C0F29A82CDF80090009809B0BDEC4C
:102A3000048BBDE8F08F11DB013BD168D9F80C2085
:102A400001EB830102EB830201E0013B06D451F864
:102A5000044952F804098442CFD8F6D2019A584664
:102A6000B31A541C591C0693FEF74CF821460290E9
:102A70005846FEF747F8B5F9043082466FF04040FB
:102A8000E96808EE904A1A1851F8222052B134E24F
:102A9000013B10FA83F21BB251F82220AB80002ACE
:102AA00040F02B82012BF3DC029B0021CDF800903B
:102AB000B3F90420D868920013F0BAFB002309EEA2
:102AC000103A009BB3F904108E4200F0398218EEE0
:102AD000903A0022CDF814B06FF040449B0093462A
:102AE000A94608EE103A0B46019ADAF80C009B1A38
:102AF000009A013BD16818EE102AA3EB0B0301EBFF
:102B000083010FF077F8BAF90430B9F9048023444F
:102B1000D9F80C2008EB0406DAF80C5003929F0059
:102B200055F82310B30052F826200493914241D067
:102B30002F440023079257F8046C981911F014FAE7
:102B4000B8F1010F034612DDDDE903210A4452F812
:102B5000041C61B1079A02FB106257F8086CA3FBD2
:102B600001178E4272EB070738BF00F1FF331BBB22
:102B70000299B1F90420C968A2EB0B02224441F882
:102B800022302946009D019818EE102AB5F904302C
:102B90001B1AE868013BA3EB0B030BF1010B00EBE5
:102BA00083000FF027F8069B5B45C0F2FE80B5F965
:102BB000043099E74FF0FF33D9F8082040498A42A2
:102BC00002D00132C9F808201A46494605980393F5
:102BD000FFF734F8BAF9046007463146FDF78AFE7C
:102BE000DAF80CC0D7F80CE00022ACF10401039B2A
:102BF000704650F8048B51F8045FB5EB080534BFFC
:102C00004FF001084FF00008AD1A2CBF424648F0C3
:102C10000102013E0D601546EBD1B7F904201119F0
:102C20005EF8211069B9012A02DC0AE0012A07DDF9
:102C3000013A14FA82F112B25EF821100029F5D09F
:102C4000BA80BA681E498A4210D0013A002ABA6096
:102C50000CDC059EF26A306B013A71680130002A83
:102C600039607760C6E90B20C0F27781BAF9042099
:102C700011195CF8211071B9012A02DC0BE0012A5C
:102C800007DD013A14FA82F112B25CF82110002932
:102C9000F5D0AAF8042018EE901A50460393FDF7D9
:102CA00029FE029BB3F90420D968A2EB0B02039B17
:102CB000224441F822302DB9DAF80C5061E700BF08
:102CC000AA55FF7F013B41F82230D9F80830A44AC9
:102CD000934202D00133C9F80830B9F90460504674
:102CE000BAF904309E42B8BF1E46711CFDF702FEC1
:102CF00031464846FDF7FEFDDAF80C50D9F80C7065
:102D00003046291F0022BC465CF8047B51F8043F82
:102D1000DB192CBF012700279B1834BF3A4647F028
:102D2000010201380B60EFD1D9F8083045F82620B0
:102D30008B4A934213D0013B002BC9F808300EDCBC
:102D40000598036B41685A1CC36AC9F80010013B1F
:102D50000263C0F80490002BC362C0F2FE80BAF98F
:102D600004301A1955F82220002A40F0F180012B76
:102D700040F3EE80013B9BB21A1919B2581E55F868
:102D800022200129194683B2B2FA82F24FEA521286
:102D9000D8BF0022002AEFD10139AAF80410B9F8EF
:102DA0000430013BA9F80430EBE6DAF808304D4670
:102DB0006B4ADDF814B0934215D0013B002BCAF8E2
:102DC000083010DCDBF83030DBF804105A1CDBF87C
:102DD0002C30CAF80010013BCBF804A0002BCBE943
:102DE0000B32C0F2BA80AB685D4A934213D0013B0C
:102DF000002BAB600FDCDBF83030DBF804105A1C22
:102E0000DBF82C302960013BCBF80450002BCBE9D8
:102E10000B32C0F2A280029B514A9B68934216D0AB
:102E2000013B029A002B936011DCDBF80430136045
:102E3000DBF83030CBF804200133CBF83030DBF84E
:102E40002C30013B002BCBF82C30C0F28680009A4E
:102E50006FF04040B2F90430D4681F18012B54F8C9
:102E60002720D4BF0026012604EB8707AAB9A6B104
:102E7000013B9AB200E06EB113B2013A1918012B6E
:102E800092B254F82150D4BF0026012604EB8101F0
:102E9000002DF0D0009A0F4693805D1E002119EEA0
:102EA00010AAA94604EB8508D8F800005246002372
:102EB00011F05AF8B9F10109114648F80409F3D59F
:102EC0003B68002B7FF4B1AD002E3FF4AEADABB24A
:102ED0006FF0404001E0012A07DD1AB2013B1118F2
:102EE0009BB254F821100029F5D0009B00989A80DD
:102EF00009B0BDEC048BBDE8F08F01320023002047
:102F0000012111F031F8029B80460021B3F9042021
:102F1000D86809EE108A920013F08AF9B8F1010F0F
:102F200018D94946424658460637FEF787FE0090B4
:102F3000009B5BF82750B3F904108E427FF4C7ADB5
:102F40001C4601311846FDF7D5FCB4F90410BEE566
:102F500099B221E7CDF80090B3E50FF027FC00BF50
:102F6000AA55FF7F90F8AD3013F0010330B5044649
:102F700087B014D090F8AC30D0F880506FF3451380
:102F800080F8AC3015B100220421A847A36F03B329
:102F900000220421204607B0BDE830401847028BCC
:102FA000A58D51BA406889B2C06B059309BA0195E5
:102FB0000092CDE903330223E269029104F1C801D2
:102FC000FEF734FC0321204607B0BDE83040FDF792
:102FD00023BE07B030BD00BF2DE9F04F93F900903C
:102FE000A7B0B9F1000F40F312811F465FFA89F3D1
:102FF0001646A2F104085D1E8A4604930446EDB20B
:1030000000224346A90006EB8505039153F8041FEF
:10301000AB4242EA0102F9D1002A00F0F8805246A0
:103020004B46514616A8FCF787FA16A906A8D7F80A
:10303000B030984706AA97F90030214616A807F144
:10304000040BFCF779FA16A90EA8D7F8B030984708
:1030500006AA97F9003016A81146FCF76DFA16A9D2
:1030600006A8D7F8B0309847324697F90030514655
:1030700016A8FCF761FA16A95046D7F8B030984761
:10308000324697F90030314616A8FCF755FA16A9D2
:103090003046D7F8B03098475B4632462146204646
:1030A000CDF80090FEF754FF5B463246314630467D
:1030B000CDF80090FEF74CFF5B4632462146304685
:1030C000CDF80090FFF73EFA324697F900302146DE
:1030D00016A8FCF731FA16A92046D7F8B030984761
:1030E0005B46224621463046CDF80090FEF730FF81
:1030F000324621465B462046CDF80090FEF728FF79
:10310000226812F0010100F08580039B3946059783
:1031100020465B444FF0000E27469C4600E00268C4
:103120000EEB020351F8044F2344934204D034BF02
:103130004FF0010E4FF0000E614540F8043BEED118
:103140003C464FEA8901059F04EB89039C4209D262
:10315000002253F8040D42EA50029C421A604FEAE2
:10316000C072F6D30439635843EACE7363502246E3
:10317000214697F9003016A8FCF7DEF916A930466B
:10318000D7F8B03098475B460EAA31463046CDF8A6
:103190000090FFF7D7F95B460EAA31463046CDF8CE
:1031A0000090FFF7CFF90EA932465B460846CDF8EE
:1031B0000090FFF7C7F90EAA214697F9003016A82C
:1031C000FCF7BAF9204616A9D7F8B030984706AAF6
:1031D0005B4621461046CDF80090FFF7B3F9043C5A
:1031E000434653F8042FAB4244F8042FF9D1039916
:1031F000AAF10403514453F8042F994248F8042FCC
:10320000F9D1049B06A950469A000EF0F3FC27B0B2
:10321000BDE8F08F04EB89039C42A8D253F8042D3B
:1032200041EA52019C4219604FEAC271F6D39EE70F
:103230002DE9F04F1D1E2DED028BADB040F3EE8059
:103240009046EAB208EE100A0B1F541E0020E7B2A7
:10325000BE00019701EB870753F8044FBB4240EAD9
:103260000400F9D1002800F080814FEA82090CA8FF
:10327000AC004A460EF0BEFC4A46414614A80EF089
:10328000B9FC4A4600211CA812F0D2FF01234A468D
:10329000002124A81C9312F0CBFF15A914AB0CAA93
:1032A0003144C4F1040403EB85030A9125A902EB20
:1032B0008502083C3144089304920B910DA901EB5F
:1032C000060A1DA98F19191F1E1924AB0991111F78
:1032D0004B441444059109F1300107931CAB694438
:1032E0004B44029114A9069349440391019BA446BF
:1032F000DDE9022003E06DD3190600F1868052F863
:10330000044D013B50F8041D8C42F4D90C9A6446DC
:103310004FF0010C12F0010363D0149B13F0010075
:1033200000F08180BCF1010F40F091800DF1500C54
:103330000CA84FF0000E02E002685CF8043FD31ABC
:10334000A3EB0E03934204D08CBF4FF0010E4FF05D
:10335000000E40F8043B8245EED1049B0CAA934238
:103360000AD9059A0023116843EA510342F8043947
:10337000A2424FEAC173F6D1019BA446DDE90620C3
:1033800003E0C0F0BA80190606D452F8044D013BA0
:1033900050F8041D8C42F4D9644600210DF1900CC4
:1033A0001CAA8E4652F8040B5CF8041BA0EB0E031B
:1033B0005B1A984204D034BF4FF0010E4FF0000E5C
:1033C000BA4242F8043CEDD12A4641461CA8FFF718
:1033D0006FF88BE70C9A64464FF0FF3C12F0010344
:1033E0009BD1049A0CA98A42EED9059A116843EA46
:1033F000510342F80439A2424FEAC173F6D12A467A
:1034000041461CA8FFF754F870E7002D1CA918EEE0
:10341000100ACCBF4A4604220EF0ECFB2DB0BDECE6
:10342000028BBDE8F08F089B14AA934209D9099B2F
:103430001A6840EA520043F80409B3424FEAC270E6
:10344000F6D12A46414624A8FFF732F84EE70DF19F
:10345000300C14A84FF0000E0A9902E003685CF8E3
:10346000042F9A1AA2EB0E029A4204D08CBF4FF09E
:10347000010E4FF0000E40F8042B8842EED1089B5D
:1034800014AA93420AD9099A0023116843EA510306
:1034900042F80439B2424FEAC173F6D1019BA44607
:1034A000DDE9060202E044D31C0606D452F8044DBE
:1034B000013B50F8041D8C42F5D9644600210DF102
:1034C000700C24AADDF82CB08E4652F8040B5CF880
:1034D000041BA0EB0E035B1A984204D034BF4FF0DC
:1034E000010E4FF0000E934542F8043CEDD12A4600
:1034F000414624A8FEF7DCFFF8E600226446A8F166
:1035000004010DF1700E944651F8043F01325EF84B
:10351000040B63441B182CBF4FF0010B4FF0000B42
:103520004EF8043C984253B218BFDC469D42EBDC97
:1035300033E700206446A8F104010DF1900E8446A3
:1035400051F8043F01305EF8042B63449B182CBFF4
:103550004FF0010B4FF0000B4EF8043C9A4243B27F
:1035600018BFDC469D42EBDCA8E70146920018EE4E
:10357000100A2DB0BDEC028BBDE8F04F12F058BE22
:103580002DE9F04F2DED048BC1B01F4693464F9EA1
:10359000BDF9385196F90030002B0393CDE90510A1
:1035A00040F303819A0088461BB218A89146049202
:1035B000079308EE900A0EF01DFB414628AC4A46E0
:1035C00049440DF1C00A204609EE101A0EF012FB14
:1035D0003946002F00F0E2804A4650460EF00AFBC2
:1035E000039B0DF140080DF1800918EE901A5F1E43
:1035F000002B4046FFB207F101074FEA8707D8BF0B
:1036000004273A4612F098FD3A462146484612F001
:1036100093FD21463346524618EE900AFEF7EEFC23
:1036200021463346D6F8A440524618EE900AA047E9
:10363000AC1E3346524624B249464046FEF7DEFCF5
:10364000002C2DDD08EE10AA6311012100965BF815
:10365000232004F01F03A4B201FA03F3013C134238
:1036600018BF0021C1F1010508EB411709EB411A10
:1036700008EB45103A4609EB45155346029029469A
:10368000FFF7E2F802982B4651460246009638466C
:10369000FEF7CCFFA3B224B2002BD5D118EE10AAAE
:1036A000DBF8004006F1040B0096E54304F001044A
:1036B00005F0010508EB441709EB441408EB45122B
:1036C000384609EB4515214608EE102A2B46FFF730
:1036D000BBF8039B18EE901A424608A800935B467D
:1036E000FEF730FF224696F9003008A95046FBF756
:1036F00023FF514608A8D6F8B0309847059A96F9A6
:10370000003008A95046FBF717FFD6F8B0305146F5
:1037100008A8984708A9039B5A460846FFF788FD62
:1037200019EE102A96F9003008A95046FBF704FF5D
:10373000514608A8D6F8B03098473A4696F9003076
:1037400008A95046FBF7F8FE514608A8D6F8B03055
:10375000984723463A46294618EE100A0096FEF787
:1037600065FF334608AA49464046FEF747FC039BDF
:10377000002B0EDD079B4146069C9A0020460292D4
:103780000EF038FA2046049B029A494618440EF07F
:1037900031FA41B0BDEC048BBDE8F08F049A50467D
:1037A00012F046FD012330931AE7039B1AB20792E9
:1037B0009A000492059A02EB830309EE103A57B17E
:1037C00018AB28AC0DF1C00A0DF1400808EE903A94
:1037D0000DF180091DE701233093F1E72DE9F04F4A
:1037E000BFB01C46499D0DF1380816AF059295F9FA
:1037F0000060B5F90230002ECDF830800D970293AD
:10380000CDE9030155DDF3B2A4F1040C0022581EEA
:1038100007936346C0B2810004EB8000069153F821
:10382000041F984242EA0102F9D1002A41D0029ACB
:1038300005F1240012F11F03089048BF02F13E0376
:1038400043F347125B11002A099232DD5A1E0DF133
:10385000B80E05F1200100235FFA82FAF1464FEA23
:103860008A0BCDF828A000EB8A0A51F8040F5CF807
:10387000042F821AD21A904202D034BF01230023AF
:103880008A4549F8042BF0D12FAA00219344DEF891
:1038900000009345964602F1040241EA0001F6D188
:1038A0005B0000290CBF5B42C3F10103DBB2012BBB
:1038B00003D000203FB0BDE8F08FDFF8E4A12B4635
:1038C0003A4641462046FEF7E9FADAF800308146EA
:1038D0006BB13EAB3246291D03EB800353F8C83C65
:1038E00018460B93FDF720FF0B9B0028E1D0029AAE
:1038F000B9FA89F91EA8019501324FEA591905F163
:10390000440112B200923EAA02EB890959F8C82C70
:10391000FFF736FE1FAB0698002218441EAB53F883
:10392000041B984242EA0102F9D1002AC1D0DAF818
:103930000010002900F0AB804046DDE90812FDF7D9
:10394000F3FE0028B5D0DDF82490424621462EA88B
:103950004B46FBF7F1FDDDF820A04B462EA9524661
:103960002046FDF715FC4B46524621462046FFF700
:103970005FFC4B46424621462EA8FBF7DDFD2EA9F3
:103980004B4652462046FDF703FC95F901100029ED
:1039900017DD489B581E1A46084419448E46831A60
:1039A00023F0030C03F003030CF1F801DB000DEB33
:1039B000010C5CF8801C21FA03F302F8013B72450C
:1039C000EDD1B5F9023040460399DA1D48BF03F145
:1039D0000E02D210FBF738FE002E079B3EA8099E70
:1039E0001EA94FEA8302D8BF0422731E5BB200EB0C
:1039F0008303002043F8A00C38460EF0FBF8334652
:103A00003A4641462EA8FBF797FDDDF82090334655
:103A10002EA94A463846FDF7BBFB2B464046DDE95A
:103A20000412FEF79FFE41464B463A463846009642
:103A3000FEF78EFA3346224639462EA8FBF77CFD68
:103A400033464A462EA93846FDF7A2FB3146384692
:103A5000FBF730FD95F90120B0EBC20F13463FF79D
:103A600028AF002A11DD4899013A0B4422F00301E6
:103A700002F00300013AF831C000694451F8A01C7B
:103A8000C14003F8011B511CF0D1012012E70A9A32
:103A900040460132920012F0CBFB01230E9352E715
:103AA00000D601202DE9F04387B00E469046E94646
:103AB00003AFD0E9014521464A4628465CB3FBF7EF
:103AC0003BF900280544A4EB000424DB9DF80030FA
:103AD000062B0ED09B06EED599E8070087E8070075
:103AE000424631463846FFF7DDFF0028E3D001208B
:103AF00012E0019B032BDED1029B327819789142B0
:103B0000D9D15A78581C73789A42D4D14278B37874
:103B10009A42D0D11CB9002007B0BDE8F0834246DC
:103B200021462846FBF708F90028B4BF4FF0FF30C4
:103B30000120F1E72DE9F04F0E468DB007463349DD
:103B400009AA3046FFF7AEFF10B309AA3049304644
:103B5000DDE90A49FFF7A6FF20B30B9B09AA2D490F
:103B60003046DDF828800793FFF79CFF20B309AAB1
:103B700030462949DDE90A5AFFF794FF30B3274B55
:103B80001B68032BDDE90A6B27DC0DB0BDE8F08F65
:103B9000044609AA1E493046DFF88490FFF782FFE9
:103BA0000028DAD11E4B804609AA1A4930460793ED
:103BB000FFF778FF0028DAD1054609AA30461649F2
:103BC000DFF85CA0FFF76EFF0028D8D1134B064644
:103BD000DFF84CB01B68032BD7DD124B42F63142A5
:103BE00011490420F5F7CCFB07984B46224601907B
:103BF00039460E48CDF80080CDE9046BCDE9025A74
:103C0000F5F704FC0DB0BDE8F08F00BF8C3C002040
:103C1000903C0020943C0020983C0020E44301208C
:103C20001C4F0020102A0020D06100209C3C002066
:103C300002F0030310B53E4CA4FB034E0EF0020C41
:103C40000CEB5E0CB3EB0C0310D167284FEA90032A
:103C500028D9332B41D93D2B2CDC043B0401501CCB
:103C6000DBB28B5404F030030B5410BD012B8B5C82
:103C700028D043EA9013192B31DD332B1FDD3D2B68
:103C80003FDC043BDBB200F03F008B5419282DD9F8
:103C900033282ED93D282FDC0438C3B21144901CA0
:103CA0004B7010BD413304018B54501C04F03003A1
:103CB0000B5410BD3E2B0CBF2B232F23F3E74733B0
:103CC000DBB2E0E743EA1013192B1FDD332B2BDDAA
:103CD0003D2B24DC043BDBB21AE04733E3E74133FE
:103CE00000F03F00DBB219288B54D1D800F141031A
:103CF000D4E700F14703D1E73E280CBF2B232F2345
:103D0000CCE73E2B0CBF2B232F23BCE74133DBB288
:103D100084008B54501C04F03C030B5410BD3E2B0C
:103D20000CBF2B232F23F3E74733DBB2F0E700BFB1
:103D3000ABAAAAAA38B511F00305044603D10023A3
:103D40000846635438BD0A4601460020FFF770FF5D
:103D5000022D014608BF00F1FF318807EFD04A1E4F
:103D6000C4F1020E4FF03D0CA3180EEB030103F853
:103D700001CF8A07F9D100230846635438BD00BF3C
:103D80002DE9F8439146002863D08A08441802EBD5
:103D900042020132934262D3C31C9C4265D9A1F115
:103DA000040800F10803011D002628F003089844C8
:103DB0000AE009F8072011F8013C3D2B40D009F832
:103DC0000E400431884534D011F8040CFAF7BCFADF
:103DD000074611F8030CFAF7B7FA054611F8020C7A
:103DE000FAF7B2FA044611F8010CFAF7ADFA47EA0D
:103DF0000503A210402F4FEA251C43EA040342EAC0
:103E0000051206F1020E4CEA870C06F1010740EAA2
:103E1000841417D0402D15D0034313D409F806C0DD
:103E2000033611F8023C3D2BC3D104313E46884590
:103E3000CAD1B1440023304689F80030BDE8F88388
:103E40007646BEE700231E4689F800303046BDE8BE
:103E5000F8838A0802EB42020132934205D2002B1A
:103E6000F0D11E463046BDE8F8830026E2E700BFE9
:103E7000F0B5A1F10C0C85B01F4600230A9EBCF5DD
:103E8000FA7F864600EB020500EB010433607360A5
:103E900004D8A54234BF0023012313B1002005B08C
:103EA000F0BDCDE901330093FBF716FD83B23380FB
:103EB000002BF3D0181D0544AC42EFD315F8041CB9
:103EC00015F8032C42EA0122728015F8021C15F83D
:103ED000012C42EA0122B280002FE0D1A91D8C42C0
:103EE000DCD3AA8852BAF28092B211448C42D5D364
:103EF00098180A30D3E700BF2DE9F04FB0F806A0BC
:103F000089B005460E469AFA9AFA05921FFA8AFA7D
:103F1000BAF10A0F28D94D4B1B68022B00F3898098
:103F20002B884FF00A0AAA885BBA05990B80002AF1
:103F300000F08A8000270C240DF1180805E0AB88FA
:103F400004445BBA9BB29F4216D2224601233146FB
:103F50002846CDF800800137FFF78AFF0028EED110
:103F6000002009B0BDE8F08F0388059A5BBA138082
:103F70008388002BDED10C24BAF1000F55D0002726
:103F8000059B0DF1180803F1180BB946049708E0DA
:103F9000102B03D1BDF81A301C2B33D0049B534592
:103FA00043D0049B2246314628460133CDF8008099
:103FB00004930023FFF75CFF844622465B463146AC
:103FC0002846BCF1000FCBD04FF480776444CDE994
:103FD00001990097FBF780FCBDF81E30042BD7D168
:103FE000BDF81A30012BD9D1BDF81C30012BD5D129
:103FF00005992544184681F8179055F8042C8B70C4
:104000004A60AEE7BDF81C30012BC7D1103C059EBD
:104010002A19F3752C5950689168D268B060184617
:104020007460F1603261B3709BE7012009B0BDE8B4
:10403000F08F074BE62203200649F5F7A1F9514618
:104040000548F5F7E3F96BE70C2498E7E443012012
:10405000242D0020D0610020C43C0020D0F8803006
:1040600070B504460D46164603B19847A36F2BB1B1
:10407000324629462046BDE87040184770BD00BF53
:10408000F8B52B4D2B682BB12A4B1B68002B26DC77
:104090000020F8BD0446284A264F1360274BD1E97B
:1040A000000600EB5600760818603B68022B22DC05
:1040B000B44204D2012B2C602DDC0120F8BD002B72
:1040C000E6DD1F4B40F2C7121E490120F5F758F9F3
:1040D000324621461C48F5F799F90020F8BD184BE7
:1040E0004FF4DE7217490120F5F74AF91748F5F742
:1040F0008DF90020CDE7124B032040F2C112114987
:10410000F5F73EF9324621461148F5F77FF9B442FA
:104110003B68D4D2CEE70A4B40F2C51209490220CF
:10412000F5F72EF929680B48F5F770F90120F8BD6D
:104130002CD90120E443012008D9012004D9012011
:10414000EC2C0020D0610020804100201C41002088
:1041500048410020604100202DE9F047484E0446C8
:1041600082B0006835686368002D3AD000EB5300D8
:10417000444B4FF0FF32DFF830C11F6800EB050EF3
:104180003F1A10F8013B83EA0201704501F00F016C
:104190005CF8211081EA121282EA131303F00F0374
:1041A0005CF8233083EA1212EBD1BD426FEA0208B9
:1041B00020D0354C2368022B4CDC0022012B3260CE
:1041C00013DD32494FF4F772314B0220F5F7D8F87E
:1041D000002430493048F5F719F9204602B0BDE80F
:1041E000F087294B1B68012BEBDC0024204602B032
:1041F000BDE8F087DFF8AC90D9F800A0C245D8D16F
:10420000214F3B68022B10DD214B40F2E9121F4980
:104210000320F5F7B5F8214B5246D9F80010019369
:104220001F4833680095F5F7F1F8002263693260A2
:1042300098473B680446012BD8DD154B4FF4F772C5
:1042400012490220F5F79CF81249144B002C18BFB4
:104250001946BFE70E4B40F2E9120C490320F5F76F
:104260008FF80C4B0F49424600970D48096801939F
:104270003368F5F7CBF8002223683260B3E700BF5C
:104280002CD9012004D90120E4430120D061002071
:10429000C42C0020F8590020A4410020F45900202B
:1042A000B841002008D90120103100202DE9F04F3D
:1042B00085B004ABCDE9001203E90300002947D023
:1042C0004E1E0546431EC0F10109064401E0B342FB
:1042D0003ED003EB090E13F8011F092918BF20294E
:1042E0000CBF01200020F2D02D2932D0009B734555
:1042F0002FD9A3EB0E0B05EB0E0804460346DFF89F
:1043000070A00CE0534504F101040EF1010E20D819
:10431000BA1813461DD25C451ED018F8011FA1F132
:10432000300703EB83025FFA87FC5200BCF1090FF0
:10433000E8D9009A72450FD9754403E0B5420BD015
:1043400015F8011F092918BF202905EB090EF5D022
:10435000002005B0BDE8F08F002CFAD0009A72451D
:10436000F7D10120019A136005B0BDE8F08F00BFBE
:104370009999991982B02DE9F04782B016460746FF
:1043800002AC0B9304E906001AB3DDF830809946BD
:1043900000293FD08C468E46002274460EF1010E55
:1043A0002378262B1ED00132B242F6D38C18B61ACF
:1043B000002365461CF8010B3D281CD001339342B5
:1043C000F7D18D184FF0000A904526D02146002ED7
:1043D000DED131463846C7E9001602B0BDE8F047E5
:1043E00002B070479642A6EB02031CD974465E1ECB
:1043F000002ADDD1EAE79A42A2EB030A15D99845D3
:10440000E4D165460AF1FF3AB8F1000F04D15646EF
:104410002946DFE70E46DDE742464846FCF7DAFB71
:104420000028D3D1F3E71E46C2E71A46CCE700BF07
:10443000E1B10138002210F8013F0A2B08D00D2B02
:1044400006D0092B0FD01F2B0DD84FF0FF3070472F
:104450004AB10A2B07D110F8013C0A2B0CD0032AD1
:1044600001D90D2B04D001329142E4D100207047D4
:1044700010F8023C0A2BF6D1501C7047F8B50746DD
:1044800008460E46002512F05BFD3C46024603E05E
:10449000013510341E2D0ED0606A58B19042F7D10C
:1044A000206A3146FCF796FB0028F1D107EB05178F
:1044B00007F12800F8BD0020F8BD00BF2DE9F04F3E
:1044C000064689B015460190FFF7B2FF0090002E16
:1044D00000F05F8107464FF4067200213418284629
:1044E00011F0A6FE002F40F34B814FF0FF33A642A0
:1044F000C5F80862C5F81062C5F80042C5F80C722C
:10450000C5F80432C5F814322E6080F05B81D5F80E
:104510000480019E474605E006440744B4426F60AC
:1045200040F2328130462146F9F7F4FF0028F3D1FA
:10453000B442B84640F2FF81334602E0B44200F094
:10454000FA811F4613F8012B202A1E46F6D0BC42E2
:10455000AF6040F2F3813E4605E0EB680644034459
:10456000B442EB6011D930462146F9F7D3FF002859
:10457000F3D1A64209D2334602E09C421E4604D043
:104580001E4613F8012B202AF7D0CDF80880B8F189
:10459000050F22D901994822DFF8B49301F1050AE9
:1045A00007E0002B00F01581514500F0128119F849
:1045B000012F11F8013BA2F1410E1046A3F1410871
:1045C0009C46B8F1190F98BF03F1200CBEF1190FEA
:1045D00098BF02F120008445E3D0002303933046C6
:1045E00005F118022146F9F7DDFF0646002800F024
:1045F000FC80D5F81CB0BBF1050F23D9A96948226E
:10460000DFF84C9301F1050A049107E0002B00F05C
:1046100018818A4500F0158119F8012F11F8013B26
:10462000A2F1410E1046A3F141089C46B8F1190FC2
:1046300098BF03F1200CBEF1190F98BF02F12000C2
:104640008445E3D0039B83F001030393BBF1000F88
:1046500002D0002B40F09180D5F80C803F213846E5
:10466000424612F015FC38B1421C07EB0803C01B90
:104670009B1AE860C5E90423029B002B7DD0EB6800
:104680000493002B79D005F5F073A94605950DF13B
:10469000180A9B4625460023B542CDE906336CD95E
:1046A00032780A2A51D00D2A4CD0B046002409E0B5
:1046B000F9F730FF002860D080440444A8455CD25C
:1046C00098F800203A2A40462946F1D1A84554D20C
:1046D000002C52D0F9F71EFF00284ED008F101003F
:1046E000A8420BD2024602E0AA42104606D010466B
:1046F00012F8013B202BF7D0092BF5D05246294662
:10470000F9F750FF8646002837D0079A62B106991C
:1047100001EB020C01E0079232B11CF8013D013AB5
:10472000202BF8D0092BF6D009F12802C9E908643A
:1047300009F110099AE80300D94582E8030004D082
:104740007646A8E771780A29AFD1059D7D492846AC
:10475000FFF794FE00284DD005F5017203C8FFF75E
:10476000A5FD50B1D5F80422009BD3180132C5F83D
:1047700014323FD0009A9A4202D94FF0FF3300938F
:10478000009809B0BDE8F08FB84602973746AE6092
:10479000FDE64FF406720199284611F049FD009B91
:1047A000002BEDDD019A4FF0FF3300991446C5F858
:1047B0001022C5F80022C5F80C12C5F80432C5F85D
:1047C00014322A60019E00233746AE60CDE90233E1
:1047D00005E70123304605F1180221460393F9F756
:1047E000E1FE064600287FF404AF0090009809B06F
:1047F000BDE8F08F039900293BD1013F524E32238F
:10480000DDF810C006E08C4500F0828003297BD0E3
:1048100016F8013F17F8012F0131A2F141041046AB
:104820002032192CA3F1410498BFD0B21A46192C9A
:1048300003F1200398BFDAB28242E4D0D5F81432F3
:1048400098E7039B83F001020392002B7FF404AFEF
:10485000BBF1080F91D1049A5379303B092B8CD8C6
:1048600093792E2B89D1D379303B092B7FF6F4AE87
:1048700083E7019B0021DFF8DCC05C1EDDF808E067
:104880005023264605E071454AD0032944D01CF840
:10489000013F16F8012F0131A2F1410710462032E5
:1048A000192FA3F1410798BFD0B21A46192F03F16F
:1048B000200398BFDAB28242E5D0244F5022002173
:1048C000DDF808C005E0614532D004292CD017F886
:1048D000012F14F8013F0131A3F14106184620339E
:1048E000192EA2F1410698BFD8B21346192E02F133
:1048F000200298BFD3B28342E5D00023009AC5F8C6
:104900000432C5F814223BE7049B032B96D8F4E746
:10491000049B032BF1D091E7029B032BCDD88DE7AD
:10492000029B032B8AD0C8E7029B042BE5D885E7BE
:10493000042983D0E1E7CDF8088027E73E46CDF88B
:10494000088024E6483D0020583D0020603D0020BE
:10495000403D00205C3D0020C3682DE9F041054644
:1049600082B00C462BB14C1E1C44B4FBF3F403FB89
:1049700004F4A4B9286840B1696831B10144024621
:10498000013088421470FAD128680FF035FD0023F9
:104990000120AB60C5E9003302B0BDE8F0816F686B
:1049A000A74203D1012002B0BDE8F08121460120D9
:1049B0000FF0BCFC8046F0B1AA682E68A24228BF66
:1049C0002246AAB15EB1314611F0B6FB3FB1F319F0
:1049D000002132460136B3421170FAD12E683046BA
:1049E0000FF00AFD0120C5E9008402B0BDE8F081A6
:1049F000002EEBD1F3E70A4B1B68002BCCDD094BF3
:104A000040F6FD1208490120F4F7BAFC6A6807482D
:104A10004346CDE90048F4F7F9FC4046BCE700BF47
:104A2000E44301209C2C0020D0610020943F002012
:104A3000082938B5044604D0022902D009291FD01C
:104A400038BDE26CD4F88450B2F5007F2DD3236DCD
:104A50009342F5D2D21AD4F8A4108A4228BF0A464B
:104A6000D5E900010D69A16C1944A847226DD4F85D
:104A7000A43002441B1A2265C4F8A4300028DFD1F8
:104A8000D4F8845035B1D5E90003DB68984728464F
:104A90000FF0B2FC002294F8AE30084962F3000334
:104AA000C4E9201284F8AE3038BD4FF4007104F12F
:104AB0004800FFF751FFE26CC9E700BF3D7A0100F3
:104AC00038B5D1E901230C460546991C914208D816
:104AD0002268591CA1600021D5542268A368D154D2
:104AE00038BD2046FFF738FFD4E90123991C9142D5
:104AF000EED99342F4D22268581C0021A060D15410
:104B000038BD00BF2DE9F04185681E4604460F46BA
:104B10001D44C36890462BB15A1E2A44B2FBF3F2DF
:104B200003FB02F529462046FFF716FF6368A268DB
:104B3000AB4218BF0026BA4211D8B8F1000F05D019
:104B4000206841463246384411F0F6FAA3683046F0
:104B50009F422CBFF619F618A660BDE8F0812168C7
:104B6000F019D21B0844394411F0E6FAE5E700BF1A
:104B70008368994228BF194670B514460A440668EE
:104B80000546934238BF5C1AC6B15B1A70181A1BEF
:104B90006318F11811F0D0FA2A6852B1A868011B05
:104BA000531844B10244002019460133934208705F
:104BB000FAD1AB68191B2046A96070BD191B2046AD
:104BC000A96070BD2DE9F04F93B00546884606AC4C
:104BD0000092059384E8030013B11A460023136082
:104BE000009B1B78242B40F0D381B8F1000F40F3D9
:104BF000C1804FF000094FF0FF330122DFF820A6FB
:104C00004E464C4603929B464A460193CDF8089087
:104C10002B5D21462819A3F10907FFB2172F40F297
:104C2000AF80022A40F0B9803A2B40F0B181671C76
:104C3000B84540F39F80EB5D3946E819202B00F022
:104C4000D980092B00F0D6800A2B00F0D3800D2BE1
:104C500000F0D08006F148027C1C4FF05B0E0DEB9B
:104C6000020C009A2C44C2F10102ACF1210C049216
:104C7000029A4E4508BF3A467B2B029200F0CE8046
:104C80005B2B00F053815D2B40F06F81002E40F3D1
:104C90006C814E4502D1019B9B456BD1013E06F1D3
:104CA00048036B4413F8203C5B2B40F071814E4568
:104CB00000F0E7817C1CA0455CDD2B5D202B00F023
:104CC000DC81092B00F0D9810A2B00F0D6810D2B55
:104CD00000F0D381002E40F35B812C2B00F0FD808F
:104CE00003F0DF02A3F15D0EA3F17D07BEFA8EFE95
:104CF0005D2AB7FA87F74FEA5E1E4FEA571740F072
:104D000047810398621C009901EB000CA818A6EBE0
:104D10000901541EB1FA81F1490931B1002F00F0A7
:104D2000CD811CF8017C2E2F24D0019F5F4500D03F
:104D300001BB013E06F14801694411F8201C023113
:104D40008B4240F025814E4500F028819045144665
:104D500010DD0378A3F10901C9B2172900F2B88068
:104D60004AFA01F1C90700F1378101340322A04555
:104D70003FF74EAF6FF0020B584613B0BDE8F08F0F
:104D80004AFA07F717F0010F04D10134A0453FF7A5
:104D90003FAFEFE7022A00F0FB80032A9AD0012AF6
:104DA00040F07482222B5BD07D2B40F0F1804E4589
:104DB00002D1019B9B45DDD1013E06F148036B44C6
:104DC00013F8203C7B2B40F0E3804E4500F09080B0
:104DD000621C9045CEDDAB5C202B00F02881092BB6
:104DE00000F025810A2B00F022810D2B00F01F819D
:104DF00014466FE7A71CB845BCDDEB5D3946E819E2
:104E0000A3F10902D2B2172A3FF624AF4AFA02F2FE
:104E100012F001027FF41EAF3C46B6E71D2E00F3F0
:104E2000F8814E4500F05881721C06F148037C1C45
:104E30000DEB0306A0454FF07B0306F8203C99DDFF
:104E40002B5D202B00F00781092B00F004810A2B39
:104E500000F001810D2B00F0FE80222B1646A3D11D
:104E6000671CA8EB0401EB19013918460493F9F704
:104E7000BFFB021EC0F2D08117444745BFF67AAF90
:104E80004E45FFF677AF049B00F08A81531C1A1938
:104E9000541CA0457FF76EAF2B5D202B06D0092B4D
:104EA00004D00A2B02D00D2B7FF4BEAE941CA0457B
:104EB0007FF760AF2B5DA3F10902D2B2172A3FF64C
:104EC000B3AE4AFA02F2D10762D402225DE74E463F
:104ED000002E5DDD2C2B40F0818006F148036B44F1
:104EE00013F8212CA2F17B02B2FA82F252094CE7AC
:104EF000009B039A9B5C1BB9019B9B4500F077814B
:104F0000019B002BFFF664AF621C0BF1010B904577
:104F10007FF730AFAB5C202B75D0092B73D00A2BF9
:104F200071D00D2B6FD014464E46D3E61D2E00F3E4
:104F300070814E4500F0E580013601370CF801EF35
:104F4000B8457FF717AF204614F8013B3946A3F167
:104F50000902D2B2172A3FF68BAE4AFA02F212F0D9
:104F600001027FF485AE3C460FE7742B00F0D5803C
:104F70006E2B00F0E980662B40F0FD80043747453A
:104F800006DA0522A54911F0A7F800283FF48FAEF4
:104F90006FF0010B584613B0BDE8F08F009B0399EA
:104FA0005B5C1BB9019B5B4500F02181019B002BE1
:104FB000FFF6CCAE90450BF1010B14467FF7DAAE4D
:104FC0000378A3F10901C9B2172980D84AFA01F17F
:104FD0004E46C9077FF5C9AE002ED9DD03F0DF01CB
:104FE000A3F15D0EA3F17D070132BEFA8EFE5D29AD
:104FF000B7FA87F700F101004FEA5E1E4FEA571734
:105000003FF485AEC4E70234A0457FF7B3AE2B5D15
:10501000A3F10902D2B2172A4ED84AFA02F24E463A
:10502000D2077FF5A2AE002E3FF75AAEB0E70234AA
:10503000A0457FF79FAE2B5DA3F10902D2B2172ADC
:105040003FF648AE4AFA02F2D0077FF58EAE002E48
:105050003FF746AE9CE7BC1CA0457FF78BAE2B5DAF
:10506000A3F10901C9B217293FF6F7AE4AFA01F1D7
:10507000CE078DD41646012287E6BC1CA045DADC9B
:1050800078E6009B039A9B5C1BB9019B9B4500F053
:10509000B780019B002BC0F2F7807C1C0BF1010B49
:1050A000A0457FF767AE2B5D202B11D0092B0FD0C9
:1050B0000A2B0DD00D2B0BD04E460BE6BEF1000F88
:1050C0003FF433AE1CF8017C2C2F7FF42EAE51E65A
:1050D000BC1CA0459BDC4DE6009B039A9B5C2E2BE1
:1050E0007FF4A2AE019B9B457FF49EAE039B06F12D
:1050F000010901334A4603934FF0FF339B46019366
:1051000093E6009A039BD25C5B2A03D1019A9345F4
:1051100000F0888009F101060FE703374745BFF625
:1051200037AF0378742B7FF433AF43780130722BA1
:105130007FF42EAF10F8013F752B7FF429AF437831
:10514000652B7FF425AFB2E503374745BFF620AFA7
:1051500003786E2B7FF41CAF43780130752B7FF4FE
:1051600017AF10F8013F6C2B7FF412AF43786C2B14
:105170007FF40EAF9BE5A3F13002092A2CD92D2B29
:105180002AD0222B7FF404AF01316818A8EB070165
:105190000139F9F72DFA021E3EDB531C1F4486E548
:1051A000009F0399791811F8010C2E287FF4E2ADC5
:1051B0001846049211F014F9049A00287FF466AEA0
:1051C000039951187B5C2E2B18BF002B02D05B2B50
:1051D0007FF45CAE039159E60023A8EB070109AA0E
:1051E0000993F9F739FA099B013B1F445FE5059ADA
:1051F000002A3ED00299631A8B4601331360BBE547
:10520000059A002A35D002997B1A8B460133136028
:10521000B2E54FF0FF3BAFE59346ADE5B03F002070
:10522000ECFF7FFF039A09F10109009901324E4614
:1052300003928A5C5D2A24D01AB301330B44002107
:1052400000E0CAB1A2F13000049A01EB810102EB47
:10525000030B13F8012F00EB41015D2AF1D1CDF8CA
:105260000CB001915AB1039B4FF0000B0133039333
:1052700063E6DDF808B07FE5CDF80CB00191934608
:105280005BE600230193EDE74E4613E52746E1E494
:1052900030B585B01C460025EC4603AB03958CE881
:1052A0000600224604469CE80300FFF78BFC00281A
:1052B00001DB009D0544039B2046256023EAE37340
:1052C000636005B030BD00BF30B585B01D46EC460B
:1052D00003AB8CE803009CE803000446FFF772FC74
:1052E000002814DB235C2044A3F130042D2B18BFCD
:1052F000092C94BF0124002406D82DB10022039963
:10530000F9F7AAF985ED000B204605B030BD002461
:10531000204605B030BD00BF30B583B01C46002329
:10532000EC468CE803009CE803000546FFF74AFCC6
:1053300000280FDB2B5CA3F17402B2FA82F252094F
:10534000662B14BF104642F0010008B104B1227070
:1053500003B030BD002003B030BD00BF2DE9F04FD9
:1053600089B00191002900F0CC8000276A4D0DF131
:105370001F0B0DF10F0300F1FF38684CCDF80CB096
:105380003E46AB463D4602932B077DD1002D7FD193
:105390002846731CB2463030DEB2DBF8003021689C
:1053A0009847C5F30320DBF80030092821685C4FDB
:1053B00094BF303057309847C5F30310216807F188
:1053C00002090928DBF8003094BF30305730984785
:1053D0003020DBF8003021689847202001E017F8E2
:1053E000010FDBF80030216898474F45F7D198F856
:1053F00001300135216818099F2BDBF8003094BF7C
:1054000030305730984798F80100216800F00F00BD
:10541000DBF80030092894BF303057309847DBF86C
:10542000003021682020984718F8013F0AF1200237
:10543000A3F120010DEB020A5E2988BF2E230AF892
:10544000103C019BAB429FD10F2E5D46DDF80CB0A6
:1054500040D8344F4FF02008B146314E202001E0B3
:1054600016F8010F2B6821689847B742F8D109F167
:10547000010309F12002DBB20DEB0209102B09F840
:10548000108C27D09946E8E7731CB246DEB2AEE72F
:1054900021682020DBF800309847DBF800302168D5
:1054A0002020029E9847039F16F8010FDBF800307A
:1054B00021689847BE42F7D10A20DBF80030216806
:1054C0009847C5F30330092824D957304FF0000A14
:1054D000012662E72B6820202168029E98472B68EE
:1054E00020202168984716F8010F2B6821689847FB
:1054F000B345F8D12B680A20216809B0BDE8F04F08
:1055000018470DF10F03019E044C0DF11F0B024DC6
:1055100002939EE700263CE7D444012020D90120D5
:105520002424002026240020F8B5476804463D6B5B
:105530004DB107F1300628462D6843689C4255D08E
:10554000002DF8D167683B689C4274D01A461B68EE
:105550009C42FBD123681360BB68A34263D03B69C4
:10556000A3425DD0D4F880301BB10022092120462F
:105570009847A36F1BB100220921204698472F4B63
:105580001B68022B3FDCD4F8A8606EB10021301DEF
:10559000FFF7E2F9D6F818010EF02EFFD6F8200139
:1055A0000EF02AFFD4F8A860002530460EF024FF44
:1055B00004F138002946C4F8A850FFF7CDF9294670
:1055C00004F14800FFF7C8F9294604F16800FFF725
:1055D000C3F904F1B00123461A4601338B4215701A
:1055E000FAD12046BDE8F8400EF006BF3B6B83427F
:1055F0001CD01A461B688342FBD115600EF0FCFEDE
:10560000002D98D19EE740F66A720D4903200D4B9C
:10561000F3F7B6FE0C48D4E90C21F3F7F7FEB2E736
:1056200000233B619EE70023BB6098E7324615608C
:105630000EF0E2FEE4E73A468CE700BFE4430120C7
:10564000D06100208C2C00204C3C00200000000089
:1056500070B528210446012016461D460EF066FE50
:1056600090B1626B236A4262049A06998261059A3C
:105670000162C2615A1C6063226203609FED047B79
:10568000C0E9026580ED047B70BD00BFAFF3008010
:10569000000000000000000038B543694FF0FF35FE
:1056A00004461D609D800068C3F80600A088C3F80A
:1056B0002610002158810820C3F81A10C3F81610CC
:1056C000C3F81E10C3F82210997359741975062176
:1056D000187399741874042059730121D874D973FC
:1056E0005975A168D9612168C3F81610A18859833A
:1056F0001AB11168196292889A84636A2A2522462F
:1057000060695B6829469847854200D038BDE36FE1
:105710000133E36738BD00BF70B5044690F88400DC
:10572000042828D0032819D0012860D068B9394B43
:105730001B68002B09DD0120374B41F2CA023749B3
:10574000F3F71EFE3648F3F761FEE36A93B104F106
:10575000840220460021BDE8704018472D4B1B688D
:10576000002B39DC002221692046FFF795FFE36A10
:10577000002BECD170BD274D2B68012BE5DD264BAE
:105780004FF4865225490220F3F7FAFD04F108028E
:1057900024492548F3F73AFE2B68012BD5DD1E4B33
:1057A00041F2C1021D490220F3F7EAFD04F11002A3
:1057B0001C491E48F3F72AFE2B68012BC5DD164B4A
:1057C0000220164941F2C202F3F7DAFD22461849D7
:1057D0001848F3F71BFEB8E701200F4B41F2C40253
:1057E0000E49F3F7CDFD1448F3F710FEBAE7094B65
:1057F0001B68002B08DD084B41F2C7020749F3F78D
:10580000BFFD0E48F3F702FEF3F76CFD0FF0C0F892
:105810009BE700BFE4430120B02B0020D0610020B3
:10582000B4540020B1460100745400208454002078
:10583000DD45010094540020A4540020AC54002005
:105840002DE9F0434368044687B00E461146D3F86D
:105850003C80D0F81C90FAF7F5FF94F8AD1005469F
:1058600011F0010711D0D8F8082040460296CDF873
:105870000090238B0395A18D019104F1C801FBF7E2
:105880001DFE284607B0BDE8F08304964A460595FC
:105890004046D4F8B03004F1C8011BBA0293D4F8E2
:1058A000B4301BBA0393A38D0193238B0093182369
:1058B000FBF7BCFF78B1431CE4D0D4F8B03094F8C7
:1058C000CE202B44012AC4F8B030DAD13946204624
:1058D000FBF7A2F9D5E76FF00100D3E738B514461E
:1058E000126C84460D46E36B9A4217D201F108020E
:1058F000216CE36B99421CD20023216C0A44E16BBA
:105900008A4203D2E36B226C083B9B1A9D42606B78
:10591000226C19D9636F0133636738BD216C05F1BF
:105920000802A36B11449942E2D8083B216C5B1A30
:10593000E3E7E36B082BDFD9216C0023606B435056
:10594000BFF35B8F2364D8E70432614610442A46D4
:105950000CF050F9226C616B2B1D8D50BFF35B8FE7
:10596000226C13442364A36F0133A36738BD00BFC7
:1059700070B50B680C46054613B98B88002B70D0A8
:1059800094F84430002B5CD00022636A84F84F20E6
:105990001B683BB12046984720B93E4B1B68002B43
:1059A00053DC70BD40F2046101200EF0BFFC40F2F8
:1059B0000463A16BC4E9050339B9626A9268002ADD
:1059C00014BF19464FF40051A163012040F2DC5688
:1059D0000EF0ACFC6063F3F785FCA3683822C4E9E1
:1059E0001801EC632563A4F850602A640BB9012305
:1059F00023774FF0FF33022104F17000C4F85230D6
:105A0000A4F85630F3F774FCB4F8703062696FEAAA
:105A100043436FEA5343A4F8703012B1636B002B19
:105A2000BFD11C4B1B68002BBBDD01201A4B41F280
:105A300014421A49F3F7A4FC1948BDE87040F3F783
:105A4000E5BC184B186860649EE70120124B41F2D8
:105A500003421249F3F794FC1348BDE87040F3F792
:105A6000D5BC08460226052100F8016BF3F740FC7F
:105A7000084B1B68012B83DD3046074B41F2F9329E
:105A80000649F3F77DFC224608490948F3F7BEFCB6
:105A900076E700BFE4430120102C0020D0610020F5
:105AA0006C4C00200045002004450020DD4501002D
:105AB000DC44002070B548220021054610F0B8FBF8
:105AC000234B1822234C02261A600022A3624FF0B7
:105AD000FF311A712846204B26702261A9631F49A5
:105AE000C4E90222D3F8102461626270D3F8102452
:105AF000920AA270D3F81014D3F82024D20C82EAB0
:105B0000D142E270D3F82024D3F82014930A6171B3
:105B100021462371FFF72CFF114B1B68012B0BDD76
:105B2000304640F6E6720F490F4BF3F729FC224648
:105B30000E490F48F3F76AFC4FF0FF3040F6B831DA
:105B40000C4A0D4B686469616A60EB6070BD00BF10
:105B50006CD50120587D012000401F40E843012002
:105B6000E4430120D0610020402C0020DD450100ED
:105B7000F03F0020084000201C40002090F8AC308E
:105B800041686FF3C30370B5CD6B84B080F8AC305F
:105B90000446B5F97030C269002B039203DB4FF461
:105BA0000043A5F87030AB68544EA360B5F8703070
:105BB0005A1C5BBAA5F8702032682383022A7CDC69
:105BC000D4F880301BB10022032120469847A36FF0
:105BD0001BB1002203212046984794F8AC3094F87A
:105BE000AD2043F02003D20784F8AC3024D50399CC
:105BF0004B1C57D0D5E9023263EA0202914251D0E0
:105C0000EBB10399EA684B40134218D12B699942D2
:105C100015D03368022B63DC00222846FFF73CFDD9
:105C200002212046FAF7F8FF94F8AC3043F0100355
:105C300084F8AC3004B070BDAB68002BE1D19DF8A6
:105C40000C3003F0E003E02B0CD0D5F852302046A6
:105C5000C4F8C830B5F85630A4F8CC30FDF782F956
:105C600004B070BDBDF80D302046254AA4F8CB30F5
:105C700094F8CB309DF80F10D2F81C2103F07F036D
:105C800084F8CD10ADF80820C2F3074184F8CB307A
:105C9000BDF8083084F8CA10A4F8C830FDF762F9DE
:105CA00004B070BD4FF0FF332046C4F8C830A4F8EC
:105CB000CC30FDF757F904B070BD124B41F23842B9
:105CC00011490320F3F75CFB04F11C030F4A104851
:105CD000CDE9002304F10803616BF3F797FB6FE74D
:105CE000084B41F2434208490320F3F749FB616B3B
:105CF0000848F3F78BFB03998EE700BFE4430120CC
:105D000004070020FC2B0020D06100208546010004
:105D1000683C0020783C00200149FEF7B1B900BF83
:105D2000D844012038B51A4C2046FEF715FA88B140
:105D3000184D2B68012B0FDC0022A368D4E9000169
:105D40002A600124144A147021FA04F200EB510174
:105D5000ECF7F8FB002038BD104B41F2B37210494C
:105D60000220F3F70DFB0F48D4E90112B1FBF2F268
:105D7000F3F74CFB2B68012BDEDD084B41F2B672CA
:105D800007490220F3F7FCFA0748F3F73FFBD3E794
:105D9000D8440120E44301206ADA0120D82A0020F7
:105DA000D0610020DC400020084100200CB470B518
:105DB00086B000260C4605460AAB0496059653F8B5
:105DC000042BCDE90201019302A901AB054800F0C3
:105DD0006DFA844288BF2E5406B0BDE8704002B010
:105DE000704700BF79ED00002DE9F04FB5B00746D0
:105DF0008A469146002411F0A3F8DFF878B00646F1
:105E000000F101088DF86C402046013409F0F6FAE3
:105E10000246314638464AB302EB0805FAF700FE5F
:105E200003462F212846002BEED010F073FAC0B1A4
:105E3000431B5A46642102A80095FFF7B7FF0023D1
:105E40001BA902A88DF86B3010F02EFE03464946C0
:105E500002A8002BD8D0D04702A91BA810F08EFFB3
:105E6000D2E7284611F06CF82844E1E735B0BDE8E8
:105E7000F08F00BFBC3C0020B5EE400BF1EE10FAF5
:105E800000F08F8110EE903A2DE9F04323F00043AB
:105E9000CD4C8DB00546A34210EE106A00F0718122
:105EA000002E18BF0133A34200F28081B5EEC00B73
:105EB000F1EE10FA00F133810026002A00F038815B
:105EC000B2EE046BB7EE007BB4EEC60BF1EE10FA47
:105ED00008DB27EE067B80EE075BB4EEC65BF1EED7
:105EE00010FAF6DAB7EE005BB4EEC50BF1EE10FA7D
:105EF0000BD8B2EE044B01E087EE047B80EE076B1B
:105F0000B4EEC56BF1EE10FAF6D9B1EE046B0029D0
:105F100027EE067B07DD0023B2EE046B013387EE2C
:105F2000067B8B42FAD130EE077B0024B2EE045B95
:105F3000B7EE006BB4EEC57BF1EE10FA09DB26EE8E
:105F4000056B013487EE064BB4EEC54BF1EE10FA4B
:105F5000F5DAB7EE004BB4EEC47BF1EE10FA0CD5D7
:105F6000B2EE043B02E086EE036B013C87EE065B7B
:105F7000B4EEC45BF1EE10FAF5D4A14200F3538104
:105F800012B1012900F32C81B7EE005BB4EEC56BB2
:105F9000F1EE10FA28DBB2EE043BB646B7EE004B4A
:105FA000002387EE065B0EF13000002B03F10103A6
:105FB0000DEB0004BDEEC55B00F3BD8015EE100ACD
:105FC0000028D4BF00200120002840F0B480B8EEA3
:105FD000C55BB6460346A6EE457B86EE036BB4EE84
:105FE000C46BF1EE10FADCDAB7EE005B3020741C03
:105FF0003318B4EEC56B6B44F1EE10FA03F8280CBD
:10600000C0F23681002302AFB2EE044B3026581E98
:10601000384403E0BEF1270F00F3038186EE046BE2
:10602000013300F8016F03EB040EB4EEC56BF1EE23
:1060300010FAEFDA03EB040EBEF1270F00F3F18044
:106040000EF13000012A04F101060DEB000E4FF0B5
:106050002E000EF8280C02D0002B00F3148106EB62
:10606000030EBEF1270FD4BF4FF001094FF0000916
:106070009942D8BF4FF00009B9F1000F00F00C8130
:106080005C1CB2EE043B9FED4E5BA01902E0BEF13A
:10609000270F1BDC87EE056B0EF130038C42864622
:1060A0000DEB030800F10100234604F10104BDEEED
:1060B000C66B16EE10CAB8EEC64B0CF1300CA4EE4F
:1060C000457B08F828CC85EE035BE0DB002A00F076
:1060D000DE80B9F1000F00F0DA8098193A1802E07A
:1060E000013B08D0F01812F8011D3029F8D02E29F4
:1060F00000F0BB800646272E4FF000013B46334A96
:10610000A8BF272606F130000DEB0006284606F84A
:10611000281C2821FFF74AFE0DB0BDE8F0832D238F
:10612000B1EE400B01268DF80830002A7FF4C8AE8E
:106130009FED237BD6E6B8EEC52B15EE100A06EBD5
:10614000030E00F1300CA2EE467B04F828CC86EE5C
:10615000036BB4EEC46BF1EE10FAC0F29A80BEF19C
:10616000270F7FF71EAF02AF002BD4BF4FF00009FF
:106170004FF00109012AA9D0B9F1000FA6D01944A6
:106180006FE79EB9B5EEC00B114C124B28210F4A98
:10619000F1EE10FAC8BF23460DB0BDE8F043FFF79B
:1061A00005BE0D4B2821094AFFF700BE0B4B2821E5
:1061B000064A28460DB0BDE8F043FFF7F7BD00BF23
:1061C0009A9999999999B93F0000F07FC43F0020AE
:1061D000F03C0020F43C002018540020FC3C00203F
:1061E00002AF80EE060B01223846FFF745FE65231D
:1061F00006448046B4F5C87FBB5507EB06004FF058
:106200002B03437003DC2146FAF7A6FC8044434687
:10621000254A282128460097FFF7C8FD0DB0BDE8A4
:10622000F0832646A0E7002A3FF4AEAE4B42A342DD
:10623000FFF6AAAE01297FF7A7AE02AF80EE060BEC
:1062400001223846FFF718FE65230644804614F500
:10625000C87FBB5507EB06004FF02D034370D6DB1C
:106260006142FAF779FC8044D1E7013B1E4442E7E2
:1062700004F13003023602AF0DEB03042E2304F8C1
:10628000283C0023EBE606EB030E1944E9E67646CC
:1062900031E7344602AFCDE6002BD4BF4FF0000902
:1062A0004FF0010912E700BFBC3C00202DE9F04F80
:1062B000824695B0107802920593002800F09C80E9
:1062C0004FF0000B89465C4609E049460BF1010B93
:1062D0000134D047029B185D002800F08E802528ED
:1062E000F3D104F10108029B13F80870232F00F08A
:1062F000D68000202D2F00F0CA8000230393302F7A
:1063000000F0B780A7F1300220263B46092A00F2B0
:10631000BC800299002401EB0802C1F1010104EBE9
:10632000840401EB020803EB4403A3F1300412F8E8
:10633000013FA3F130051F46092DF0D92E2F00F0A3
:1063400085804FF0FF35682F0AD1029A02EB0803CF
:10635000C2F1010101EB030813F8017F682FF9D0A6
:106360006C2F4ED00022702F57D0A7F16401B1FAE4
:1063700081F14909752F14BF0B4641F00103002B31
:1063800040F09380252F00F0A981A7F14D03D9B2E9
:106390002B2900F21F812B2B00F21C81DFE813F068
:1063A00023011A011A011A011A011A011A011A010C
:1063B0001A011A011A01E2011A011A011A011A013D
:1063C0001A011A011A011A011A011A017A011A0195
:1063D0001A01E201E2011A011A011A011A011A0155
:1063E00023011A011A01E2011A011A0132011A01EC
:1063F0001A011A011A01E2018346584615B0BDE898
:10640000F08F08F10103029AD75C6C2F00F06C81C9
:10641000702F98464FF00102A7D1012002230021DE
:1064200004930690059D642F2B6803F104022A60F3
:106430001A6818BF0023CDE900100AA908BFD317B6
:1064400008460991F7F7ACFF07464EE008F1010155
:10645000029B5F5C5A182A2F40F02681059908F1AB
:1064600002080B681A1D1D68029B0A6013F8087069
:1064700069E7029B08F101083E4613F80870A7F18E
:1064800030023B46092A7FF644AF002456E7012339
:1064900008F101080393029B13F808702FE704F139
:1064A0000208012013F8087024E7430006900493C3
:1064B000A7F16603012B00F22381681C0598A7F160
:1064C0006702036808BF0625B2FA82F2073329463D
:1064D000520923F0070393ED000B083303600AAB66
:1064E00018460993FFF7C8FC0746254644B1069BAA
:1064F00033B1049A013D631B9A4201D9002DF9D1B1
:10650000039B83F00103202E14BF002303F001033B
:106510000793002B00F03A81AF4280F047813C4660
:10652000013449462020D047A542F9D8ABEB0704F7
:106530002C44049B0BB30023089320230693494665
:106540003020D047049B022B40F01A814946782026
:10655000D047049B23449B46089B5C467BB1013497
:1065600049463046D0473B19A3EB0B03AB42F6D369
:1065700037B9A34608F10104ACE62023069397B18E
:1065800004954FF0000B2546099C04E00BF1010B2C
:10659000D0475F4504D914F80B0049460028F5D1CF
:1065A0002C46049D5C44069B202BE2D1039BA34612
:1065B000002BDFD0079B002BDCD00BF1010B4946F1
:1065C0003046D04707EB0B031B1B9D42F5D808F163
:1065D00001047FE649462520D047494638460BF15D
:1065E000020BD047C6E705996D2F0B6803F1040233
:1065F0000A601C6800F0A880059A49465046A047EA
:106600008344B7E705990B681A1D0A606A1C1B686A
:10661000069300F09380A542039A2CBF0023012328
:10662000049362B95BB12F46013749463046D047E3
:10663000A742F9D3A3440123ABEB050B0493A5B107
:10664000069B0027CDF818B0A346013B1C4603E08B
:106650000137D047BD424ED014F8010F49460028FB
:10666000F6D15C46DDF818B0BB44039B002B81D00B
:10667000049B002B3FF47EAFA542BFF47BAF2F46B7
:10668000013749463046D047A742F9D35C44A4EBD2
:10669000050B6FE7059849460BF1010B03681A1DBE
:1066A00002601878D04765E7A7F130053B46092D11
:1066B00069D802990025C1F1010105EB850501EBBF
:1066C000020803EB4503A3F1300512F8013FA3F1E3
:1066D000300C1F46BCF1090FEFD934E63846494665
:1066E0000BF1010BD04745E708F10208029B02229B
:1066F00013F8087037E65C46DDF818B0AB44B4E731
:1067000007F0DF00702F18BF58280CBF01200020B1
:10671000022A7FF487AE059D0AAF2B6809970733DD
:1067200023F0070303F108022A60D3E90023CDE92F
:1067300000103846F7F734FE0746D6E6BBB11846D8
:1067400010F0FEFB054666E7494622200BF1020BDE
:10675000D0474946059A5046A047494683442220DF
:10676000D04707E74300002106900493A0E6231ECC
:10677000039A18BF01230493E2B9DBB1069D52E7E7
:1067800001230493E5E688460025DCE5AF422CBFF3
:10679000002301230793302E14BF002303F00103CD
:1067A0000893049B43B15C460696C8E600235C460A
:1067B0000793BEE6002558E70696CDE60CB410B563
:1067C00082B004AC01AB54F8042B0194FFF76EFDCA
:1067D00002B0BDE8104002B0704700BF136810B5AA
:1067E0001C1D86B014601A685479137804941479C7
:1067F0000394D4780294947801945478024A0094D3
:10680000FFF7DCFF06B010BDD0420020136810B5C2
:106810001C1D88B014601A68D37C5BB9D4781378D7
:106820000294947801945478144A0094FFF7C6FFB8
:1068300008B010BDD489138864BA5BBAA4B29BB205
:106840000694948964BAA4B20594548964BAA4B233
:106850000494148964BAA4B20394D48864BAA4B228
:106860000294948864BAA4B201945488044A64BA25
:10687000A4B20094FFF7A2FF08B010BDB822002018
:10688000AC420020136830B51C1D83B014601D6835
:10689000054A2C8A054B64BA0095A4B20194FFF70F
:1068A0008DFF03B030BD00BFC84200200D4601007F
:1068B000136810B51C1D84B014601A68D47813785E
:1068C0000294947801945478024A0094FFF776FF7A
:1068D00004B010BDB82200200EB430B582B004461A
:1068E000056D05A901AB51F8042B019100F1480198
:1068F0000448FFF7DBFC206D401B02B0BDE83040D0
:1069000003B07047C128010008B4A1F16403B3F5D6
:10691000FA7F70B5044685B0104621D21A4A52F863
:10692000233000B30A46009018492046FFF7D4FFF1
:106930000AA803AB099A039004F148011448256D95
:10694000FFF7B4FC236D102B0FD894F8AE306FF323
:10695000000384F8AE3005B0BDE8704001B0704768
:106960000C4B0028DED10B48DCE7A5F10F06A06C2C
:106970005B1B094A30440B21FFF718FAA36C202255
:1069800033441A54E1E700BF040B0020683D0020A7
:10699000C12801001C4F00209C3D00200EB470B5A2
:1069A00097B00026044620481BAB06AD02A904960A
:1069B00053F8042B0295019340230596039301ABF2
:1069C000FFF774FC3F2805D800F158030DEB0300D6
:1069D00000F8406C154B1B68002B0CDD4FF4D37294
:1069E00013490120134BF2F7CBFC2B461248D4E994
:1069F0000C21F2F70BFD94F8AD30D4F8806043F031
:106A0000200384F8AD301EB12A4600212046B0474D
:106A1000A36F1BB12A4600212046984717B0BDE856
:106A2000704003B0704700BF79ED0000E4430120DF
:106A3000D0610020002D0020003D00202DE9F04F06
:106A40008FB002F11106D0F8A8408946059340F2B4
:106A5000173315468046ADF81C3004F1040AADF832
:106A600024300323D4F880248DF81E308DF826308E
:106A7000C6F30723D4F884C48DF81F308DF827306F
:106A8000F3B28DF820308DF8283090F8AC309907AB
:106A90007AD504F2F44B04F214530BAF186859681A
:106AA0009A683B4607C39DF8343007AAE168504610
:106AB00083EA1C638DF834309DF8353083EA1C433B
:106AC0008DF835309DF8363083EA1C238DF836304A
:106AD0009DF8373083EA0C038DF837300523FEF735
:106AE00011F8E16850463144FDF736FF6268E3680B
:106AF000494602EB03092A4648460FF01DFB059B59
:106B000040F20131012009F805300DF00FFC8246FA
:106B1000002842D083196A1C994503D209EB02036D
:106B2000984237D3012349465046009701935B466C
:106B30000592FAF725F90521059A5B46009702911F
:106B400009A90AEB020001915146FAF733FA3246DD
:106B5000514648460FF0F0FA50460DF04DFC98F8BB
:106B6000AC309B070AD4D4F880340133C4F88034A5
:106B7000E3683344E3600FB0BDE8F08FD4F88434A9
:106B80000133C4F88434F3E7944604F5956B04F5B7
:106B9000996382E74FF0FF32DAE702494046FFF798
:106BA000FDFEE8E7684C00202DE9F84F90F8AC3086
:106BB0000746D0F8A8409B0703D4D4F82451002DF1
:106BC00073D1D4F81C514FF0000905F10D080120D4
:106BD00041460DF0ABFB0646002800F086804FF0E2
:106BE000000A05F10901EAB26B1D80F804A0080C47
:106BF000090A707006F10B00B17002F1090105324B
:106C0000F170F2711A0C1B0A7271B3710B2333709D
:106C1000B4F81E313372D4F81C311B0A7372D4F8E5
:106C20001C31B372D4E946120FF086FAD4F81C3145
:106C3000334483F80BA0D4F81C31334483F80CA000
:106C4000B9F1000F38D104F1200BB8F1000F21D0B9
:106C500005F10C0A4FF00009751EB24401E05545DC
:106C600018D0A36C15F8011FE2180133402B82F8ED
:106C70004C10A364F3D15846F7F718FEC4F84890B7
:106C8000D4E9103213F5007342F100025545C4E90E
:106C90001032E6D13846162342463146FFF7CEFE83
:106CA0003046BDE8F84F0DF0A7BBD4F81C314FF0CB
:106CB00001091D44053588E7D4F81C01B4F82621E4
:106CC000331810305A733044D4F82421120A9A73BE
:106CD000D4F82421DA73D4E948120FF02DFA73198D
:106CE00083F80BA083F80CA0ADE738460249BDE855
:106CF000F84FFFF753BE00BFDC51002090F8AC30D6
:106D00002DE9F04F9907D0F8A86089B00546D6F86C
:106D100080A4D6F8842442D506F5956306F5996BD0
:106D20000393B369002B43D12B6FA96E042B31D988
:106D3000DFF89C91DFF89C81604FB1F8034064BAA2
:106D4000A4B2621D9A4225D80B78172B3BD0142B86
:106D500032D0152B40F09080D9F8000043463946D8
:106D600042F6252201284FF0020004DDF2F708FB6D
:106D70005348F2F74BFB2846002150F8683FB3F820
:106D8000032052BA053292B2FDF7F2FE2B6FA96EC4
:106D9000042BD2D86FF0010009B0BDE8F08F06F2E5
:106DA000F44306F2145B92460393B369002BBBD005
:106DB000002009B0BDE8F08F92B2002105F1680013
:106DC000FDF7D6FEE2E70F2C01F1050768D9DBF8E5
:106DD000000005ABDBF80410DBF8082007C39DF8C2
:106DE0001C302146012083EA1A638DF81C309DF87F
:106DF0001D3083EA1A438DF81D309DF81E3083EA5A
:106E00001A238DF81E309DF81F3083EA0A038DF88F
:106E10001F300DF08BFA8046002848D03B19A4F1B2
:106E20001002984202D28318BB4236D805AB01212A
:106E30004046009301913946039B0392F9F7A0FF66
:106E4000039A414638460FF077F940460DF0D4FAE0
:106E5000A4F111003B5C3377AA6E95F8AC30BA1AF6
:106E6000B0619B07726110D5D6F880340133C6F843
:106E7000803409B0BDE8F08F28461249FFF78EFD37
:106E80004FF0FF3009B0BDE8F08FD6F884340133FD
:106E9000C6F8843409B0BDE8F08F4FF0FF32D0E778
:106EA00028460949FFF77AFD4FF0FF3074E728467E
:106EB0000649FFF773FD4FF0FF306DE7D06100200A
:106EC000F05000200C51002020510020684C002080
:106ED000E4430120582A00202DE9F04FD0F8A840C3
:106EE00083B0D0F868A0D4E90598B8F1000F36D087
:106EF0000AEB0905AB7869781B0243EA0143E9789C
:106F00000B4303F1040BD8452CD3EF1C0646013D7F
:106F100004F120001F4401E0BD4219D0A36C15F814
:106F200001CFE1180133402B81F84CC0A364F3D1A9
:106F30000190F7F7BBFC236C0022019813F5007356
:106F4000A2642364636C43F10003BD426364E5D132
:106F500009EB0B03A8EB0B01C4E9053141B103B008
:106F6000BDE8F08F084903B0BDE8F04FFFF716BD4C
:106F7000BAF8033006F168005BBA5A1D92B203B04A
:106F8000BDE8F04FFDF7F4BD2051002070B5866BD1
:106F9000ADF5067D016C04463046FDF749FA051E45
:106FA00017DB12D00E2D02DD737A312B19D01D495B
:106FB0002046FFF7F3FC2A46002104F13800FDF7D4
:106FC000D7FD00200DF5067D70BD01200DF5067D75
:106FD00070BD20461449FFF7E1FC00200DF5067D49
:106FE00070BDB37A302BE2D1F37A312BDFD130464A
:106FF0006A46FDF763FA0028D9D094F8AD30D4F88A
:10700000806043F0020384F8AD301EB16A460C2163
:107010002046B047A36F002BCDD06A460C212046F6
:107020009847C8E7D4520020C45200204368F0B506
:10703000DD6B85B00446C769AB6823B195F884C0A1
:10704000BCF1040F06D020461E49FFF7A7FC002024
:1070500005B0F0BD90F8AD300E46DB070AD590F8CC
:10706000AC3013F0180F0FD0174B1B68032B1CDC30
:107070000020EDE7134648300A468168FDF742FDDF
:10708000003818BF0120E3E71146F9F7DBFBAA68D7
:1070900004F1C801CDE90260A38D28460193238B3A
:1070A0000097FAF70BFA0120D2E76046074B41F24E
:1070B000A3420749F2F764F90648F2F7A7F900205E
:1070C000C6E700BF64430020E4430120002B0020FA
:1070D000D0610020704300202DE9F043C5B00024AA
:1070E00016460F4601AD80464FF48672214628466B
:1070F000994676BA0FF09CF80123A4462E806B8047
:107100004FF480733E68AB80325D2E2A2AD07B68B4
:10711000A3423CD8A4EB0C0206EB0C010CF10D00D1
:10712000AC4428448CF80C200AF064FD04F1010CF6
:10713000184A0CF10C03D2F82001E918E85092F833
:1071400024310B71B9F1000F03D005EB0C031C22A5
:107150009A730CF1110229464046FFF767FF45B0CC
:10716000BDE8F083A4EB0C0205EB0C030CF10D0061
:1071700006EB0C011A7328440AF03CFD7B6804F10D
:10718000010CA3426446D3D9FB2CBDD1D0E7013416
:10719000FAE700BF0407002002292DE9F04F4668F6
:1071A000C9B008D0072906F1300843D009291FD0FB
:1071B00049B0BDE8F08F346BD2E90056002CF7D00F
:1071C0002346734F2468D3E90212A942B24108D37F
:1071D000002CEDD023462468D3E90212A942B24123
:1071E000F6D239465868FFF7D9FB002CF2D1DFE719
:1071F000356B002DDCD0674F2C4639462D68606812
:10720000FFF7CCFB336BA3420BD01A461B68A3429B
:10721000FBD12368204613600DF0EEF8002DEBD172
:10722000C6E742462368204613600DF0E5F8002DBE
:10723000E2D1BDE7056C0446876B4FF48C720021E8
:1072400002A80EF0F5FF0B2D51D9BB885BBA9BB29B
:10725000012B4CD82946384602AAFCF74DFE0028DF
:1072600045D0376B002F76D00021DFF82C91DFF866
:107270002CA1B3463D46BDF808203F682B8A9A42B0
:107280002CD16E6896F8AC301B0750D59DF80A30AB
:10729000002B62D0B38D0DF10C0E06F11C0CADF875
:1072A0001C30BEE80F00ACE80F00DEF80030CCF870
:1072B0000030D9F80030022B58DC3046FEF75EFC77
:1072C0002968DBF83030AB424ED01A461B68AB421F
:1072D000FBD1116028460DF08FF80121002FC9D194
:1072E000002938D00023236449B0BDE8F08F2A4D2F
:1072F0002B68002B09DD0120284B4FF48A722849A6
:10730000F2F73EF82748F2F781F8216CA06BFEF700
:1073100025F82B68002BE5DD0120204B40F23312CD
:107320001F49F2F72DF82048F2F770F8DAE7D9F89C
:107330000030002B01DC3946C3E7534640F22D12E2
:1073400017490120F2F71CF86B681848596BF2F7DF
:107350005DF82968B5E7104DDBE71549304608AA06
:10736000FFF71CFB2968ACE74246B2E753464FF4EF
:1073700090720B490320F2F703F868680D4B08AAD6
:10738000416B1C3000900C48F2F740F86E6894E7AF
:1073900074350020EC350020E44301200C2D002042
:1073A000D061002080350020DC350020C43500206D
:1073B000AC3500200D4601009C3500200FB410B5FF
:1073C00086B000214FF4807408A8049101AB0594A5
:1073D00050F8042BCDE90211019002A90448FEF7F0
:1073E00065FF029806B0BDE8104004B0704700BFCA
:1073F000C12801008268C3689A420BD10023E1B121
:10740000026810B48468201D5DF8044B02441846DD
:107410000A607047BFF35B8F83680268D358002B04
:10742000EDD18360C26883689A42E7D9BFF35B8F6E
:1074300083680268D3580029E2D11846704700BF1C
:107440002DE9F041D3000546406916460F461B184A
:10745000C0F3C5086B61AB6928BF013303EB5273FE
:10746000AB6102EB08033F2B08D808F11C00324641
:1074700039462844BDE8F0410AF0BCBBC8F14004DD
:1074800008F11C00224628440AF0B4FB05F11C0157
:107490002846F8F7C3FAC8F17F039E4212D939197A
:1074A0002846F8F7BBFA234640347F339E42F6D88D
:1074B0002744361B1C20324639462844BDE8F0419B
:1074C0000AF098BBA8F1400327441C201E44CEE7D5
:1074D00070B584B0044600220D460DF10700032A62
:1074E0006FEA020302F101028CBF0021012103F0C7
:1074F0000303082A05EB81014FEAC303496921FA16
:1075000003F300F8013FEAD1802301220DF10701C6
:1075100028468DF80730FFF793FF6B6903F4FC737F
:10752000B3F5E07F0ED0002601220DF107012846B9
:107530008DF80760FFF784FF6B6903F4FC73B3F504
:10754000E07FF1D1082228460DEB0201FFF778FF1A
:10755000601E0022D3439108013203F0030355F863
:107560002140142A4FEAC30324FA03F300F8013F31
:10757000F0D15C220021284604B0BDE870400EF036
:1075800057BE00BF70B58D6A80220C4606464B1967
:10759000372D83F82C2040D807D005F12D00C5F1F8
:1075A0003702084400210EF043FE226AED00636AB0
:1075B0002046AD1843F100032ABA190AA26684F8DE
:1075C00067301A0C84F8661084F86520C4E9085303
:1075D0001B0E84F86430F7F769F9701E18232268CF
:1075E000DA4000F8012F6268DA400271A268DA40DE
:1075F0000272E268DA4002732269DA400274626958
:10760000DA400275A269DA400276E269DA40083BA4
:1076100013F1080F0277E2D170BD6B1C3F2B07D826
:1076200005F12D00C5F13F02084400210EF000FED7
:107630002046F7F73BF93822002104F12C000EF028
:10764000F7FDB2E72DE9F0433A4FD1B0D0F8A8806A
:107650009146EC460E46384D09AC0FCFACE80F0012
:107660000FCFACE80F003B68ACF800300FCD0FC473
:107670000FCD0FC42B68402220212FA823800EF0AD
:10768000D7FDB9F1000F53D009AC3FAD0DF23D1756
:107690000FCC0FC50FCC0FC52368702208F1200155
:1076A00012A82B802FAC0EF047FD12A90DF58F709C
:1076B0000025FFF767FF00220023CDE91A231F4AA8
:1076C0001F4BCDE912231F4A1F4BCDE914231F4A3C
:1076D0001F4BCDE916231F4A1F4BCDE918239DF8F8
:1076E000BC2001238DF874201C93A74219D01C9B49
:1076F00014F801CF03F5A07201336A44402B1C93A8
:1077000002F8CCCCF1D112A8F7F7D0F81C95DDE93E
:107710001A3213F5007342F10002A742CDE91A3282
:10772000E5D112A93046FFF72DFF51B0BDE8F08337
:107730006C46AAE7584600207C46002067E6096AA6
:1077400085AE67BB72F36E3C3AF54FA57F520E5182
:107750008C68059BABD9831F19CDE05B0B4600F10C
:1077600018011846FFF70EBF2DE9F041284B9CB0D9
:1077700000240025064627480027CDE90845CDE925
:107780000003254C254B264D0A97CDE90243254B96
:10779000CDE90453244B069303F17453A3F523035B
:1077A000A3F6924307935AB30B78551E0C46E8464E
:1077B0008DF82C300D4401230A93A54219D00A9B61
:1077C00014F801CF03F1700201336A44402B0A938D
:1077D00002F844CCF1D14046F7F768F80A97DDE9A2
:1077E000083213F5007342F10002A542CDE90832D8
:1077F000E5D141463046FFF7C5FE1CB0BDE8F0813B
:10780000E84630464146FFF7BDFE1CB0BDE8F081BA
:1078100085AE67BB67E6096A72F36E3C3AF54FA521
:107820007F520E518C68059BABD9831F2DE9F04F19
:107830004FF00009CDB0144606463C22884601A808
:1078400049461D46569FCDF800900EF0F1FC4022AF
:10785000362120A80EF0ECFC40225C210DEB02004A
:107860000EF0E6FC3F2C00F2FD802246002C40F09A
:10787000ED804FF05C0E36210DF1C0080DF1800A4D
:1078800010ACEC462046534604E019781CF8012F52
:1078900090F800E0514082EA0E0203F8011B4345D4
:1078A00000F8012BF1D1964B0022DFF868C20DF1F0
:1078B000BF0BDFF864E2DFF85892CDE930C3914B9B
:1078C000CDE932E3904BCDE93493904B4FF0000972
:1078D000369303F17453A3F52303A3F6924337932E
:1078E0009DF880308DF8EC3001233A930023CDE9E8
:1078F0003823DA451AD03A9B1AF8011F03F598721B
:1079000001336A44402B3A9302F8441CF1D14046BB
:10791000F6F7CCFFCDF8E890DDE9383213F50073C7
:1079200042F10002DA45CDE93832E4D10FB3013F2C
:1079300005EB0709013D002701E0A94519D03A9B55
:1079400015F8011F03F5987201336A44402B3A93EE
:1079500002F8441CF1D14046F6F7A8FF3A97DDE95A
:10796000383213F5007342F10002A945CDE93832EF
:10797000E5D141463046FFF705FE00200021604A70
:10798000634F01230DF17F053A93CDE93801614939
:107990006148CDE930125B4ACDE932025A4ACDE95D
:1079A00034725A4A0027369202F17452A2F5230229
:1079B000A2F6924237929DF840208DF8EC2003F514
:1079C0009872AC426A4419D0013314F8011F402B5D
:1079D0003A9302F8441CF2D14046F6F767FF0023C1
:1079E0003A97DDE9382112F5007241F10001AC420D
:1079F000CDE9382103F598726A44E5D1741E06F189
:107A00001F07002502E0A74219D03A9B03F59872A0
:107A1000013314F8011F6A44402B3A9302F8441CC6
:107A2000F1D14046F6F742FF3A95DDE9383213F5D9
:107A3000007342F10002A742CDE93832E5D1414658
:107A40003046FFF79FFD4DB0BDE8F08F41466846D8
:107A50000AF0D0F80DF1C0089DF800204FF05C0E40
:107A600036210BE798F800304444DFF8A8B0C2464E
:107A70008DF8EC30013C224B0DF1C008264A244918
:107A8000CDE930B31F4BCDE932231F4B0022CDE9A6
:107A900034131E4B369303F17453A3F52303A3F65B
:107AA0009243379301233A930023CDE93823A2452B
:107AB0001AD03A9B1AF8011F03F5987201336A44F1
:107AC000402B3A9302F8441CF1D14046F6F7EEFE03
:107AD000CDF8E890DDE9383213F5007342F1000289
:107AE000A245CDE93832E4D141466846FFF74AFD68
:107AF0009DF880109DF800209DF840E0BEE600BF94
:107B000085AE67BB3AF54FA58C68059BABD9831F43
:107B10007F520E5167E6096A72F36E3C184B1F22C2
:107B200030B50546B1B093E80300D5F8A8400B90F6
:107B30000DF131008DF8301000210EF079FB70222C
:107B400004F1200114A80AF055F814A903A8FFF7BE
:107B500019FD202203AB0CA804F5A4610092FFF7E5
:107B600065FE16230BA928462422FEF767FFE2686C
:107B700061682846FDF764FE0023E36031B030BD44
:107B80002C0800202DE9F043CBB00E4617461D46C9
:107B900080460FF0D5F9DDF84C9104464FF4807221
:107BA00000210AA80EF044FB8DF829908DF82A4098
:107BB000C4B90AAB2344DD70FDB963190AAA0124D4
:107BC0003146D0180533009313460471202202A8D1
:107BD000FFF72CFE4A4602A952980AF00BF84BB068
:107BE000BDE8F083414622460DF12B000AF002F871
:107BF0000AAB2344DD70002DDFD0201D0AAB3946CF
:107C00002A46184409F0F6FFD7E700BF2DE9F04FE8
:107C10000546C7B0202470220AAE05F120012AA82B
:107C200005F5956B09F0E6FF2AA902A80C27FFF7D6
:107C3000A9FC2346744A05F59161744805F5996AD3
:107C400005F2F44905F21458CDE90064FFF79AFFF4
:107C500031466F4B224612A80094FFF7E7FD1AAB9E
:107C600002AA12A96B48009323460194FFF78AFFEA
:107C700000231AA968481A460194CDF800B0FFF70E
:107C800081FF00231AA965481A460197CDF800A084
:107C9000FFF778FF22AB02AA12A96148009323469E
:107CA0000194FFF76FFF002322A95B481A46019455
:107CB000CDF80090FFF766FF00235A4E22A91A461E
:107CC00056480197CDF80080FFF75CFF3368032B1F
:107CD00007DC0023C5F88434C5F8803447B0BDE81C
:107CE000F08F514B42F6C70250490420F1F748FB90
:107CF0001AAB4F4A009323464E494F48F1F786FB93
:107D00003368032BE5DD484B42F6C70247490420A0
:107D1000F1F736FB2346464A48494748CDF800B0BC
:107D2000F1F774FB3368032BD3DD3F4B42F6C702F8
:107D30003E490420F1F724FB3B46CDF800A005F2B4
:107D4000D44A3B4A3E493C48F1F760FB3368032B79
:107D5000BFDD354B42F6C70234490420F1F710FB72
:107D60002346334A37493448CDF800A0F1F74EFB9B
:107D70003368032BADDD2C4B42F6C7022B490420A0
:107D8000F1F7FEFA22AB2A4A009323462E492A48ED
:107D9000F1F73CFB3368032B9BDD234B42F6C70214
:107DA00022490420F1F7ECFA2346214A27492248C8
:107DB000CDF80090F1F72AFB3368032B89DD1A4BCD
:107DC00042F6C70219490420F1F7DAFA3B46184A8D
:107DD0001F491948CDF80080F1F718FB336805F505
:107DE000A466032B7FF775AF0F4B42F6C7020F490E
:107DF0000420F1F7C5FA23460D4A16490E480096AD
:107E0000F1F704FB65E700BF2C460120704C002011
:107E100014DA0120804C0020944C0020A04C00205B
:107E2000AC4C0020E44301206C2A0020D0610020EB
:107E300061C60000C04C0020D04C0020D84C00206F
:107E4000E04C0020E84C0020F44C0020044D0020C1
:107E50000C4D0020144D00202DE9F04FC9B0202515
:107E6000002204460CAE9A4B114604A8009504F576
:107E70009167FFF7DBFC2B4604A9964A9648CDE9AB
:107E80000065FFF77FFE3146944E04F1F0032A4669
:107E900038460095FFF7CAFC3368032B68DC702274
:107EA00004F120012CA809F0A5FE2CA914A8FFF7C5
:107EB00069FB3368032B00F3FA8020251CAB39469D
:107EC00014AA874804F5956B00932B46019504F599
:107ED000996AFFF757FE24AB394614AA81480C274C
:107EE00000932B46019504F2D449FFF74BFE002383
:107EF0001CA97D481A460195CDF800B004F2F4485B
:107F0000FFF740FE00231CA978481A460197CDF8D8
:107F100000A0FFF737FE00231CA975481A460195FB
:107F2000CDF80090FFF72EFE002324A96E481A46D4
:107F30000195CDF80080FFF725FE04F214520023CE
:107F400024A96A4804F5A464039200921A46019792
:107F5000FFF718FE002324A965481A46CDE900451D
:107F6000FFF710FE3368032B11DC49B0BDE8F08F3A
:107F7000604B42F6C70260490420F1F701FA2B4634
:107F80005E4A5F495F480097F1F740FA87E7594B2F
:107F900042F6C70258490420F1F7F2F91CAB574AE0
:107FA00000932B4658495748F1F730FA3368032BB2
:107FB000DBDD504B42F6C7024F490420F1F7E0F9F0
:107FC0002B464E4A51494F48CDF800B0F1F71EFA02
:107FD0003368032BC9DD474B42F6C70246490420EC
:107FE000F1F7CEF93B46454A49494648CDF800A04D
:107FF000F1F70CFA3368032BB7DD3E4B42F6C702AC
:108000003D490420F1F7BCF92B463C4A41493D4823
:10801000CDF80090F1F7FAF93368032BA5DD354B65
:1080200042F6C70234490420F1F7AAF924AB334AD7
:1080300000932B4638493348F1F7E8F93368032BAE
:1080400093DD2C4B42F6C7022B490420F1F798F937
:108050002B462A4A31492B48CDF80080F1F7D6F952
:108060003368032B81DD234B42F6C70222490420EB
:10807000F1F786F9039A3B462949009221481F4AA5
:10808000F1F7C4F93368032B7FF76FAF194B42F652
:10809000C70219490420F1F773F92B46174A214901
:1080A00018480094F1F7B2F949B0BDE8F08F114BD0
:1080B00042F6C70210490420F1F762F914AA2023FE
:1080C000194900920F480D4AF1F7A0F9F5E600BFF3
:1080D00014DA01202C460120704C0020E4430120DA
:1080E000384D00204C4D0020944C0020A04C002026
:1080F000604D00206C2A0020D061002061C6000085
:10810000204D0020D04C0020704D0020D84C002085
:10811000E04C0020E84C0020804D0020044D002061
:108120000C4D0020144D00202C4D0020CAB30A44F1
:108130002DE9F04104464D1E00F140080027561E6F
:1081400001E0B5422BD0D4F8D03015F8010FE21879
:108150000133802B82F84000C4F8D030F1D1414681
:108160002046F6F74DFCD4E9323213F5806342F134
:108170000002B3F5806FC4E9323272F100020AD214
:10818000D4F8C0300133C4F8C030D4F8C43043F15F
:108190000003C4F8C430B542C4F8D070D3D1BDE8F0
:1081A000F0817047F8B5D1F8D07080220D460446B2
:1081B000CB196F2F83F840206AD807D007F1410010
:1081C000C7F16F02084400210EF032F805F14006B5
:1081D000FA000020D5E932138918D5F8C02053F1F0
:1081E000000328BF0120C5E93213002846D1D5F885
:1081F000C40012BA85F8BB3009BA85F8B300C5F8D7
:10820000B4201A0AC5F8BC10314685F8BA201A0CF9
:108210001B0E85F8B920020C85F8B830030A85F8E2
:10822000B12085F8B230030E284685F8B030F6F755
:10823000E7FBA5F1080320462835DA7B0833083030
:1082400000F8082C9D42DA8800F8072C5A684FEA9B
:10825000122200F8062C5A6800F8052CDA7800F88B
:10826000042C5A8800F8032C1A684FEA122200F8EE
:10827000022C1A6800F8012CDFD1F8BD0132D5F8C4
:10828000C40040F10000C5F8C020C5F8C400B0E744
:108290007B1C7F2B07D807F14100C7F17F02084400
:1082A00000210DF0C5FF05F1400628463146F6F7DE
:1082B000A7FB7022002130460DF0BAFF88E700BF0F
:1082C0002DE9F04FD7B0154608AAF6F735FD00287E
:1082D00006DD9DF82030302B02D1DDE9091A21B9E5
:1082E0004FF0FF3057B0BDE8F08F50460BAAF6F7BD
:1082F00023FD061EF4DB9DF82C30A1EB0608564446
:10830000302BCDE90986EBD1DDE90C177B18A3EB07
:108310000A0305930029E3D038460EAAF6F70CFDB0
:108320000028DDDB9DF8383007440C1AA02BCDE97E
:108330000C4700F0D482022BD2D10F9BDFF844937C
:10834000AB60109B6B60D9F80030032B00F33A82CE
:108350000C990029C4D00D9C0EAA2046F6F7ECFC1F
:108360000028BDDB9DF8383004440F1A302BCDE9CE
:108370000C74B5D10F990029B2D0DDF840B011AA24
:108380005846F6F7D9FC0028AADB0BEB0003091AC4
:10839000CDE90F139DF84430062BA1D1D9F8003058
:1083A000032B069300F3CD81AD49DDE9122B58462E
:1083B00007920DF091FE002800F0E881079A5846D8
:1083C000A8490DF089FE002800F0E081079A584680
:1083D000A5490DF081FE58B1079A5846A3490DF002
:1083E0007BFE069B002840F0FF82032B00F3D9821E
:1083F0000023514605F11C0A059A20A854939FEDCD
:10840000867B8DED507B8DED527B9FED857B8DEDD9
:10841000207B9FED857B8DED227B9FED857B8DED18
:10842000247B9FED857B8DED267B9FED857B8DED00
:10843000287B9FED857B8DED2A7B9FED857B8DEDE8
:108440002C7B9FED857B8DED2E7BFFF76FFE20A9AA
:108450005046FFF7A7FE3023EB64D9F80030032B1A
:1084600000F3A281002F3FF43BAF0EAA394620460D
:10847000F6F762FC0028FFF633AF9DF8383004446D
:108480003F1A302BCDE90C747FF42AAF114678489F
:10849000FBF750FB002F3FF423AF0EAA39462046CE
:1084A000F6F74AFC0028FFF61BAF9DF8383004446D
:1084B0003F1A302BCDE90C747FF412AF0F99B9B18C
:1084C000DDF840A01DAA5046F6F736FC002804DB74
:1084D0008244091ACDE90F1A51B120AA5046F6F785
:1084E0002BFC002804DB0AEB0003091ACDE90F136B
:1084F000219A604922980DF0EFFD0028C0F25C82BD
:10850000002F3FF4EDAE0EAA39462046F6F714FCD4
:108510000028FFF6E5AE9DF8383004443F1A302BB2
:10852000CDE90C747FF4DCAE11465348FBF702FB37
:10853000002F3FF4D5AE0EAA39462046F6F7FCFBD5
:108540000028FFF6CDAE9DF8383004443F1A302B9A
:10855000CDE90C747FF4C4AE0F9900293FF4C0AE8E
:10856000109F14AA3846F6F7E7FB0028FFF6B8AECE
:108570009DF8503007440C1A302BCDE90F477FF49B
:10858000AFAE159900293FF4ABAEDDF858A017AA9D
:108590005046F6F7D1FB0028FFF6A2AE0AEB000327
:1085A000091ACDE915139DF85C30062B7FF498AEBF
:1085B000D9F800B0BBF1030F00F312812F49DDE9B8
:1085C000182A504605920DF087FD38B1059A50469D
:1085D0002B490DF081FD002840F0528101232B60D2
:1085E0004FF0010A159900293FF47AAEDDF858B032
:1085F0001DAA5846F6F7A0FB0028FFF671AE0BEB5C
:108600000003091ACDE915139DF87430062B7FF489
:1086100067AE39E0AFF3008000000000000000000A
:10862000D89E05C15D9DBBCB07D57C362A299A62B1
:1086300017DD70305A01599139590EF7D8EC2F15C2
:10864000310BC0FF6726336711155868874AB48E0F
:10865000A78FF9640D2E0CDBA44FFABE1D48B54759
:10866000144F00203C4F0020644F00208C4F00200E
:10867000E44F0020EC4F0020285000204450002000
:108680006C500020E4430120002C3FF429AE1AAACC
:1086900021463846F6F750FB0028FFF621AE9DF83C
:1086A00068300744201A032BCDE90F077FF418AE7A
:1086B0001C9ABAF1000F00F00E811B9B0232023BA4
:1086C000C5E90323B8F1000F3FF40AAE41460EAAF4
:1086D0003046F6F731FB011EFFF602AE9DF838304A
:1086E0000E44A8EB0101302BCDE909167FF4F8AD5B
:1086F00000293FF4F5AD20AA3046F6F71DFB00280F
:10870000FFF6EEAD9DF880300644091A032B0A9659
:1087100009917FF4E5AD219B002B3FF4E1AD229A56
:108720001478002C7FF4DCADD9F800100132013B45
:108730000329C5E9052300F3F380204657B0BDE8BF
:10874000F08FB34B42F65642B2490420F0F718FEC0
:10875000B149B248DDE91223F0F758FEB049DDE92E
:10876000122B584606920DF0B7FC069A00286ED1DF
:10877000D9F80030032B09DD0420A54B42F65942FD
:10878000A449F0F7FDFDA748F0F740FE514605F17A
:108790001C0A059A5046FEF7E7FF2023EB64D9F840
:1087A0000030032B7FF75EAE42F6704299490420F9
:1087B000974BF0F7E5FD5346EA6C97499A48F0F776
:1087C00025FE4FE6924B42F6504292490420F0F7C4
:1087D000D7FD91499548D5E90132F0F717FEB7E585
:1087E0008B4B42F68F428B490420F0F7C9FD8A4932
:1087F0008F48DDE91823F0F709FE8E49D9F800B05B
:10880000DDE9182A504605920DF066FC059A00280D
:1088100050D08949504605920DF05EFC059A80BB08
:108820000123BBF1030F2B607FF7DAAE0420784BF6
:1088300042F697427749F0F7A3FD8048F0F7E6FD4E
:10884000D5F800A0BAF1000F3FF41EAFCAE67C498C
:10885000584607920DF040FCD9F80030079A06936D
:10886000002840F08680032B90DD0420684B42F600
:108870005E426849F0F784FD7248F0F7C7FD85E76E
:10888000059A7149504605920DF026FC059A00287C
:1088900057D10123BBF1030F2B607FF7A1AE5C4BD7
:1088A00042F69B425B490420F0F76AFD6748F0F707
:1088B000ADFDC5E70123BBF1030F2B607FF790AE41
:1088C000534B42F6934253490420F0F759FD604858
:1088D000F0F79CFDB4E71B9B0132013BF0E6DDE9BC
:1088E0000F10F6F729FA00287FF7FAAC0F9B012B3F
:1088F0007FF4F6AC109B1B78022B7FF4F1AC002CBC
:108900003FF4EEAC21463846F6F716FA0028FFF69B
:10891000E7AC0744201A9DF83830CDE90C070AE58A
:108920003B4B42F6B8423B490420F0F729FD3A4957
:108930004848D5E90532F0F769FD204657B0BDE853
:10894000F08F504644490DF0C7FB8246002840F0A6
:108950009180BBF1030F28607FF796AE2C4B42F657
:108960009F422C490420F0F70BFD3C48F0F74EFDE8
:1089700066E73B49584607920DF0AEFB079A002880
:108980007FF42BAD069B032B7FF732AD0420204BE9
:1089900042F663421F49F0F7F3FC3248F0F736FD28
:1089A00026E504201A4B42F668421A49F0F7E8FC23
:1089B0002D48F0F72BFD1BE5D9F80030002B7FF791
:1089C0008FAC134B42F67D4212490120F0F7D8FCE0
:1089D0001149DDE92104DDE91E23CDE901040091FF
:1089E0002248F0F713FD7BE4002B7FF779AC084BAE
:1089F00042F66C4207490120F0F7C2FC1C480649C8
:108A0000DDE91223F0F702FD4FF0FF306AE400BF0A
:108A1000282A0020D061002061C60000004F0020FD
:108A2000144F0020204F0020D44F0020F04E002093
:108A300030500020445000206C500020785000201E
:108A40003C4F0020484F0020945000209C500020B4
:108A500050500020E8500020B4500020C0500020AA
:108A6000644F0020704F0020984F0020FC4F0020E2
:108A7000B44F0020BBF1000F7FF732AC064B42F63B
:108A8000A14206490120F0F77BFC05490548DDE9D4
:108A90001823F0F7BBFC23E4282A0020D061002033
:108AA00061C60000D050002008B5F0F71BFC034A57
:108AB000D2E90032C01842EB010108BDF07D01206F
:108AC00038B504460D46084609B10EF039FAC4E936
:108AD0000050204638BD00BFC0E90012704700BFFB
:108AE0002DE9F04184B01E466C4604AD84E80C00CC
:108AF00005E903000846A9B383B3029D1346741E1B
:108B00004A1E05F1FF3C03F1FF3E2C44AF1804E080
:108B100024DBBC4526D0644520D062461CF8013FCA
:108B2000A3F1410003F1200819461EF8013F19285E
:108B300002F10202A3F1410098BF5FFA88F103F14C
:108B400020081928A2EB050098BF5FFA88F38B4232
:108B5000DEDD4FF0FF3004B0BDE8F081012004B04D
:108B6000BDE8F08186424FF0FF3098BF002004B08E
:108B7000BDE8F0812DE9F04FD3F81480E5B01C4634
:108B800007460E469246B8F1000F7CD00023002223
:108B900011930023CDE91423BAF1000F3ED05046C3
:108BA0000DF158090EF0CCF918ABCDE918A04846E4
:108BB00093E80600E368F8F781FFAC493046FBF71D
:108BC0005DFC002868D0D0E90021A948FEF7F6FB3B
:108BD0008346002860D0A7490DF022FE002858D017
:108BE0005346A54A642132A8FDF7E0F80821012088
:108BF0000BF09CFB054600284BD0D8F8083001212B
:108C000032A89847C5E9000800283FD058460DF122
:108C1000C80A0BF0F1FB01230C9350E018AA0DF1E8
:108C20005809E3684846CDE918AA06CAF8F746FF8E
:108C3000D4F810A0BAF1000F61D0082101200BF088
:108C400075FB0546002800F0F1815046D8F8083041
:108C500001219847C5E90008002800F0DE81D4F81A
:108C600010A0BAF1000F00F0A88150460EF068F98C
:108C70001AAAE368CDE91AA0484606CAF8F71EFF0B
:108C800000230C931BE0DFF81C827FE728460BF0E3
:108C9000B3FB58460BF0B0FB082101200BF046FB5C
:108CA00005460028C4D0D8F808300121504698471E
:108CB000C5E90008002800F0C68100230C93504647
:108CC000D8F8003014AA11A9984710BB6B4B4FF489
:108CD000CA71A2683846FDF717FED5E90003DB68C4
:108CE0009847284665B0BDE8F04F0BF085BB1AAA3F
:108CF0004846E368CDE91AAA06CAF8F7DFFE5F4BDB
:108D00004FF4CA71A2683846FDF7FEFD65B0BDE8B4
:108D1000F08F119B40215A4A22A802930023DDE9DB
:108D200014AB0393CDE900ABFDF740F8554930464D
:108D3000FBF7A4FB824670B122A80EF001F922AA2B
:108D40001CAB1D901C929AE803000CCBFFF7C8FEE9
:108D5000002800F0F680119B4FF0000A4A49304687
:108D60000B93CDE912AAFBF789FB8DF82CA130B348
:108D7000D0E90032062A21D9063A44499B460F948D
:108D80000E929A1D0D920D9B0BEB0A00062203EB2F
:108D90000A0420940DF0A0F9A446002800F0868073
:108DA0000AF1010A0E9B39499A45ECD10F9C00202B
:108DB0000B99C822364B0DF5967B05E050460B9972
:108DC000C822334B0DF5967BCDF81CB0CDE90410CD
:108DD00022A9304802910C99D4F808C02E4C0029E1
:108DE00008BF2046BCF1000F08BFA44606903846D5
:108DF000CDF820C0D9F804100091D9F800100191E5
:108E00002649FDF769FDD6E9004EBEF1000F21D0DD
:108E1000013CDFF894C04823002107E0714500F0D1
:108E2000C980042900F09C801CF8013F14F8012F30
:108E30000131A2F1410610462032192EA3F141065C
:108E400098BFD0B21A46192E03F1200398BFDAB2A8
:108E50008242E3D0124B0B9AC7F88450C7F8A42083
:108E6000C7F8803065B0BDE8F08F00BFA03E00209D
:108E7000BC3C002044600020B03E0020783F002031
:108E8000343D0020B83E0020C83E0020D03E0020E7
:108E9000503E0020843E00201C4F0020203F002038
:108EA00031280100BC430120703F0020A346DDE9CA
:108EB0000E34B3EB0A0A5ED05A460BF1010B13785D
:108EC0002D2B00F0858001308245F5D11EAB12AA12
:108ED000CDE91ECA93E80300FBF7E8F98246BAF130
:108EE000000F3FF46BAF0B9B5A1E1392129B9342E1
:108EF0004BD80B9991428CBF4FF0000A4FF0010AFA
:108F0000BAF1000F41D10B990DF5967B0D935846A0
:108F1000CDE9041AC3F10101CDE9003A8B186421AF
:108F2000CDE9022A4B4A0B93FCF740FF0D9BD8F882
:108F300018201946286890470B995046464BCE2278
:108F400042E7D5E90003DB68984728460BF054FA5E
:108F5000424BA2684FF498713846FDF7D5FCD5E630
:108F6000BEF1040F3FF676AF97F8AE306FF3000313
:108F700087F8AE30B1E620ABCDF884A012AA93E812
:108F80000300FBF793F98246A9E74FF000080B9B1B
:108F90000DF5967B324A642100935846CDF8048043
:108FA000FCF704FF41462F4B4FF4D0724046CDF8FA
:108FB0002C8009E70429D7D04CE71AAAE368484671
:108FC000CDE91AAA06CAF8F779FDCDF830A076E601
:108FD0001EA98245AAEB0003C1E900C037D9013BB5
:108FE000CDF880B012AA0D9303C9FBF75FF90D9B72
:108FF00083468246002B3FF472AF219320AB13AA25
:1090000093E80300FBF752F900283FF468AFBBF187
:10901000000F3FF468AF139A68E728460BF0ECF9AD
:10902000D4F810A0BAF1000F3FF461AE50460DF035
:1090300087FF1AAA03464846CDE91AA3E36806CA81
:10904000F8F73CFD5BE628460BF0D6F9F0E52092F8
:10905000C8E700BFF83E0020743E00201C4F0020EF
:10906000D83E0020543E00202DE9F04F85B0074641
:109070001E4604AD6C4605E903000E99154684E8CA
:109080000C00039C11B10023C1E900334FF0000C28
:109090004FF00109E64662466346E046B34218D304
:1090A000A2425DD2BCF1000018BF0120A44588BFD8
:1090B0000020002845D015F80E30232B02D0BB5CD1
:1090C0002F2B3DD009B10B686BB373466246B34298
:1090D000E6D2A242E85C1AD23F282DD02A281AD024
:1090E000232814D017F802A007EB020B8245D9D130
:1090F00019B3086808B3D1F804A0BAF1000F1CD165
:10910000ABEB0000C1E902AA4860083115E02A284B
:1091100001D02328C6D109B10868A8B19E4602F142
:10912000010C0133BAE74B68002BCED141F8043C67
:10913000624608397346B1E751B901330132ADE7F0
:10914000002005B0BDE8F08F4860B8180860E5E77A
:10915000B818C1F80C80C1E9019808600831ECE743
:1091600041B10C6834B14B6823B9BB1801201B1BFB
:109170004B60E6E7012005B0BDE8F08F2DE9F04136
:1091800094B004AD1A9C85E8030002A9534881E815
:109190000C00232108AA06AB0690079100920CCB85
:1091A00095E80300FFF760FF002873D0DDE90A634C
:1091B000DDE90250DBB1A8B1013B471E721E691EFA
:1091C00006EB0308374403E0904510D0974209D0DE
:1091D000134611F801CF12F801EF0233E645A3EB75
:1091E0000603F1D04FF0FF3014B0BDE8F081984293
:1091F000F8D8DDE90E63C3B10028F3D0013B471E68
:10920000691E721E06EB030E374403E072450CD054
:109210009742E7D0134611F8015F12F801CF0233ED
:10922000AC45A3EB0603F1D0DCE79842DAD80D9DFC
:10923000012029460BF07AF806460028D2D00C9B74
:109240001D44AB4234D203F1FF3E013D00232448CC
:1092500004E0AE45F15403F101030ED01EF8011FE6
:10926000A1F1090C5FFA8CFCBCF1170F40FA0CF26B
:10927000EFD8D207EDD4AE45F0D11946324630468C
:10928000FAF77EFD034610B30020C4E9006314B072
:10929000BDE8F081DDE9048616B1B8F1000F09D10F
:1092A000002637460020C4E9007614B0BDE8F081FE
:1092B0000023E2E70546711C01200BF037F8074652
:1092C00048B14146324608F095FCBD55EAE73046C4
:1092D0000BF092F886E70646E4E700BF1C42002048
:1092E000ECFF7FFF2DE9F04F87B0039306AC109B96
:1092F000012B04E903007DD0022B09D0042B00F0E0
:109300001681082B00F03381002007B0BDE8F08FF4
:109310004FF6FF7C0025DDE904430093002A71D15C
:10932000012BF1D92778302F00F00C811CEB0501BF
:1093300091484FF0CC3602F1010E41F10001A644F4
:109340001444A0FB0139002329F0030808EB990815
:10935000A1EB0801BCEB010101FB06F665F1000879
:1093600000FB0866A1FB001006444FEA51091946AC
:1093700049EAC6794FEA560A01E01EF8017B303F00
:109380008E00980001325FFA87FB46EA9376BBF1C4
:10939000090F4FEAE778B7D899457AEB010BB3D3B9
:1093A000C018AEEB040B41EB060600187641BCEB8F
:1093B000070165EB08038142B341A5D33B18009830
:1093C00048EB06019042D8D85E46009882429BD175
:1093D000002E99D0109A012A00F0C280109A022A19
:1093E00000F0BA80109A0120042A039A136018BF73
:1093F00051608AE7DDE904434FF0FF0C002500933C
:10940000002A8DD00A2A00F09680102A3BD0022A2A
:109410007FF47AAF4FF0000A009B53457FF674AF9C
:10942000013B4FEA5C0B0AF1FF306A08E3184BEA94
:10943000C57B20440192029300231946024610F88E
:10944000017F303F0232FEB2121B4FEAE77E012E4F
:109450003FF65AAF9B45019E8E41FFF455AFDB1896
:10946000A2EB0A064941BCEB070965EB0E089945DA
:1094700078EB0108FFF448AFFB18029F4EEB0101A7
:10948000B842DBD1A1E74FF00009009B4B457FF6C6
:109490003BAF009B4FEA1C1B09F1FF3E2A09013B31
:1094A0004BEA057BA6440192E31802930023194678
:1094B00022E030464FEAE6789B45019E02F1020227
:1094C0008E414FEA0111A2EB0402FFF41DAF41EA05
:1094D0001371BCEB000A4FEA0313A2EB090665EB1C
:1094E00008079A458F41FFF40FAFC318029848EB65
:1094F000010186453FF469AF72461EF8016FA6F17F
:109500003007A6F1410A38464FEAE778FFB2092F43
:10951000D2D9BAF1050FA6F16107A6F15700A6F15D
:109520003706C6D9052F4FEAE078C5D9ECE64FF0EB
:10953000FF3C0025EFE6009B002B3FF4E5AE2778CB
:109540000022F3E66778622F03D0782F0CD0012237
:10955000ECE64FF0020A5FE7039A01201380D4E69D
:109560001046039A1370D0E64FF002098DE74FF0D2
:10957000FF3C6546CFE600BFCDCCCCCC2DE9F04F0B
:1095800087B00D46CDE90223002968D0012B5AD9B6
:1095900002F1FF38924604464FF0020B98441346FE
:1095A0000022C3F101090DE02B2902D1109B002BF1
:1095B00044D18AF800100132954235D90AF1010AE6
:1095C000C24542D0A15C09EB0A062529ECD1971CC3
:1095D000AF420BD20132A15C2244A1F13000092834
:1095E00009D921F020014139052904D94FF0FF3074
:1095F00007B0BDE8F08FE15DA1F13000092804D982
:1096000021F0200141390529F0D8012306A9CDE92F
:10961000042B00931022534611E90300FFF762FE6A
:109620003A4601329542C9D8039BB342DED90023A2
:10963000029A3046935507B0BDE8F08F4FF02003F3
:109640008AF80030B7E700263246039BB342CDD9F3
:1096500000230299AA428B55C8D33046EBE7039BFF
:10966000002BC3D0029B28461D70C1E7F0B504460D
:1096700087B00D461F46164602B3FBB10023137098
:1096800023682BB325B3636813B328460DF058FC49
:109690002B46009002A894E80600FAF76BFE0298A9
:1096A00090B101243B46324603990094FFF766FFD0
:1096B0000028B8BF6FF0020007B0F0BD0EB1002F58
:1096C000DED16FF00100F7E76FF0030007B0F0BDE7
:1096D0004FF0FF30F0E700BF2DE9F041022986B0DE
:1096E0004FF00004039441DD98460D4606461746A8
:1096F000431E13F801EFAEF130022EF0200C092AC0
:10970000ACF1410C36D9BCF1050F33D9ACB3082C00
:1097100033DCA54231DDBEF10D0F2ED133195B785C
:109720000A2B2AD1042306A91022009303ABCDE90A
:10973000046411E90300FFF7D5FDF0B1039B002B92
:109740001BDB2D1B033DAB4210DA1A193244917812
:109750000D2912D1D2780A2A0FD1023418193C608F
:10976000C8F80030023006B0BDE8F081002006B035
:10977000BDE8F0810134A542BBD14FF0FF3006B007
:10978000BDE8F0812DE9F04F90F8AE70ADF50B7D9E
:1097900017F0010740F0948004468B462FE0BE4945
:1097A00004A8FAF76BFE002800F0D0803E44859BA9
:1097B000AD1B9D42C0F0BE809F1994F8AC305A0793
:1097C00005D594F8AE3043F0010384F8AE30D4F8F8
:1097D00080301BB104AA0B2120469847A36F1BB110
:1097E00004AA0B2120469847D4F8AC20AB4B134079
:1097F000042B69D094F8AE30DB0700F19B80D4F8DD
:109800004080B84540F29680A06BA8EB070104AAFF
:10981000C5192846FAF752FE061EC0F2B48100F0C0
:109820008980D4F880301BB104AA0A2120469847C9
:10983000A36F1BB104AA0A2120469847256CA845AE
:1098400040F0C481BBF1090F06D1849AEB1B8899C3
:109850008993521A9B1A8593914904A8FAF70EFE30
:1098600000289CD0D0E90038B8F1000F24D003F1D3
:10987000FF3CDFF850E26323002107E0884500F059
:109880006381072900F0FA801EF8013F1CF8012FC0
:109890000131A2F1410910462032B9F1190FA3F1AB
:1098A000410998BFD0B21A46B9F1190F03F120034C
:1098B00098BFDAB28242E1D07A492046FDF76EF8CD
:1098C0000DF50B7DBDE8F08F774904A8FAF7D6FDBA
:1098D00000288FD0D0E9005EBEF1000F8AD0013D94
:1098E000DFF8E4C16323002104E0052900F046818C
:1098F0001CF8013F15F8012F0131A2F14106104675
:109900002032192EA3F1410698BFD0B21A46192E63
:1099100003F1200398BFDAB282427FF46BAF714546
:10992000E3D105297FF466AF94F8AD3043F010031E
:1099300084F8AD30002FC3D03A46002104F138003E
:10994000FBF716F90DF50B7DBDE8F08F049B48225F
:10995000DFF8789103F1050A9C46019307E000299E
:1099600000F0F680E24500F0F38019F8012F1CF8B2
:10997000011BA2F1410E1046A1F141080B46B8F1BE
:10998000190F98BF01F12003BEF1190F98BF02F122
:1099900020001B1AE3D0DDF814909846B9F1000FAF
:1099A0003FF404AF019B0021DFF824A1013B1A46DC
:1099B00001935023944607E0894500F0188104295B
:1099C00000F00F811AF8013F1CF8012F0131A2F1BC
:1099D000410E10462032BEF1190FA3F1410E98BF7F
:1099E000D0B21A46BEF1190F03F1200398BFDAB2C4
:1099F0008242E1D0DDF804C05023DFF8D8A0002176
:109A000004E0032900F0F9801AF8013F1CF8012F47
:109A10000131A2F1410E10462032BEF1190FA3F11F
:109A2000410E98BFD0B21A46BEF1190F03F12003C0
:109A300098BFDAB282427FF4B9AE8945E1D80329F2
:109A40007FF4B4AE374494F8AC30990740F18E807F
:109A5000164B1B68002B0FDD154B0120154940F6F6
:109A60008312EFF78DFC1449144B1548B8F1000F21
:109A700018BF1946EFF7CAFC256C97E6B8F1070F37
:109A80003FF61AAFF319A26BED1B4FF0000802EB83
:109A90000309A5EB060A21E01C37002004000100A1
:109AA00008370020003700205C370020E443012005
:109AB000BC2C0020D0610020B83600208047002058
:109AC0002C370020F836002068370020403D002069
:109AD000603D00205C3D0020039DA5B1AAEB08017C
:109AE00009EB080003AB02AAFFF7F6FD002880444B
:109AF000F2DC3FF41FAF4A492046FCF74FFF002F2E
:109B00003FF4DEAE18E78595899610E002998598B6
:109B10002944039A48441D4449440CF00DFB039B1F
:109B20008599899A19441A44859189924BB103AB5E
:109B3000AAEB050102AA09EB0500FFF7CDFD031E04
:109B4000E4DC35442F4438E6B8F1070F9AD0B3E689
:109B5000069898460AF0E6FBCC2818BFC7288BDD8C
:109B6000B0F5987F7FF46FAF256C1FE62D4B40F268
:109B70009B1120461A46FCF7C7FE69E7BEF1050FA8
:109B80003FF638AED0E6284B1B68002B0ADD27498C
:109B90000120274B40F65612EFF7F2FB216C2548C7
:109BA000EFF734FC236C284694F8AD20D91B42F023
:109BB0001002102984F8AD2028BF1021FBF7CEFB3E
:109BC000002323640DF50B7DBDE8F08F164B1B6859
:109BD000022B18DC0023C4F880300DF50B7DBDE8A6
:109BE000F08FB9F1040F3FF605AF37442BE7B9F119
:109BF000040F7FF4FFAE374425E7B9F1030F3FF6BA
:109C0000D5AD37441FE709490320094B4FF41662CD
:109C1000EFF7B6FB616B0848EFF7F8FBDAE700BF38
:109C20004C3700201C4F0020E4430120D06100206D
:109C3000BC2C0020C4360020DC36002007290ED0C2
:109C400009290CD0022900D0704741F20403B0F872
:109C5000AC201340042BF7D1036C002BF4D0FFF79A
:109C600091BD00BF2DE9F04F89B00D4617469946CA
:109C700004AC84E80300002958D0ABB103EB020820
:109C8000064613460024DFF8A8B0DFF8A8A0325D2E
:109C90005C2A0DD001341A70C7F10102A5421A44A2
:109CA00027D901339845F2D1002009B0BDE8F08FE3
:109CB000611DA94225D2611C705C752823D00C4619
:109CC000A542E8D9305D6222194903E011F8012F5D
:109CD000002AE9D09042F9D1A1EB0B011AF801203A
:109CE000002AE1D001341A70C7F10102A5421A44DA
:109CF000D7D89145D8D900230120BB5409B0BDE87D
:109D0000F08F0134DCE7A21C08A9039332440692C9
:109D10000422079201220092102211E90300FFF7AA
:109D2000E1FA0028C0D00634039BB5E70A46E0E715
:109D300048420020404200202DE9F04F8DB00E46F1
:109D4000144604AF87E8030000297FD006F1FF3EE8
:109D50000546411EDFF80CC2864400F108086C235A
:109D600006E0704500F0898040457AD01CF8013F3C
:109D70004A78481CA2F1410A91462032BAF1190FE3
:109D8000A3F1410A98BF5FFA82F91A46BAF1190F96
:109D900003F1200398BFDAB28B1C01464A45A3EBBE
:109DA0000503DED0224697E80300F4F719FD80464C
:109DB000002852D1022EA0742B7861D800272A22C5
:109DC000AB46BA46B94603921FE023F02002413A5F
:109DD000052A1ED93A2B40F0B08007F101092FB1B6
:109DE0001BF8013C3A2B71D00AF1020ABAF10E0FAE
:109DF00033D84FF0000204EB0A034F465A7004F8C0
:109E00000A20B74278D21BF8013FA3F13002092A99
:109E1000DBD80023069309F103039F421DD80423D6
:109E2000013708A91022009305EB09030893A7EB5B
:109E30000903099306AB03C9FFF754FA069A04EB2A
:109E40000A03110A04F80A105A70DAE74FF0010801
:109E5000116051609160D160E17440460DB0BDE881
:109E6000F08F092E9ED84FF001083D4A002340464E
:109E70002260E3740DB0BDE8F08F092B92D1F2E7B8
:109E80005B2B02D16B78023E01350D2E96D93A2B11
:109E900094D16A783A2A91D1AB793A2B4BD1691C8B
:109EA000681D11F8012F02F0DF02462A86D1884290
:109EB000F7D1EB1D22460A93F31F0B930CAB13E96A
:109EC0000300F4F78DFC50B92B7877E7012F03D00E
:109ED0001BF8023C3A2BC0D0CDF80CA086E700233B
:109EE00022684FF6FF718046A36023606360012300
:109EF0006181E260E374B0E7BAF10D0F17D8039BFC
:109F00002A2BAAD0BAF10D0F11D803F10E00E518D3
:109F10000AF10202A0EB0A002946D21A20440CF0F2
:109F20000BF9CAF10E02002128460CF081F9012339
:109F30009846E37491E7134640E7252B8DD1791CB1
:109F4000721E04F1120306A82944D21B0124CDE994
:109F5000061200940A2203C8FFF7C4F980467CE782
:109F60007F000001403C00202DE9F8430468B4B3B1
:109F700016469846D4E9043153EA010231D1A16969
:109F800001F00603022B3FD0D4E90207851947EB05
:109F90000802AE4278EB0203C4E9045241D3A1693E
:109FA000AE469446B6EB050968EB0203484577EBED
:109FB000030303D315EB000E42EB070C656AC4E9FB
:109FC00004EC01F00503042B03D0D4E907309847D3
:109FD000A16941F00401A1612C46002CCAD1BDE861
:109FE000F883D4E90207351847EB08029D4272EB6B
:109FF000010CCED39E4278EB010C12D3AE469446B0
:10A000001D460A46A169CDE7D4E90207351847EB9A
:10A010000802AE4278EB0203C4E90452C0D2656A7A
:10A02000CFE7646A002CA5D1D9E700BF2DE9F04144
:10A0300006468CB00D4601204FF4A8610AF076F96F
:10A04000002800F0088196F8AC304FF000088349F2
:10A05000044613F0020F63F03F03C0F8488014BFBA
:10A0600000220722EF6902702A6A86F8AC30C0F835
:10A0700010217B4B7B4AC6F8A800C0E908237A4B25
:10A080000022C0E90A13794B7948C4E90C03794BE3
:10A09000A36303F17453A3F52303A3F69243E3638D
:10A0A0000023C4E91023002F56D16B68002B61D127
:10A0B000AB68002B74D0704B0B2705F10801CDE97C
:10A0C000063704F58C73009306AB03C90CCBFFF77E
:10A0D00055F8002871DB2B69002B00F0AF80674B2F
:10A0E000103508930E23099302AB009308AB95E853
:10A0F00003000CCBFFF742F8002840F08380039B5D
:10A10000262B6BD9029D2B78302B40F08A8095F955
:10A110000130002BC0F2858005225949A81C0BF0A4
:10A12000DBFF68B1574B1B68002B09DD0120564B44
:10A1300042F6C1625549EFF723F95548EFF766F942
:10A140002022E91D04F594700BF0F6FF28460CB0B0
:10A15000BDE8F0410AF050B9FC2F4CD8FD22A969A6
:10A1600004F5A47027440CF081F96B6887F84881E6
:10A17000002B9DD0404A0B23CDE9042304F59072B7
:10A1800004AB00920CCB95E80300FEF7F7FF002824
:10A190008EDA3C4B1B68002B54DC0CB0BDE8F08120
:10A1A000384B1B68032BF8DD0420374B42F6A562C1
:10A1B0003649EFF7E5F837480BE0324B1B68002BC8
:10A1C000EBDD0120304B42F6AB623049EFF7D8F8B7
:10A1D00031480CB0BDE8F041EFF718B9294B1B68C6
:10A1E000002BDADD0120284B42F6B7622749EFF752
:10A1F000C7F82A48EDE72A4930460CB0BDE8F041DF
:10A20000FCF7CCBB274B02AA0B970A930CAB00922E
:10A2100095E8030013E90C00FEF7B0FF80B922496E
:10A22000EAE7184B1B68002BB7DD0120164B42F6FE
:10A23000BD621649EFF7A4F81C48CAE71C49DBE7E2
:10A240001C49D9E70120104B42F69F620F49EFF7F6
:10A2500097F81148BDE71849CEE700BF72F36E3C8E
:10A2600085AE67BB67E6096A3AF54FA58C68059B22
:10A270007F520E51ABD9831FAC4D0020184E0020E9
:10A28000684E0020E443012090290020D061002086
:10A29000704E0020D44D0020B84D0020284E0020E4
:10A2A000984D0020904E00209C4E0020444E0020EF
:10A2B000EC4D0020C84E0020904D002090F8AD30AD
:10A2C0002DE9F0435FEAD31985B006469046D0F8F1
:10A2D000A85057D0EA6862B32F1D03E0FAF748FC94
:10A2E000EA6842B369683046FBF7AAFA04460021DF
:10A2F0003846002C2246F1DCEB685B1A18BF0123BC
:10A30000A21C96F8AD2018BF002363F3C712234B9D
:10A3100086F8AD201B68032B17DC631C05D0B9F150
:10A32000000F0CBF44466FF00104204605B0BDE8A5
:10A33000F0836FF0010496F8AD306FF3C71386F821
:10A34000AD30164B1B68032BE9DD42F6E562144B7A
:10A3500014490420EFF714F8B9F1000FEB680094EA
:10A3600018BF542296F9AD0008BF7422716B002803
:10A3700001924246B4BF5420742002900A48EFF77D
:10A3800045F8CAE7B2F5007F4FF0170328BF4FF436
:10A3900000784246FCF752FB9CE700BFE4430120F3
:10A3A000342D0020D06100202C510020F8B5054646
:10A3B0000C461746D0F8A860FCF7A0FC002817DB75
:10A3C000337FAA6E172B716921D194B18FB12046CA
:10A3D000B4691144BC4228BF3C4622460BF0ACFE97
:10A3E000D6E905312344091BC6E9053119B12046D8
:10A3F000F8BD0020F8BD284650F8683FB3F80320A8
:10A4000052BA053292B2FAF7B3FB2046F0E70021C8
:10A4100005F16800B161B2F803305BBA5A1D92B21F
:10A42000FAF7A6FB6FF00100F8BD00BFD0F8A83026
:10A4300030B5044683B0EBB19969D0E90F23B1F58B
:10A44000401FA2EB030228BF4FF440118A420CD3F5
:10A45000A16B01B119442046FFF7A8FF431C0190EE
:10A4600026D000280ADC03B030BD19443830FAF792
:10A4700073FAB0B1D4E90F23D21AE9E7236CD4F808
:10A480008050034423641DB101AA07212046A84738
:10A49000A36F002BE7D001AA07212046984703B0FD
:10A4A00030BD0649204603B0BDE83040FCF776BA1F
:10A4B00003492046FCF772FA03B030BD944D0020EA
:10A4C000A83600202DE9F04F83B00446012016463F
:10A4D00000913821984609F029FF022105460027FE
:10A4E000F6F710FB0121C368A860009AC3E9007168
:10A4F00083688B4240F0EA8121461F4C84602846E5
:10A50000F6F72EFF42463146019006462846F6F7FA
:10A5100027FF80462846DDE90C12F6F721FF3B466F
:10A52000B6F9042037466FF040460090F9680020E5
:10A53000324451F822200121013209F015FDBB6897
:10A540000246EF60012B40F0C18139462846BC60CD
:10A55000F7F774FB8368A861012B40F0B781B8F965
:10A560000410D8F80C300E4484601F2453F82620C1
:10A570004FF0004306E000BFAA55FF7F013C5B0897
:10A58000601C04D01A42F9D0013904EB41140121B6
:10A590002846F6F7B7FA4FF0010AC36804210646C9
:10A5A0005046C3F800A009F0C1FE009B0746686250
:10A5B000B3F904102846F6F7A5FA009B8146C06857
:10A5C000B3F90420D968920007F014FB6B6AC7F84E
:10A5D00000901B68C5F828A09A68524540F0768123
:10A5E000DFF8EC923046C3F80890002C2346D8F8E8
:10A5F0000C2004F01F06B8BF04F11F0361424FEAAC
:10A60000631301F01F0152F823C0324658BF4A427B
:10A61000002A40F357810023012701337F009A422B
:10A62000FBD11CEA070F40F0FE8083684B4501D048
:10A6300001338360024601462846013CF7F792FB4E
:10A6400095F834300146284605EB8303DA68F8F7BD
:10A65000C3F9002CC9DA0646D5E909E4002C1EDD51
:10A660000021DFF86CC2AEF10400B2460F4650F88C
:10A67000042F9368634540F029812B6B6E6803F1CA
:10A680000109EB6A9760013B16606A60002BC5E91F
:10A690000B39C0F21B810131A142E8D15646704608
:10A6A00009F0AAFE00988A4A836893420FD0013BC2
:10A6B000002B83600BDC2B6B69685A1CEB6A016012
:10A6C000013B2A636860002BEB62C0F2FF80D8F880
:10A6D00008307F4A934212D0013B002BC8F8083063
:10A6E0000DDC2B6B69685A1CEB6AC8F80010013B43
:10A6F0002A63C5F80480002BEB62C0F2E7800F9A52
:10A7000000210E98541E0BF093FDB6F90430002B77
:10A710001EDD00274FF0FF0CA946DDF838E0B80039
:10A720000EEB04010022F368013C1D580CFA02F301
:10A7300003EA050343FA02F301F8013907D40832AA
:10A74000202AF0D10137B6F904309F42E7DB4D46AD
:10A75000B3685F4A93420FD0013B002BB3600BDC20
:10A760002B6B69685A1CEB6A3160013B2A636E608F
:10A77000002BEB62C0F2AA800198554A836893428D
:10A780000FD0013B002B83600BDC2B6B69685A1CDC
:10A79000EB6A0160013B6860002BC5E90B32C0F237
:10A7A0009580D8F808304A4A934211D0013B002BDB
:10A7B000C8F808300CDC6B68C8F800302B6BC5F8A3
:10A7C000048001332B63EB6A013B002BEB627DDBE2
:10A7D00000983F4A836893420ED0013B002B836070
:10A7E0000ADC6968D5E90B320160013B013268601F
:10A7F000002BC5E90B3269DBB368354A93420ED0B2
:10A80000013B002BB3600ADC6968D5E90B3231608B
:10A81000013B01326E60002BC5E90B3256DB002094
:10A8200003B0BDE8F08F24EAE477BC4207F1FF3AB9
:10A830004ADB4FF0000B83684B4501D00133836046
:10A84000024601462846F7F78DFA95F8343001465E
:10A85000284605EB8303DA68F8F7BEF8D8F80C2031
:10A86000631152F82310A6B10023012201335200D4
:10A870009E42FBD10A4218BF0BF1010BA74204F123
:10A88000FF3418BF4FEA4B0B544504D004F01F06A9
:10A89000D1E70122EEE7BBF1010348BF5B465B1045
:10A8A0009B006A6A014628465446D258F7F75AFA7E
:10A8B00095F834300146284605EB8303DA68F8F74B
:10A8C0008BF8C6E60127ACE60023EAE707F06EFF47
:10A8D000AA55FF7F2DE9F04F91B0904689461C465E
:10A8E0001B9A8246B2F9021092F9017011F11F020F
:10A8F0000491D3E9043648BF01F13E02F51842F352
:10A90000471B7BB16A1E701E4FF0010E4FF0000C0A
:10A91000134602F801EF00F801CF023321695B1BF7
:10A920009942F5D831462046F4F7BCFE236900224F
:10A9300029462046EA5422696368013298473A461C
:10A940005146204663689847636842464946204618
:10A950009847324631462046F4F7D0FE314620462D
:10A96000F4F7A0FE636822692946204698472A46E4
:10A9700031462046F4F7C2FE31462046F4F792FEF7
:10A980002369012229462046EA542269636801327C
:10A9900098473A465146204663684FEA8B079847E6
:10A9A000636842464946204698473246314620462B
:10A9B000F4F7A4FE31462046F4F774FE636822697A
:10A9C0002946204698472A4631462046F4F796FE07
:10A9D000049B4FF0FF32C3EB4B131BB222FA03F37D
:10A9E00006930BEB020310AA02EB830307934FEAD3
:10A9F0004B130593402303934FF0000B3146204641
:10AA0000F4F750FE636822692946204698472A4693
:10AA100031462046F4F772FE2369002BEED00BF18D
:10AA200001010BF140024FFA81FB6A442978BB45D2
:10AA300002F8201C12DA03F1FF3C2A46AC440BF169
:10AA400001030BF14001944569445BB2D6D012F882
:10AA5000010FBB429B4601F8200CF0DBDDE904321C
:10AA6000934206DA079A069952F8203C0B4042F8C6
:10AA7000203C1B9B42464946504601931A9B00933B
:10AA800008ABF8F7ABFE834638BB31462046F4F7F7
:10AA900009FE23692946204605F803B02269636848
:10AAA00001329847324631462046F4F727FE3146B8
:10AAB0002046F4F7F7FD6368226929462046984747
:10AAC0002A4631462046F4F719FE039B013B0393C7
:10AAD00092D1584611B0BDE8F08F4FF0010B5846A7
:10AAE00011B0BDE8F08F00BF2DE9F04FFBB06F4A09
:10AAF0000026D0F8A84023AF88468146D2F85011EE
:10AB0000D2F84C013B4692F854214FF0200A38AD60
:10AB100003C331461A700DF1950049220BF088FBF2
:10AB20007C22314639A83896CDE90B66CDE90D6611
:10AB3000CDE90F66CDE911660BF07AFB7022314644
:10AB40005EA80BF075FB5A4B3C223146589314A873
:10AB5000584B5D9513AD5993574BCDF870A15A934F
:10AB6000402313965B930BF063FB42460BA94846C8
:10AB7000FCF768FD514B52460BA9009504F5947003
:10AB8000019358ABFFF7A6FE9DF84C309DF86C2062
:10AB9000AC46D9094FF00205D2090DF16C0E01F156
:10ABA0000C00BD7202EBD31307EB000A05903020B6
:10ABB000387203F144002E3378721D4601F12003F0
:10ABC000FB7201F14603791807EB050B13442032A1
:10ABD000069104F120015FFA83F807920895424636
:10ABE0000DF19408059D98440833039207EE903ABE
:10ABF000131D04910993BCE80F007851CAF80410A2
:10AC0000CAF80820CAF80C30BCE80F00CAF81000D7
:10AC10004FF00200CAF81C30069BCAF81820CAF888
:10AC2000141083F82C000799089D83F82D10DDF887
:10AC300010A0BEE80F007851099DCBF80410CBF8A6
:10AC40000820CBF80C30FD70039DBEE80F00FD71AD
:10AC50003D46CBF81000CBF81410CBF81820CBF8F9
:10AC60001C3001E0A84517D0A36C15F8011BE218B1
:10AC70000133402B82F84C10A364F3D15046F3F714
:10AC800015FEA664D4E9103213F5007342F10002F8
:10AC9000A845C4E91032E7D1162317EE902A3946A9
:10ACA0004846FBF7CBFE7BB0BDE8F08F04070020E1
:10ACB000EDCB000015FB00005D5501005031002078
:10ACC0002DE9F04F2DED028BADF5117D98468346B1
:10ACD0009C9C50AE0DF1A009B4F9023094F90070BB
:10ACE00013F11F0548BF03F13E0545F34713CDE9B6
:10ACF000051203F1FF3A6A11049390AB0025039209
:10AD000003EB8A02014646F82A5070A842F8E05C3C
:10AD100049F82A5094F90120F4F796FC70AB94F9A5
:10AD2000012003EB87030BEB0201184608EE103AF3
:10AD3000F4F78AFC94F9012041463046F4F784FC8C
:10AD400094F90120BB0058A808EB02010293F4F724
:10AD50007BFCAF42284640F39A815FFA87FC33467A
:10AD60000CF1FF31CAB251A94FEA820E079201EBF2
:10AD7000820153F8042B994240EA0200F9D10028DD
:10AD800000F0858159AB002003EB0E0158AB53F85E
:10AD9000042B994240EA0200F9D1002800F07781A3
:10ADA000039B5D1E04F1240369B20993EBB20029F1
:10ADB0000B93C0F2728101F10A034A1C8E460A917C
:10ADC00004EB83000B469500039006EB8202089586
:10ADD00004E0C0F06281190600F15F8150F8041DA3
:10ADE000013B52F8045DA942F3D958AB089A714669
:10ADF0009A18039B04E0C0F050810D0600F14D81CC
:10AE000053F8045D013952F8040D8542F3D9049DCD
:10AE100058A9DDF824B020A82B464FEA8C085A46E2
:10AE2000F8F706FA10AB002110A843F82A102346C1
:10AE3000AA46DDE90512F7F795FC2B4620AA10A9D2
:10AE400080A8F4F779FB2B465A4680A910A8F6F79C
:10AE50009FF92B4620AA60AD314680A8F4F76CFB21
:10AE600053465A4680A918A8CDF810A0F6F790F9D5
:10AE7000424670A9284606F0BDFE002F029A18EE41
:10AE8000101ACCBFC2464FF0040A05EB020804F1C9
:10AE9000440B5246404606F0ADFE201D5946524630
:10AEA000059038A806F0A6FE0299524640A85944DB
:10AEB00006F0A0FE9DED058A38A8294618EE103A46
:10AEC0000097024620A8F7F73DFB40A843462A46D4
:10AED0000146009438A8F7F7A9FB20A83B4618EED6
:10AEE000102A0146F8F7A4F9234620AA414628462D
:10AEF000F7F784F870A8DDF81080CDF834B04FF083
:10AF0000010B4146CDE90E0500200C9010A8F4F786
:10AF1000D1FA0546414618A8F4F7CCFAA8425246A1
:10AF2000B8BF284685B248466B1E023D43F34A1C13
:10AF300003F01F030BFA03F118AB53F82C3019423E
:10AF400010AB53F82C3014BFDC464FF0000C194204
:10AF500014BF5B46002343EA4C030DF1300C5CF850
:10AF60002380414606F046FE0299524630A84144ED
:10AF70000FFA85F806F03EFE5246002120A80BF09D
:10AF800057F9B8F1000FCDF880B054DB234620AA62
:10AF900030A94846D4F8A450A84708F01F034FEA48
:10AFA000681218A90BFA03F31FFA88F851F8221057
:10AFB00038A80B4210A951F8225014BF01210021DA
:10AFC00052462B4214BF0123002343EA41030CA93C
:10AFD00051F8235045B3294606F00CFE029B524619
:10AFE00040A8E91806F006FE234620AA40A938A882
:10AFF000F7F704F8059B38AA494648A80097F7F7E1
:10B00000A1FA30AB4A4640A938A80094F7F70EFBE6
:10B0100020A980A894F9003048AAF4F78DFAD4F852
:10B02000B03080A920A8984708F1FF380FFA88F8B7
:10B03000B8F1FF3FAAD120A93B46059A0846F8F788
:10B04000F7F8234620AA30A94846F6F7D7FF089B11
:10B0500003994B440A9A02E026D3100624D451F8EF
:10B06000045D013A53F8040D8542F5D9029B002096
:10B07000079A99441E4459F8043D013A56F8041DB4
:10B080004B4018431306F6D5B0FA80F040090DF591
:10B09000117DBDEC028BBDE8F08F00200DF5117D18
:10B0A000BDEC028BBDE8F08F049B002BDEDD099B1D
:10B0B00020340B9A4846002103EB820754F8043FE2
:10B0C00050F8042B0B44D31A34BF012500259A42B3
:10B0D00040F8043C18BF2946A742EFD1C6E700BF9D
:10B0E0000B6870B50C46CEB00546002B4DD0002342
:10B0F00005AAD0E905018DF814308DF820308DF8BF
:10B100002C30CDE90633CDE90933CDE90C33F3F723
:10B1100013FE069931B95E4B1B68002B7CDC0020C6
:10B120004EB070BD079E08AA3046F3F705FE002812
:10B1300005DB0644091ACDE906160029EBD00BAA57
:10B140003046F3F7F9FD002803DB0644091ACDE980
:10B150000616099A002ADED00C980028DBD0236955
:10B16000402B68D0602B4A4B1B6860D0002BD6DD8B
:10B17000484B42F6ED4248490120EEF701F94748B5
:10B180002169EEF743F90020CAE7D1E9030105AAD6
:10B19000F3F7D2FD002801DD069919B94FF0FF3011
:10B1A0004EB070BD079C08AA2046F3F7C5FD0028E5
:10B1B000F4DB9DF820300444091A022BCDE9061473
:10B1C000ECD10029EAD020460BAAF3F7B5FD002800
:10B1D000E4DB9DF82C300444091A022BCDE9061457
:10B1E000DCD1AA690EAC4FF480730192CDE9024321
:10B1F0006B69DDE909100093DDE90C32FFF762F9B4
:10B20000EA6C05F11C01C2F5807020440AF064FF6D
:10B21000B0FA80F0400983E71E4B42F6DD421E493A
:10B220000120EEF7ADF81E48EEF7F0F877E7022BB5
:10B230001ADC012074E7202A26D80A9920281FD872
:10B240000D9E20220EA80AF077FF3146154E2022CF
:10B2500016A80AF071FFEA6CE0680EAB05F11C015C
:10B260000096FFF72DFD5BE70A4B42F6EA420A49DA
:10B270000320EEF785F80C48EEF7C8F801204FE7F9
:10B2800020380D9E0644DCE7203A0A991144D5E7A0
:10B29000E4430120D8290020D06100201C52002066
:10B2A000EC51002050310020045200202DE9F04FD5
:10B2B000B7B014467C221DAE059003910FA8002163
:10B2C00001930DF1340A0AF0B3FF0123224605A9C8
:10B2D000304626930E9304969378043212F8014C6C
:10B2E0001B0443EA046312F8044C234312F8034C92
:10B2F00043EA042341F8043F8A4540F8043FEBD178
:10B3000000274FF0FF0B15AD3C46039A4FEAEB03C5
:10B31000D35C019A4AB10BF107020E2A40F24F8228
:10B32000ABF1F802072A40F24D820BF007023046DB
:10B330005146CDF808A0134143F300035F4000934A
:10B3400051F8042F50F8043F8E4283EA020303EAC7
:10B35000070382EA03020A60026882EA03020260CB
:10B36000EED15146002251F8043F086A1B1844EB05
:10B3700004009B1840F100028D42C1F88030F2D1E8
:10B380005300359A2DA935A843EAD27322F0004222
:10B39000359203EBC30203EB420351F8042F9B18D1
:10B3A0000B6044EB04038842F7D115AF6FF025031F
:10B3B0004FF0FF30394651F81C2CD21851F8043F99
:10B3C00040F10000D21A60F100038E420A604FEA99
:10B3D000E370F0D11D98013315A9C20F20F0004091
:10B3E00042EA43031D9003EBC30203EB420351F80F
:10B3F000042F9B180B6044EB04038E42F7D1514697
:10B400000022486E4B6C1B1844EB04009B1840F163
:10B41000000241F8043F8D42F3D15300159A514682
:10B4200043EAD27322F00042159203EBC30203EB0E
:10B43000420351F8042F9B180B6044EB04038D4228
:10B44000F7D10DF194090DF1B4086FF025034FF019
:10B45000FF30494651F81C2CD21851F8043F40F1F6
:10B460000000D21A60F1000388450A604FEAE370D9
:10B47000F0D12D98013325A9C20F20F0004042EAF7
:10B4800043032D9003EBC30203EB420351F8042F57
:10B490009B180B6044EB04038845F7D126AA0823C8
:10B4A0002EA91046F5F7ACFF0EAA082316A91046E0
:10B4B000F5F7A6FF514600234A6E9B1851F8042F5A
:10B4C00044EB0400D21840F100038D420A64F3D12A
:10B4D000259A5B0025A8314643EAD27322F0004248
:10B4E000259203EBC30203EB420351F8042F9B1890
:10B4F0000B6044EB04038842F7D125A96FF02503C4
:10B500004FF0FF3051F8042FD21851F8603C40F151
:10B510000000D21A60F1000388450A604FEAE37028
:10B52000F0D12D990133CA0F21F0004142EA4303C3
:10B530002D9103EBC30203EB420359F8042F9B1830
:10B54000C9F8003044EB0403C845F6D12EAA0823FD
:10B5500011461046F5F754FF16AA08231146104667
:10B56000F5F74EFF51466FF025034FF0FF30D1F84D
:10B570008420D2184B6A40F10000D21A60F1000317
:10B5800041F8042F8D424FEAE370F0D11598013352
:10B590005146C20F20F0004042EA4303159003EBEE
:10B5A000C30203EB420351F8042F9B180B6044EBDA
:10B5B00004038D42F7D1864A0EA9012316A8F5F798
:10B5C0001FFF15A9002251F8043F086E1B1844EB19
:10B5D00004009B1840F100028E420B60F3D153002F
:10B5E0001D9A43EAD27322F000421D9203EBC3027C
:10B5F00003EB420357F8042F9B183B6044EB040312
:10B60000BE42F7D126AA082311461046F5F7F8FEE8
:10B6100026AA082306A91046F5F7F2FE1EAA08235B
:10B6200011461046F5F7ECFE16AA08230EA910469F
:10B63000F5F7E6FE51466FF025034FF0FF30D1F8E5
:10B640008420D21851F8043F40F10000D21A60F172
:10B6500000038D420A604FEAE370F0D11598013380
:10B660005146C20F20F0004042EA4303159003EB1D
:10B67000C30203EB420351F8042F9B180B6044EB09
:10B6800004038D42F7D10EAA0BF1FF3B08232EA92C
:10B690001046F5F7B5FEBBF1FF3F01D0009F34E641
:10B6A000009C0499029850F8042F51F8043F8642F8
:10B6B00083EA020303EA040382EA030202600A68DF
:10B6C00082EA03020A60EED1424E16AC01254FF029
:10B6D000020806F124070EAB03EB481845B12246D9
:10B6E000214608234046F5F78BFE013D4446F6D13E
:10B6F00071780EAA0823404602EB41114246F5F745
:10B700007FFEB74204D096F803800336B578E2E7AF
:10B710000EA906A8082326AAF5F772FE05A9132389
:10B720000024084650F8042F9B18036044EB0403E0
:10B730008245F7D10D9A5B0005A8002443EAD27335
:10B7400022F000420D9203EBC30203EB420350F8D8
:10B75000042F9B18036044EB04038245F7D10024B7
:10B7600005AA6FF012004FF0FF35264652F8043F4D
:10B770001B1845F10000924544EA030413604FEAA8
:10B78000E075F3D1019B1BB1013C46F1FF330193FE
:10B79000059B51F8042F0433150A8A454FEA1244D9
:10B7A00003F8042C4FEA126003F8035C03F8024C20
:10B7B00003F8010CEDD1019837B0BDE8F08F03F02C
:10B7C000F803B2E503F07F0343F04003ADE500BFAB
:10B7D000E43000209C5900202DE9F04FD0F8A8401B
:10B7E000B7B006462278072A33D0082A05D0CB49BD
:10B7F00037B0BDE8F04FFBF7D1B825460DF158083A
:10B8000005F1200770224046394606F0F3F930462C
:10B81000FBF774FA002819DB6B69B26ED25C142A4C
:10B8200040F061823046FBF757FB702241463846B4
:10B8300006F0E0F9D6F8A800FCF7E8F90923237030
:10B8400096F8AC306FF3C71386F8AC3037B0BDE86C
:10B85000F08F026F042AF9D9D0F868A0BAF80390E3
:10B8600099FA99F91FFA89F3591D8A42EED39AF889
:10B870000020162A40F035829AF80520012A40F06F
:10B88000308204F1200B0BB30AF104054FF00008DD
:10B8900005EB030901E0A94518D0A36C15F8011FB9
:10B8A000E2180133402B82F84C10A364F3D15846C0
:10B8B000F2F7FCFF236CC4F8488013F5007323648F
:10B8C000636C43F10003A9456364E6D10AF10B01FF
:10B8D000202204F190000AF02FFCD6F868A09AF814
:10B8E0002B50202D00F0F3817DB18D4B1B68012B77
:10B8F0000BDD8C4B42F684228B490220EDF740FD94
:10B900008A48EDF783FDD6F868A00AEB0503306F8F
:10B9100093F82C1093F82D20431B039042EA012248
:10B92000A3F12E018A4200F2B7811544323B9B1AE3
:10B930000AEB0502323592F8301092F831900AEB9A
:10B94000050E49EA0129994500F2A681B9F1000FD7
:10B9500000F0A281002506E004351BFA85F5ADB2A2
:10B96000A94540F299810EEB05031EF805005A78AF
:10B97000997842EA002293F803B0332A4BEA012B6C
:10B98000EAD105F1060C1A795F79F44447EA0227F7
:10B99000039AACEB0A039BB2D31A9F4200F27C815C
:10B9A000002FD9D0002203E01FFA88F29742D3D9A2
:10B9B0000CEB0200BB1A90F80280033BC17841EA0D
:10B9C000082101F104088B42904440F3658120294D
:10B9D000EAD11CF80230002BE6D140781D28E3D1D3
:10B9E0000F46111D04F1D000039361443A460AF05A
:10B9F000A3FB039B30460DF15808194650F8683FE9
:10BA0000B3F803305BBA5A1D92B2F9F7B1F8D6F821
:10BA1000A8507A224649404605F1040B06F0EAF8A0
:10BA200039460DA8EDF764FC002800F04B8105F1C4
:10BA3000F00701233F4A0DA905A8FFF737FC0123B2
:10BA400005F1D0020DA93846FFF730FC344B1B68D6
:10BA5000032B00F32881D5F890000DF1140ED5F8D2
:10BA600094100DF1AC0CD5F898200DF15709D5F8CC
:10BA70009C300DF1D10ACDF85E004F46CDF8621032
:10BA8000CDF86620CDF86A30D5F8A000D5F8A4101E
:10BA9000D5F8A820D5F8AC30CDF86E00CDF87210EE
:10BAA000CDF87620CDF87A30D5F8B000D5F8B410BE
:10BAB000D5F8B820D5F8BC30CDF87F00CDF883108C
:10BAC000CDF88720CDF88B30D5F8CC30D5F8C00034
:10BAD000D5F8C410D5F8C820CDF89B3005F1200367
:10BAE000CDF88F00CDF89310CDF897200393BEE8E2
:10BAF0000F00ACE80F009EE80F008CE80F00052354
:10BB00000D4AE9685846F8F7FDFF7A234246E9688E
:10BB10005846F8F7F7FF039812E000BFC051002025
:10BB2000E44301209C290020D061002060510020C6
:10BB30005C080020D4120020D8080020BA4519D093
:10BB4000AB6C17F8011FEA180133402B82F84C1038
:10BB5000AB64F3D10390F2F7A9FE2B6C002203989B
:10BB600013F50073AA642B646B6C43F10003BA45B0
:10BB70006B64E5D1E968062358465C4AF8F7C2FFD2
:10BB8000D6F8A800FCF768F9594BD6F8A8504746F4
:10BB90000DF15D0B05F1200A93E8030016900820D3
:10BBA000ADF85C10014603E05F4518D017F8011F9F
:10BBB000AB6CEA180133402B82F84C10AB64F3D124
:10BBC0005046F2F773FE2B6C002213F50073AA6443
:10BBD0002B646B6C43F100035F456B64E6D1162365
:10BBE000062241463046FAF729FF3046FAF7DCFFD5
:10BBF000002130460027FEF777FF3E4BD6F8A850CD
:10BC00001F220DF1330B05F1200A93E803000D907C
:10BC10000DF139008DF8381000210AF009FB70226F
:10BC2000514640460AF088FA414605A8FBF7AAFCAF
:10BC3000202205AB0EA805F2D4410092FBF7F6FDD9
:10BC40000DA9162324223046FAF7F8FEEA6869683F
:10BC50003046F9F7F5FDEF6001E0CB4517D0AB6C4E
:10BC60001BF8011FEA180133402B82F84C10AB641B
:10BC7000F3D15046F2F71AFE2B6CAF6413F5007344
:10BC80002B646B6C43F10003CB456B64E7D1082355
:10BC90002370D6F8A850B3E51749304637B0BDE851
:10BCA000F04FFAF77BBE154B42F6C7021449042049
:10BCB000EDF766FB2023134A134914480097EDF76C
:10BCC000A5FBC8E612493046FAF768FEAFE60AF16E
:10BCD0002C012A4604F1B0000AF02EFAD6F868A02A
:10BCE00013E60C49D9E70C49304681E5E00800200D
:10BCF000E80800202C080020745100206C2A002045
:10BD0000D061002061C600008C510020D04C002082
:10BD100088510020445100209C5100202DE9F04F13
:10BD2000D0F8A840ADF56F7D05462678052E00F2C7
:10BD30002A86DFE816F0B70159007D001F012101B6
:10BD4000060026462846FAF7D9FF0028C0F20E81E1
:10BD5000AA6E7369D25C142A40F0B1852846FBF7BD
:10BD6000BBF8D4F81431002B00F0818304F5906601
:10BD7000C0224EA8314605F03DFFD5F8A800FBF7DC
:10BD800045FF3146C0221EA805F034FFC0224EA94F
:10BD9000304605F02FFF2846FAF706FF0121284616
:10BDA000FEF7A2FE2846FBF7B9FEC0221EA93046C8
:10BDB00005F020FF0621217095F8AC30D5F88040C1
:10BDC0006FF3C71385F8AC3014B100222846A047A2
:10BDD000AB6F002B00F0CA800022062128460DF52B
:10BDE0006F7DBDE8F04F1847A146D5F87080AF6E63
:10BDF000B8F1040F40F2BA80B7F803305BBA9BB2D7
:10BE00005A1D9045C0F0B2803A78162A00F0F782A9
:10BE1000B8F1060F40F2F782152A40F0F482BA79A1
:10BE20009C4928460DF56F7DBDE8F04FFAF7B6BD89
:10BE300026462846FAF762FF0028C0F29780AA6ECD
:10BE40007369D25C082A40F03D852846FBF744F828
:10BE500003232370D5F8A83006932846FAF74EFF3F
:10BE60000028C0F28380069BA96E5B69CA5C1944F6
:10BE70000D2A00F047850B2A40F03985069B9B6907
:10BE80000A2B40F23D858B784A781B028E7943EA73
:10BE90000243CA78360243EA02074B7946EA034670
:10BEA000CB791E433B1F9E4240F0E2848B190DF17B
:10BEB000780B4FF4207201F1080A08934EAB002171
:10BEC000184605930AF0B4F90021502258460AF0AA
:10BED000AFF9069BD3F82411002940F0AD82059EEE
:10BEE0004FF00009CDF81CB0CDE90954089B53452B
:10BEF00040F207849AF801700AF103049AF80030BE
:10BF000009F101093F0247EA03479AF802301F434B
:10BF1000E319E25D5B7853EA022340F01C84324669
:10BF20003946204607F1020AFCF7CAF90028A24464
:10BF3000C0F21784059B9E4200F004823146A6F1B0
:10BF40005000FFF7CDF8002800F03884079B1A69ED
:10BF500033699A4200F0DD81B9F1070F06F150060E
:10BF6000C4D1099D4C492846FAF718FD0DF56F7D9F
:10BF7000BDE8F08F069470E726462846FAF7BEFE25
:10BF80000028F3DBA86E7369C25C18440F2A40F0E6
:10BF9000AB84B369072B40F2C284D6F81021002A83
:10BFA0006FD1B0F80680083BB0F8049000F10807A4
:10BFB00098FA98F899FA99F91FFA88F81FFA89F906
:10BFC000984500F2B484DFF8D8A0DAF80030032BEB
:10BFD00000F3808240F60403994500F09A8240F213
:10BFE0000343994540F056844146384613AAF2F778
:10BFF000D1FE0028C0F2978416AADDE914804146DC
:10C00000F2F7C8FE0028C0F29084179F0DF1780B5C
:10C01000DDF86090A8EB07015A4609EB0700F2F73C
:10C02000B9FE0028C0F28C84202F05D9203FB944E6
:10C030002027CDF860901797DBF80480B8F1200F27
:10C0400000F21D82DBF8083005933A4649464EA8B7
:10C050000AF072F84246059956A80AF06DF80F4AA0
:10C060004EAB06F58C61009206F513702022FEF7A8
:10C0700027FE012840F03E84DAF80030022B00F35E
:10C080003D822846FAF728FF05232370D5F8A860DB
:10C0900058E600BFA04600204C4900205031002047
:10C0A000E4430120DFF828E404F5A4724EAB0DF15F
:10C0B0004C0A0EF10C0C06920DF1780B05930DF164
:10C0C000400904F104085F469EE807008AE807007B
:10C0D000BCE80F000FC7BCE80F000FC70CF104014C
:10C0E000DCF8003007C93B80A9E803000EF13C01F1
:10C0F00089F800209122059805F07CFD06980AF049
:10C100001FFF0746002800F0F78100F10903DEB2A7
:10C11000D4F81021002A00F0EA812222CDF81CB0C8
:10C1200093465B440598324403F18C01D2B2090A6C
:10C13000C17003F188013D33090A1B0AC17180F8FF
:10C140005230A2F174030371A2F178033D320372FD
:10C1500080F853209FB17A1DFBB2120A8DF8483047
:10C160008DF84220FA1C120A8DF844205A1D033320
:10C170008DF843208DF845303B0A8DF8473004F1A7
:10C18000D00620213046EDF7B3F8002800F0A38256
:10C19000314604F1B0060123BF4A16A8FFF786F81E
:10C1A00020213046EDF7A4F8002800F08F8204F13A
:10C1B000900920214846EDF79BF8002800F0818285
:10C1C000D4F890000DF5B27CD9F804100DF1580E9A
:10C1D000D9F8082004F1200AD9F80C30CDF8430131
:10C1E000CDF84711CDF84B21CDF84F31D9F81000DB
:10C1F000D9F81410D9F81820D9F81C300DF5E479C5
:10C20000CDF85301CDF85711CDF85B21CDF85F3152
:10C21000D4F8B0007168B268F368ACE80F00306918
:10C220007169B269F3694FAEACE80F00BEE80F0068
:10C23000CDF89601CDF89A11CDF89E21CDF8A23116
:10C24000BEE80F00CDF8A6014046CDF8AE21CDF8EE
:10C25000B2319123CDF8AA11059AE168F8F752FCA2
:10C2600001E0B14518D0A36C16F8011FE2180133A4
:10C27000402B82F84C10A364F3D15046F2F716FB22
:10C28000236C002213F50073A2642364636C43F1F2
:10C290000003B1456364E6D1079E5B460BF1FF3BAB
:10C2A000E16832464046B34406F1FF39F8F72AFC0C
:10C2B000002601E0D94517D0A36C19F8011FE21838
:10C2C0000133402B82F84C10A364F3D15046F2F7AF
:10C2D000EDFA236CA66413F500732364636C43F1D9
:10C2E0000003D9456364E7D1002F40F09C81062309
:10C2F0006A4AE1684046F8F705FCE268616828464A
:10C30000F9F79EFA00220123E2602370D5F8A89085
:10C310006BE5079BF168D86809F0DEFE00287FF422
:10C320001BAEDDE909542846FAF7D6FD069B00222C
:10C33000284603F58C61FBF785F904232370D5F8B3
:10C34000A8601AE63946204610AAF2F7F5FC002844
:10C3500045DB0DF14C0B10A851495A46F7F7A2FBEB
:10C3600000283CDB5A46DBE90110F2F7E5FC002827
:10C37000C0F2B681069B0DF13808DBF804400CAF23
:10C3800003F5A4750B9620E0DBF808603046F2F761
:10C39000D3FC002806EB0003A4EB000419DB2846BD
:10C3A000CBE901430AF0CCFD179B7B60189B3B60F7
:10C3B0000023C8E90050009397E80C0098E80300B8
:10C3C000FCF752FE002840F02181214616AA002CDD
:10C3D000DAD1099D33492846FAF7E0FAC6E5324B2F
:10C3E000099D1B68002BF5DD304B42F6C2423049F7
:10C3F0000120ECF7C5FF2F48EDF708F8EAE77A7956
:10C40000022A00F0D480284B1B68012B0CDD42F679
:10C41000DF3227490220284BECF7B2FFAB6E2748EA
:10C420005A791978ECF7F2FF254928460DF56F7D0A
:10C43000BDE8F04FFAF7B2BA5A46D3F82001FBF73D
:10C440003FFF0028C0F28982174B1B68032B7FF740
:10C4500046AD1C4B42F63C5215490420ECF790FFC8
:10C4600019491A48DBE90132ECF7D0FF37E52846D5
:10C47000FBF754FBD5F8A800FBF7C8FB9AE4A8F13A
:10C480002008DBF8083043440593CBF8083020231C
:10C490009846CBF80430D8E5D4120020E0080020FC
:10C4A000984800200C490020E4430120F82900208E
:10C4B000D06100209C480020BC2A0020B04600200B
:10C4C000D0460020402A002061C6000040480020DD
:10C4D000F00800200420BD4B42F69B52BC49ECF70B
:10C4E0004FFF42464946BB48ECF790FF72E50C22ED
:10C4F000CDF81CA0934614E6034609E6B34B42F67A
:10C50000CD52B3490320ECF73BFFB348ECF77EFF75
:10C51000B7E5D6F85C1406F5137013AAF2F70CFC15
:10C52000002801DD149909B9AC497EE7159E16AAC9
:10C530003046F2F701FC0028F6DB9DF8583006443F
:10C54000091A022BCDE91416EED10029ECD03046A1
:10C550001EAAF2F7F1FB0028E6DB9DF878300644CE
:10C56000091A022BCDE91416DED14FF400734EAE3A
:10C5700003930296DDE91F32DDE91710CDE900785B
:10C58000FDF7A0FF9DF83733BC2B40F0EC81DAF8C3
:10C590000030022B7FF775AD8C4B42F6B0528C49C0
:10C5A0000320ECF7EDFE8E48ECF730FF69E509F16A
:10C5B0002000002B00F0DC8007F1040A4FF0000B94
:10C5C0000AEB030602E0B24500F0D280D9F8483009
:10C5D0001AF8011F09EB03020133402B82F84C10BB
:10C5E000C9F84830EFD10590F2F760F9D9F840303A
:10C5F000059813F50073C9F848B0C9F84030D9F868
:10C60000443043F10003C9F84430DCE7059B069D44
:10C610000B9E05F51370D3E90314224609F08CFD37
:10C62000C5F85C4492E410AAE16809234046F8F793
:10C6300069FA3B46069A4046E1680DF13F06F8F775
:10C6400061FA0DF1480BA36C4FF0000901E0B3450E
:10C6500017D0E218013316F8011F402B82F84C1056
:10C66000A364F4D15046F2F721F9236CC4F8489042
:10C6700013F500732364636C43F1000363640023C8
:10C68000E5E704F2471606EB0709002703E0B1458A
:10C690003FF42DAEA36CE218013316F8011F402BB6
:10C6A00082F84C10A364F2D15046F2F7FFF8236CE5
:10C6B000A76413F500732364636C43F100036364A0
:10C6C000E5E748492846FAF769F979E545492846F2
:10C6D000FAF764F96BE543492846FAF75FF957E53D
:10C6E000414B099D1B68002B7FF774AE3F4B42F610
:10C6F000C64237490120ECF743FE3D48ECF786FE81
:10C7000068E6DDE9063BDDE90954D3F82431002B66
:10C710003FF409AEB9F1000F00F02D8109F1FF30AF
:10C72000059B594600EB800003EB0010FEF7D8FC98
:10C73000002800F020812C4B1B68032B7FF7F3AD02
:10C740002C4B42F6715204202149ECF719FE2A487D
:10C75000ECF75CFEE7E5099D28492846FAF71EF943
:10C7600004E4099D26492846FAF718F9FFF7FEBBAD
:10C77000B7F84F60A8F15108513776BAB6B24645BE
:10C780001AD8CEB10023F818FA5CA6EB030C417856
:10C7900090F802E0ACF1030C41EA0221C27842EACF
:10C7A0000E2209B2944502F1040205DD33292DD091
:10C7B00013FA82F3B342E6DB124936E6099D1249C9
:10C7C0002846FAF7EBF8FFF7D1BB00BFB8290020E5
:10C7D000D06100206C4A0020BC4B00209C4A002005
:10C7E000E04A002088510020E4430120F82900207D
:10C7F000C8480020402A00208449002050480020DA
:10C800007C4800202C4700202849002001794279EB
:10C8100042EA01221D2A40F0B48008338179FA18D7
:10C82000C37943EA0123202B1FB240F0A28009F113
:10C83000F006012309F1D0013046FEF737FD544BD5
:10C840001B68032B41DC2846002150F8683FB3F8F1
:10C85000032052BA053292B2F8F78AF9D5F8A80047
:10C86000FBF7FAFA02232370D5F8A860FFF7E1BAC4
:10C87000474B1B68002B0BDD42F624520120454933
:10C88000454BECF77DFD324639464448ECF7BEFD9A
:10C890004349CAE5DAF80030002B7FF767AB414B1C
:10C8A00042F6D8523B490120ECF76AFD4246494620
:10C8B0003D480DF56F7DBDE8F04FECF7A7BD3B4956
:10C8C000FFF7AFBA3A49FFF7ACBA3A4B42F6C702A4
:10C8D00030490420ECF754FD3B46374A3749384885
:10C8E0000096ECF793FDAEE73649FFF79ABA364962
:10C8F000FFF797BA35492846FAF750F8FFF736BBE5
:10C90000334992E5224B1B68032B1BDC2846FAF7C0
:10C91000E3FA0123069AC2F81431FFF727BB1A463F
:10C920002C49FFF77EBA2C497FE52C497DE542462C
:10C930002B4928460DF56F7DBDE8F04FFAF72EB86C
:10C94000284972E5144B42F6115212490420ECF7C3
:10C9500017FD2548ECF75AFDD8E724492846FAF791
:10C960001DF8FFF703BB22492846FAF717F8FFF72F
:10C97000FDBA204959E520492846FAF70FF8FFF794
:10C98000F5BA1E4951E532461D49FFF74ABA00BFC4
:10C99000E4430120D0610020402A0020D447002039
:10C9A000FC470020B8290020E84B0020204C002044
:10C9B000404700206C2A002061C600001C47002070
:10C9C000D04C0020C8490020884700208C4B002014
:10C9D000B8470020004A00200C4B0020404B0020AC
:10C9E000344A0020644B002070470020204800207B
:10C9F000B04A00200447002070490020EC46002087
:10CA00004C4C00202DE9F04FE1B017460C462C228B
:10CA1000054600210DA809F00BFC0D2F0F94CDE960
:10CA20000B4722D995F822305BB1062229462046D1
:10CA300009F052FB28B10622BA49204609F04CFB06
:10CA400098B995F821309BB93E46A389B3F5C16FDB
:10CA500077D04DF68652934200F0BA80082B3CD036
:10CA6000B14D2B68022B00F3DC8061B0BDE8F08F84
:10CA70003E1F21464FF0FF3CAC4804EB060E11F878
:10CA8000013B83EA0C02714502F00F0250F82220AC
:10CA900082EA1C1C8CEA131303F00F0350F82330B6
:10CAA00083EA1C1CEBD16FEA0C035FFA83FC18933A
:10CAB000A35D6345D9D14A7801319DF861309A422E
:10CAC000D3D19DF8623011F8012F9A42CDD14A7826
:10CAD0009DF863309A42C8D1B7E704F10E03212FC5
:10CAE0001293C2D9238A5BBA9BB203F10E02BA42F7
:10CAF00003D2212A0C92B8D91746A07B000904283A
:10CB0000B3D1A28A04F12201274452BA0D917E1AB0
:10CB1000C2F30D020E96002A00F01281E37D112B64
:10CB200000F06B81062B08BF15912B6B00220BA91F
:10CB30001868F4F7D3F9002897D07D49F9F72EFF4C
:10CB400093E70E34292F11948FD9EB6A23B10BAAE6
:10CB5000032128469847119CE388B3F5807F7AD05B
:10CB6000B3F5007F81D10622294604F1120009F0B5
:10CB7000B3FA00287FF479AFD4F80E202B699A42DB
:10CB800000F0BD802B6B02460BA91868F4F7A6F9DC
:10CB9000054600283FF469AF90F8AC30DB067FF51E
:10CBA00064AFA26800F1C8065F4BC0F8C8201B68DC
:10CBB000A289022BA0F8CC2000F3858195F8AC3037
:10CBC00028466FF3041385F8AC30F6F7CBF94CE741
:10CBD00004F10E03352F13937FF647AFA37B1B0998
:10CBE000062B7FF442AF237D04F136022744012B4C
:10CBF000A7EB020102D03A2B7FF437AF032914923E
:10CC00007FF633AF04F13A0394F83620FF1A082A6E
:10CC1000CDE90D377FF429AF0BA92846F4F7EEFED6
:10CC200023E7444B41F26F3243490320ECF7A8FB62
:10CC30000F9B4248998949BA89B2ECF7E7FB2B6808
:10CC4000032B7FF712AF202E3146204628BF20212C
:10CC5000F8F784FB09E7A269AB689A427FF405AF55
:10CC60000F9B02276C694FF0000CD3F806202E4E64
:10CC700022605B89A3802B68C4F80630AB8863818F
:10CC80000823237306236373119B186859689A68F5
:10CC9000D3F80CE0C4F81210C4F80E00C4F8162043
:10CCA000C4F81AE059699A691869C4F82210C4F8DE
:10CCB0001E0084F814C0C4F8262067759A682262A2
:10CCC0009B89A3842A683368C4F81620AA88BB42CB
:10CCD0006283119AA968D2F80E20E161C4F8262077
:10CCE0006CDC6B6A2A242A4668695B68214698478F
:10CCF00084427FF4BAAEEB6F0133EB67B5E6A2680E
:10CD000095F88430C5F85220032BA289A5F8562047
:10CD10007FF4ABAE0423284685F88430F8F7FCFC9A
:10CD2000A3E600BF08310020E443012010310020B9
:10CD30004C450020902B0020D0610020444600206C
:10CD4000E27D012A4AD0112A59D0062A7FF48DAEFD
:10CD5000132E15917FF689AE94F82E1036340909FA
:10CD60003F1B0D9405310E97B3EB810F4FEA810203
:10CD700001D39B1A0E93AC4E3368032B00F337811B
:10CD80002B6B00220BA91F683846F4F7A7F804465E
:10CD9000002800F0188190F8AC309F0640F10B811C
:10CDA000159F7A7B122A00F00483102A00F09D80E0
:10CDB000BB6814222846F4F7FFFD56E69B4B41F270
:10CDC00054129B490320ECF7DBFA9A4B04F126023C
:10CDD00099499A480095ECF719FB82E7032E1491C4
:10CDE0007FF643AE04F1260394F82210FF1A0829B7
:10CDF000CDE90D377FF439AE0EE7169195E6072E93
:10CE000016917FF632AE884E2A3433683F1B0D945C
:10CE1000032B0E9700F3B4802B7F2BB1169B5A88FF
:10CE2000B2F5884F00F084826B7F2BB1169C63882B
:10CE3000B3F5864F00F0E5812B6B01220BA9186832
:10CE4000F4F74CF8044600283FF40FAE169A137816
:10CE5000527843EA0223129A8385D3680F9AC361FA
:10CE6000D2F80630C0F8C830036C5289B3F5401FC1
:10CE7000A0F8CC2080F01283C26B0E99D21A8A429D
:10CE800007D219443830F7F767FD002800F03F82D9
:10CE9000236CA06BDDE90D12184404F0ABFE236C8B
:10CEA0000E9AD4F88050134423641DB10EAA0721B2
:10CEB0002046A847A36F002B3FF4D7AD0EAA072149
:10CEC00020469847D1E5594B41F265125849032055
:10CED000ECF756FA574A696B05F11C035848CDE93F
:10CEE0000026554AECF792FA68E6002294F8CE1034
:10CEF00084F8CF20002900F0A8825A06159AE76925
:10CF0000537B4CBF04F1680504F13805D2F8048066
:10CF100013F0010F0E9B98FA88F800F08682013317
:10CF20000121434484F8E010C4F8B43094F8AD30E3
:10CF3000DB0604D594F8CE30042B00F0CB8294F8B5
:10CF4000AD300421204643F0100384F8AD30F3F7F0
:10CF500063FE11233A463B4E00276568D4E92C1046
:10CF6000CDE9046709BA00BA02910390A18D01913D
:10CF700004F1C801208B0090E86BF4F757FC74E5CE
:10CF8000314B41F21B322A49ECF7FAF916990E9807
:10CF90000B88039049885BBA129A49BA9BB202F196
:10CFA00010000C3289B20190029123492748009168
:10CFB000ECF72CFA30E7159A527B520795D52449A5
:10CFC000F9F7ECFC51E538460122F3F787FF0746F5
:10CFD00000285ED0DDF8548098F80D9019F0040F09
:10CFE0003AD097F8AC305C077FF53FADE7E7164BDA
:10CFF00041F230320E490420ECF7C2F915990E982F
:10D000000B88039049885BBA129A49BA9BB202F125
:10D0100010000C3289B20190029107490D4800912D
:10D02000ECF7F4F9ACE600BFE4430120882B0020C4
:10D03000D0610020DD450100B14601001845002007
:10D04000304500201C4F0020802B00206845002028
:10D05000D4450020B845002019F0020F40F0C780E9
:10D0600019F0010940F0BC80B8F80000D8F8083089
:10D0700040BA93FA83FA80B20130824510D097F813
:10D08000AC2050073FF5F1AC14222846F4F794FC8D
:10D09000EBE4159B142228469B68F4F78DFCE4E42E
:10D0A0007D681046296CB03107F040F9044600282D
:10D0B00000F08780EB694FF4007245604946013308
:10D0C000426742644265EB614363C0F8B0A0D8F8A0
:10D0D00004301BBAC0F8B4300F9BD3F80600C4F874
:10D0E000C80020465B89A4F8CC30F3F795FD129B6D
:10D0F000159ADB683168E36113780229527843EAB4
:10D100000223A3854EDC97F8AD3007F10806B4F88A
:10D11000AC2004F1080CC3F3C003796822F4006268
:10D12000DB0222F0040243F0040313430A68226086
:10D130000C60A4F8AC30D7F88080D7F884E0C4F84D
:10D1400080800FCED7E91E57ACE80F003368CCF8CB
:10D150000030C4F884E0C4E91E57B8F1000F1ED0B7
:10D16000002201212046C047A56F9DB10022012168
:10D170002046A847D4F880301BB100220521204664
:10D180009847A36F002B3FF470AC00220521204686
:10D1900098476AE4D4F88030002BEED165E4002D86
:10D1A000E4D162E4C04B41F23622C0490320ECF7DF
:10D1B000E7F804F11C03BE4A616BBE48ECF726F9A0
:10D1C000A1E73368002B7FF750ACB74B41F22D221B
:10D1D000B6490120ECF7D4F8B748ECF717F944E466
:10D1E000D8F8083011222846F4F7E6FB3DE4B8F8F9
:10D1F0000030122228465BBA9BB21BBAF4F7DCFB64
:10D2000033E4DDE90B7204F59173174404F108026D
:10D210000D931792BB42A7EB03020E923FF625AC8B
:10D2200018AB4FF48D72A54904F1F806184604F0C6
:10D23000E1FCAA6803464FF0000CC2F307610261EB
:10D240000131C17401E002310E44711C8F420DD9CD
:10D250003178FF290AD035297178F4D10129F2D12A
:10D26000B01C874288BF96F802C0ECE70CF0FD06C0
:10D27000012E7FF4FAAB606A0421BCF1010FDFF8E4
:10D2800050E21F90208DADF8800083F8F41083F8F1
:10D29000FA104FF6FF7183F8F360A3F8081183F8D2
:10D2A0000A110CBF02210521C3F8FB2083F8F210FC
:10D2B000E968C3F8F51040F23511A3F8F0103621F3
:10D2C00083F8F9100C2183F8FF107D49C3E940E190
:10D2D000D4F8F410C3F8EC10E1685960A97FE1B903
:10D2E000BCF1010F0F99284614BF1C694FF0FF34A1
:10D2F00002934FF4884300944FF48D7401930631E8
:10D300004FF486430394F4F7D9F8FFF7AEBB6D49A9
:10D310002046F9F743FBFFF7A8BB0F99186928616E
:10D32000D1F80600C5F852004989A5F85610D7E78C
:10D3300003F1080295F884A0DDE90B41179203F58B
:10D3400091720C4400210D92A01AA24209910E90F4
:10D350000A913FF68AAB0422A91C03F10C00079343
:10D3600008F0BAFE00287FF480AB079B074683468F
:10D37000804603F1F802814607E0032940F03B8133
:10D380005178042948D002310A44511C8C4240F2A1
:10D390006F811178FF2900F06B810129EDD151785F
:10D3A0000429F0D102F1060C6445ECD9D2F802B0A0
:10D3B000E9E7BB68284610221DBAC4F8B0507D6862
:10D3C0002DBA0135C4F8B450F4F7F6FA94F8AC303D
:10D3D000002120466FF3451384F8AC30F3F71CFCB2
:10D3E000D4F880301BB10022042120469847A36F57
:10D3F0001BB1002204212046984794F9AC2094F8F0
:10D40000AC30002ABFF631AB9E07204640F10881C0
:10D41000FEF784FCFFF729BB02F1060C6445B2D984
:10D42000D2F80280D3F81890ADE7A3B994F8E030B1
:10D43000002B3FF41AAB94F8CE30042B7FF415ABDD
:10D44000012384F8E130FFF710BB2046F3F7E4FB3B
:10D4500094F8AC3051E5D4F8B420904569D008EB8D
:10D4600003053368AA4255D0032B42DCD4F8B03010
:10D470000025606812BA05951BBA134D04F1C80166
:10D4800003923A46029310230495A58D0195248BAF
:10D490000094C06BF4F7CAF9FFF7E7BA0B49F9F744
:10D4A0007DFAFFF7E2BA00BF082B0020D061002010
:10D4B00085460100344600206C4C0020C009002045
:10D4C0003304FFFF944D00201C4F00209C4500209A
:10D4D000036D69709268D4F8B03012BA93424FF07D
:10D4E000100308BF52180121C4F8B02084F8E110DD
:10D4F00030E5BC4B41F2AC22BB490420EBF740FFC6
:10D50000D4F8B4202B464146B848EBF77FFFD4F857
:10D51000B420ABE7032B7FF7A8AAB24B41F2AA22B3
:10D52000B1490420EBF72CFFB148EBF76FFFFFF791
:10D530009CBAD5E90121521A934207D919442846C9
:10D54000F7F70AFA00283FF4E2AEA9682868084411
:10D55000DDE90D1204F04EFBAB680E9A1344AB608C
:10D560003368032B00F39181159BD4F8C4105B68DA
:10D570000E9A1BBA13440A4440F6B831C4F8B430CA
:10D580008A42C4F8C42040F27681D4F8C020934285
:10D5900000F071813368032B00F35F810025606820
:10D5A0003A46D4E92C13CDE9045509BA1BBA0291C5
:10D5B00004F1C80103931023A68D0196268B0096D3
:10D5C000C06BF4F733F9D4F8B42094F8CE30C4E942
:10D5D0003025002B40F03C8194F8AC3003F0C002C1
:10D5E000C02A3FF411AF5D0640F183802046FCF76E
:10D5F0001DFFFFF73ABA95F81FC0BCF1000F13D01A
:10D60000062911D1517804297FF4BDAE02F1060C30
:10D6100064457FF6B8AED2F8021009915178B2E6AF
:10D62000FEF7DAF8FFF721BA95F820C0BCF1000F39
:10D630000FD02A290DD1517804297FF4A4AE02F12C
:10D64000060C64457FF69FAED2F802100A9151781D
:10D6500099E6332958D1517804297FF494AE02F128
:10D66000060C64457FF68FAED2F802703FBA8AE6A8
:10D67000062800F0E380022800F0C08005287FF42F
:10D68000F4A9BAF1020F4CD0BAF1040F7FF4EDA95E
:10D69000AB684B457FF4E9A94FF47A72AB6D316802
:10D6A00007FB02F29B18AB66EB6D43F10003012907
:10D6B000EB667FF7DAA94F4B41F2B4124A490220D8
:10D6C000EBF75EFE4FF47A720023D5E91A0106F0FB
:10D6D0004BFC02460B4648483946EBF797FE95F857
:10D6E000843053453FF4C1A92846F8F715F8FFF7F1
:10D6F000BCB9D4F88030002B3FF4DCAB0EAA072174
:10D7000020469847FFF7D6BB352951787FF43BAECA
:10D7100001297FF438AE02F1060C644588BF907889
:10D7200031E6B8F1000F18BFB9F1000F3FF49DA921
:10D73000002F3FF49AA94FF47A72AB6D316807FB62
:10D7400002F29B18AB66EB6D43F100030129EB6617
:10D7500013DD284B41F2A61223495046EBF710FE89
:10D760004FF47A720023D5E91A0106F0FDFB024658
:10D770000B4621483946EBF749FE0F9B032208214F
:10D78000D3F80600C5F8520018A85B8985F88420F4
:10D79000A5F85630C5F80890C5F81080C5F80CB04B
:10D7A000EBF7A6FD189CEBF79DFD204407F0F0F881
:10D7B000EB7F3BB1099B2BB1EB6A1BB109AA01219D
:10D7C0002846984795F82030002B88D00A9B002BDC
:10D7D00085D0EB6A002B82D00AAA022128469847FE
:10D7E0007DE700BF142B0020D0610020F845002009
:10D7F000E0450020702B002084450020B9F1000F87
:10D8000018BFB8F1000F14BF01220022BAF1010FB6
:10D8100014BF002202F00102002A3FF426A9002FC3
:10D820003FF423A9DA690AB9129BDA684946284607
:10D83000F3F7FCFE022385F8843055E7AB684B45CF
:10D840007FF413A90122002385F88420AB6046E70A
:10D8500029462046F3F7E0F9BEE641F2C322134918
:10D860000420134BEBF78CFDD4F8C020616B1148FA
:10D87000EBF7CCFD92E694F8CE30012B3FF4ACAE42
:10D8800001212046F3F7C8F9A6E6094B41F2BC2274
:10D8900006490420EBF774FD159B616B5A68064836
:10D8A00012BAD4F8B430EBF7B1FD5DE6D0610020D8
:10D8B000142B002024460020104600202DE9F04FB4
:10D8C00007468BB0EBF70EFD02460B46CDE906018D
:10D8D00007F13400FCF748FBFD6B002D00F03081B0
:10D8E000D5F824C0BCF1000F00F02A81DDE906362E
:10D8F000D5E9182413F57A7046F10001904271EBD6
:10D90000040EC0F0208152EA040E00F01C81934204
:10D9100076EB040EC0F01E81B3EB020940F2E93849
:10D9200066EB040EC1457EF1000E03D212F57A704B
:10D9300044F10001AB6595F88430EE65032BC5E931
:10D94000180100F06582DCF80C301BB30121284679
:10D95000984795F88440002840F037822B7F002BB1
:10D9600040F05F8254B10023284685F88430F7F7F1
:10D97000D3FE95F88440002C40F02D829F4E3368F2
:10D98000002B00F36282EB6A002B73D0002204218B
:10D990002846984795F88440002C6BD02B7F002BAD
:10D9A00040F086816B6A9B68002B00F01E822A463D
:10D9B000D5E90D019847002840F0FE812B6B1C68CB
:10D9C000002C57D08D4EDFF83892DFF83882B4F84B
:10D9D000AC3003F48873B3F5807F48D094F8AC3052
:10D9E00013F0090F43D1A96DD4F8B800EA6DD4F84B
:10D9F000BC30884293413AD294F8CE30D4F81CA07F
:10DA0000022B00F0B18194F8AD20D0072FD4012B68
:10DA100000F0AF81032B00F0E381042B00F09F8125
:10DA200094F8CF305A1C022B84F8CF2000F2928158
:10DA30003368032B00F3FD81D4F8B0305246D4F89C
:10DA4000B4102846013B09BA1BBA039104F1C8017E
:10DA500002930023CDE90433A38D0193238B00931C
:10DA60001023F3F7E3FE00212046F3F7D5F82468EE
:10DA7000002CACD13D68002D62D0604EDFF888915B
:10DA8000DFF88081DFF884A12C462D68D4F880303F
:10DA90001BB106AA022120469847A36F1BB106AA14
:10DAA0000221204698473368032B6CDC94F8AC3095
:10DAB00059060BD5226F22B9D4F8A82032B1926949
:10DAC00022B12046FCF7B2FC94F8AC3013F0280FDA
:10DAD00014D1226D002A00F09B8013F0900F15D115
:10DAE000590640F1C280A16C2046FCF7E7FB421CBE
:10DAF000089000F0C280002800F3C48094F8AD3094
:10DB0000DB0603D5236D002B00F0878094F8E1300D
:10DB100083B194F8AC305F0606D5236F53B9D4F8BF
:10DB2000A8300BB19B692BB994F8AD3043F02003BA
:10DB300084F8AD3094F8AD30980619D4002DA3D1F7
:10DB40000BB0BDE8F08F834276EB0102C5E9180106
:10DB5000BFF4F0AEDCF80C20C5E9163612B1002196
:10DB60002846904795F88430002B7FF41BAF81E75F
:10DB7000002104F1D000F6F7EFFE2046F7F7D4FCC1
:10DB8000002D81D1DCE74B4641F28642414604201C
:10DB9000EBF7F6FB94F8AC0094F8ADB010F0400F42
:10DBA000D4F8A8C0616B14BF5422742210F0200F67
:10DBB00014BF4323632310F0800F14BF4FF0480EAF
:10DBC0004FF0680E10F0080F14BF522072201BF0A7
:10DBD000200F14BF4FF0430B4FF0630BBCF1000F4D
:10DBE00001D0DCF818C0276FCDF800E0CDE9010BBB
:10DBF000CDE903C75046EBF709FC57E7E4430120A2
:10DC0000D42B0020D0610020E42B0020AC40002069
:10DC100094F8AD30DB067FF579AF94F8CE30042B65
:10DC20003FF474AF40F22112B4F8AC3013407FF4EB
:10DC30006DAFD4F8B02011BAD4F8B42092FA82FCB7
:10DC40006268D06BE269CDE9021CCDE90433A38D93
:10DC500004F1C8010193238B00931123F3F7E6FD30
:10DC600004212046F2F7D8FF50E7A16C2046F7F7D1
:10DC7000E7FD421C08907FF43EAF9C492046F8F730
:10DC80008DFE3BE70246002104F14800F6F770FFE5
:10DC9000D4F880301BB108AA082120469847A36F0A
:10DCA000002B3FF42BAF08AA08212046984725E710
:10DCB000012C00F0F380042C7FF474AED5E91A2314
:10DCC00052EA03013FF46EAED5E91601904271EBC2
:10DCD000030680F00181864E861941F1000CB242A4
:10DCE00073EB0C03BFF45EAE4FF47A72002306F0C0
:10DCF0003BF94FF0EE337F4A00FB03F302FB0133A5
:10DD00007D49A0FB02021344820842EA83729B0809
:10DD100043EA80734FF0443090429941FFF442AEA1
:10DD2000764A2346A968284608920122744E00923A
:10DD300008AAF3F73DFC3368022B7FF733AE714B33
:10DD400041F2261270490320EBF71AFB6F48EBF7FC
:10DD50005DFB27E66E492046F8F720FE83E642F099
:10DD6000200284F8AD2082E66A492046F8F716FEC4
:10DD700079E6D4F8B430D4F8C0209A423FF450AEDB
:10DD80003268032A7ADCD4F8B0101BBA524628460F
:10DD9000039309BA0023029104F1C801CDE90433C9
:10DDA000A38D0193238B00931023F3F73FFDD4F849
:10DDB000B430C4F8C03056E6AB6F0246696B2846F3
:10DDC0000133AB67FEF71EFEF8E5002C4CD12B7F2C
:10DDD0004BB30123C8E5EB6A002B7FF4D7ADDDE53B
:10DDE0004D492046F8F7DAFD3DE608A905F1340073
:10DDF000F9F700FB044600283FF4E0AD024608991D
:10DE00002846FEF7FFFDEB6B04332344EB63D5E5B7
:10DE10000423284685F88430F7F77EFCD5F824C023
:10DE200091E5A8609EE5AB68002B0CBF012303239E
:10DE30009AE5414604204B4641F2DA32EBF7A0FA6C
:10DE4000616B3648EBF7E2FAF6E5354B41F2983272
:10DE50002D490120EBF794FA3248EBF7D7FAEB6A39
:10DE6000002B7FF493AD95E52B7F012BB3D0012CD4
:10DE7000B1D1AB68002BAED0032375E54B4641F220
:10DE8000CD3241460420EBF77BFA616B2648D4E99A
:10DE90002C23EBF7BBFAD4F8B43074E7234B08AA71
:10DEA000174E93E80300082382E803000021284668
:10DEB0000091F3F77DFB3368022B7FF773AD1C4BAA
:10DEC0000320114941F23012EBF75AFA2A46194958
:10DED0001948EBF79BFA65E501220023284685F8EF
:10DEE0008420AB60F7F718FC5CE500BFC840002059
:10DEF00040771B00EFEEEEEE44444404350103FF8F
:10DF0000E44301209C2B0020D061002040620020CF
:10DF1000A04000206C400020884000209C40002051
:10DF2000D42B00203C40002078400020D04000202E
:10DF3000C02B0020DD4501004C40002010B504221C
:10DF40001549044608F04CFA28B106221349204628
:10DF500008F046FA08B9012010BD062210492046F3
:10DF600008F03EFA0028F6D004220E49204608F0B8
:10DF700037FA0028EFD004220B49204608F030FA87
:10DF80000028E8D005220949204608F029FAB0FA0D
:10DF900080F0400910BD00BF5852002060520020A0
:10DFA00068520020705200207852002080520020D9
:10DFB00030B589B004460D4601A8F1F70FFC06996B
:10DFC000DDE904233BB1013B9B1A15442046636005
:10DFD000256009B030BD09B18B1AF6E7079B9B1A83
:10DFE000F3E700BF70B5044688B0214601A8F1F7F9
:10DFF000F5FB05222449204608F0F2F9059E90B170
:10E000002378772B09D0042220492046002508F0E8
:10E01000E7F980B940F2BB1517E06378732BF2D1B2
:10E02000A3783A2BEFD1042218492046502508F056
:10E03000D7F90028EED006221549204608F0D0F97D
:10E0400040F2BB13002808BF1D4605221149204697
:10E0500008F0C6F940F25B7306220F49002808BF9A
:10E060001D46204608F0BCF942F2B323002808BF41
:10E070001D4616B9284608B070BDA01906F052F921
:10E0800085B2284608B070BD885200205852002042
:10E090006052002090520020685200202DE9F0418B
:10E0A0000D46016C07460120B0311646984606F031
:10E0B0003DF90446002848D0FA694FF400734760E0
:10E0C000013243674364436542632846FA61FFF7C0
:10E0D00089FF40BA04222E492083284608F080F99F
:10E0E000B0FA80FCB4F8AC304FEA5C1C3A6823F418
:10E0F00080733C604FEA0C2C226023F001034CF04B
:10E10000010C4CEA030CD4F88030C4E91E68A4F872
:10E11000ACC023B10022012120469847A66F1EB152
:10E12000002201212046B0472846FFF707FF28B10B
:10E1300094F8AC3043F0400384F8AC30154B1B68C6
:10E14000022B14DC2046BDE8F081124B1B68002B2B
:10E15000F8DD114B40F68F7210490120EBF710F9F2
:10E1600029460F48EBF752F92046BDE8F08140F60A
:10E170009D720A490320084BEBF702F92B46094828
:10E18000D4E90C21EBF742F92046BDE8F08100BF4D
:10E19000B83F0020E44301204C2C0020D061002037
:10E1A000C03F0020003D002008B5FFF777FF10B109
:10E1B000014BC0F8803008BD3D7A01002DE9F043E5
:10E1C00085B00D46044602AE3046FFF7F1FE284604
:10E1D000FFF708FF40BA04F11C02A08596E803008F
:10E1E000FBF7AAFD002851D1606890F81890B9F1AA
:10E1F000000F36D14168071DD0F81480002937D0B0
:10E200007B68002B63D01821012006F08FF80546AB
:10E21000002866D061680A6B002A56D0138A013341
:10E220009BB22B822A600D63EBF75CF894F8AC305C
:10E2300018EB00006C6043F0080341EBE87184F8D0
:10E24000AC30294B1B68032BC5E902012BDC4B4684
:10E250002A8A31467868F8F73FFFE8B105B0BDE893
:10E26000F083C16800F10C07D0F814800029C7D1F1
:10E270001E492046F8F792FB7B68002BC3D11C494E
:10E28000204605B0BDE8F043F8F788BB204605B04E
:10E29000BDE8F043F7F772BC1649786805B0BDE8F1
:10E2A000F043F8F77BBB144B40F271121349042082
:10E2B000EBF766F82B8A616B01933B68104800937B
:10E2C000DDE90232EBF7A2F8C1E70123A9E71A461C
:10E2D00000F01CF878600028D1D00A4BC0F88030DC
:10E2E00091E709492046CCE7E4430120F0420020B1
:10E2F0001C43002058430020142D0020D061002032
:10E3000034430020994F0100284300202DE9F041BB
:10E3100019B11F460B780D46ABB93D4B1B68002B5E
:10E3200003DC00242046BDE8F0813A4B40F67A72C7
:10E33000394901200024EBF723F83848EBF766F859
:10E340002046BDE8F081016C064601209046B031C0
:10E3500005F0ECFF044600284BD0F3690422466028
:10E3600001332F494363F3614FF400734367436400
:10E370004365336830600360284608F031F8B0FA2E
:10E3800080F0B4F8AC304009214A23F48173C4F81A
:10E39000788000021268E76740F00200022A40EA33
:10E3A00003004FF0FF33A4F8AC00236313DCD4F870
:10E3B00080301BB12A46012120469847A36F1BB12C
:10E3C0002A4601212046984720462946FFF7F6FEB7
:10E3D0002046BDE8F08140F684720F4903200D4BC2
:10E3E000EAF7CEFF2B460F48D4E90C21EBF70EF8E5
:10E3F000DDE7074B1B68002B93DD064B40F67C7274
:10E4000005490120EAF7BCFF0748EAF7FFFF89E763
:10E41000E4430120802C0020D06100205C3C0020DF
:10E42000B83F0020003D00206C4C0020EAB16FEAAC
:10E43000000C00B501EB020E0C4A11F8013B83EA17
:10E440000C00714500F00F0052F8200080EA1C1CFF
:10E450008CEA131303F00F0352F8233083EA1C1CD9
:10E46000EBD16FEA0C005DF804FB7047103100201F
:10E470002DE9F04F3E4B83B01E6802AF46B93D4BCD
:10E480001B68002B53DC30460437BD46BDE8F08FD7
:10E49000D36881468846144623B3B1FBF3F503FBEA
:10E4A00005F515B3DFF8E4A02A4623694946DAF8F2
:10E4B00000009847A84506461CD82F4C42464946BE
:10E4C0002068FFF7B3FF2B4B20601B68022B3DDC5D
:10E4D000DAF80030304604374344CAF80030BD460D
:10E4E000BDE8F08F0D46002DDCD1A8452E46DFF8A3
:10E4F0009CA0E2D9E668EB46FF21F31D324623F0EB
:10E500000703ADEB030D02AB184607F091FEA8EB35
:10E51000050209EB050103F06DFB0146DAF8000086
:10E52000324624692844A0470646DD46C5E7134B1A
:10E530004FF4E87212490120EAF722FF1148EAF786
:10E5400065FF30460437BD46BDE8F08F0B4B4FF4F6
:10E55000EE720B490320EAF713FFDAF80010434686
:10E560004A46A1EB080108480096EAF74FFFAFE7DB
:10E570002CD90120E443012008D90120D82C002007
:10E58000D0610020E04100200842002004D9012091
:10E59000014AFFF76DBF00BFD844012082B002AB33
:10E5A00003E9030003780146019A2E2B20D0002AAC
:10E5B00018BF002B14BF012000201DD0013104E042
:10E5C000013A01F1010111D083B15C2B18BF2F2B4F
:10E5D0000B78F5D1012AF3D02E2BF1D191F801C09F
:10E5E000013A0131BCF12E0FEFD1002002B070478B
:10E5F00040782E28DBD1F8E70120F7E72DE9F04F2E
:10E600001346A9B00F461C6806925B6952680490D5
:10E6100007920593002B00F059812046002C00F052
:10E620005B8108F08DFC0346002800F091810020FA
:10E63000FA68814682460392224625460021AE466C
:10E6400015F8016B2C2E7FD001318B42F7D85B1A65
:10E6500004EB010E0025904612F8016B3D2E00F0F0
:10E66000898001358D42F6D1039A002A79D001259F
:10E670002046A046BE688946A84CAA4605F1FF3B45
:10E68000013E621EA34402E0934500F0848012F82C
:10E6900001CF16F8014FA445F6D07446002BCBD11C
:10E6A0004B469F4A642100900FA8F7F77FFB831C1D
:10E6B0000246632B00F24E8100238DF89F30002824
:10E6C00073D1F968514500F284800FAB00250D939A
:10E6D00064238DF89F500E930DAB93E80300FFF772
:10E6E0005DFF002800F03E810FA808F029FC0128FA
:10E6F00059D90FAB034402E001281D7053D013F821
:10E70000012D044601382F2AF6D0D7E902322AB16A
:10E7100019782F2902D1012A00F0A0800022059B40
:10E720000FA81B68114698477E4B05461B68032BB4
:10E730005CDC002D6DD1069B0FAA39460498FAF7D0
:10E7400019FA29B0BDE8F08F8B42A3EB010640F225
:10E750001381AE46731E00297FF47CAF039A002A12
:10E7600085D12046894674464FF0010A002B7FF47C
:10E7700063AF95E7A942A1EB050640F2FB80904606
:10E78000711E002900F0FA80039AAA4285D3BE6860
:10E79000002D7FF473AF7446AA4640468946002B8D
:10E7A0007FF44AAF7CE70446AFE700F1A00169447B
:10E7B00011F8650C2F2884D02F2001F8640C02F189
:10E7C000A1010132694401F8643CF96851457FF6C2
:10E7D0007CAFB86800230FACA1EB0A010093504452
:10E7E000C2F164032244FAF7C9FE6EE74E4B40F6CD
:10E7F0007A024E490420EAF7C3FD0FAB0499019554
:10E8000000934B48496BD7E90232EAF7FFFD002D30
:10E8100091D06A077DD4002D93DB079C002C8AD011
:10E820000FA808F08DFB0FAB0A902046099308F063
:10E8300087FB0BAB09A9CDE90B40002400940CCB5E
:10E8400003C9FAF711FC00283FF475AF394B224693
:10E8500040F2F5110498F8F757F872E731490425AA
:10E8600009680329C2DC991811F8011C2F2940F00E
:10E8700087800FABC4F164082F4A1E194146304609
:10E88000F7F794FA30B10022059B0FA81B681146D8
:10E89000984760B9294A41463046F7F787FAF0B100
:10E8A0000022059B0FA81B6811469847B8B10028A5
:10E8B000FFF647AF4307B0D5214B40F29311214AF1
:10E8C0000498F8F721F829B0BDE8F08F1E4B2046D8
:10E8D0000593002C7FF4A5AE2346A246E1E641460F
:10E8E0001A4A3046F7F762FA70B1059B00220FA86A
:10E8F0001B681146984738B104F1A0030DEB0304DF
:10E90000002304F8593CD2E700239D423370D3DA48
:10E9100017E7FA68002AACD0BB68A4E7443D0020A2
:10E92000BC3C0020E4430120AC2C0020D06100203E
:10E93000C83D0020843F0020183E0020243E0020D7
:10E94000443E00201C4F0020BC430120343E0020E8
:10E950008246A6E6104B4FF4C871104A0498F7F7A8
:10E96000D3FFEEE60E4B4FF4C8710C4A0498F7F74C
:10E97000CBFFE6E6314604E733466BE6294673E60D
:10E98000049C08492046F7F7A7FF94F8AE306FF3D0
:10E99000000384F8AE30D4E6A43D00201C4F0020D4
:10E9A000B83D0020DC3D002040BA80B2704700BF77
:10E9B00000BA7047F0B5164685B090F8AC20054611
:10E9C0000F4630461946C2F340026B46F2F76EF826
:10E9D0000446694628462246F8F728FB18B904463B
:10E9E000204605B0F0BD324639462846F8F71EFBF2
:10E9F0000028F5D0184B1B68032B1FDC95F8AC30B2
:10EA00009B0717D5A86CA8B12B6D9B1B18448EB122
:10EA1000751E421EC0F101070544BB1812F8011F04
:10EA200003F00303AA42034413F8043C83EA0103FE
:10EA30001370F2D13444204605B0F0BD074B0420DA
:10EA400044F62B420649EAF79BFC3B4632463146E8
:10EA50000448EAF7DBFCD1E7E4430120582C00200E
:10EA6000D0610020E852002007292DE9F04FD0F8AE
:10EA7000846087B002D007B0BDE8F08F40F2022377
:10EA8000B0F8AC2004461340022B00F07A81236CCE
:10EA90000022A06B9B1B0292012BCDE90022EAD938
:10EAA0008119875D4D788DF8007045F3421205F0AD
:10EAB0007F057D2D02F0040200F219819342C0F01F
:10EAC0001681901C0295019005EB00084345D2D3B6
:10EAD000AAB101449DB105F1FF3C481EC1F1010EF0
:10EAE0008C440EEB000310F8019F03F00303604514
:10EAF000A3EB0203CB5C83EA09030370F1D1B8F105
:10EB0000000FB8D0DDF8048007F00F09A26B08EB06
:10EB1000060308EB050A049502EB030B8DF814704D
:10EB2000CDF80CB0B9F10A0F07D8DFE809F0551F8E
:10EB30001F0606060606C29E72004A4694492046F3
:10EB40004FFA87FBF7F72AFFB9FA89F7BBF1000FF5
:10EB50004FEA571780F2E880002F40F0E5805246D8
:10EB6000314604F13800F6F703F890E74FFA87FBD7
:10EB7000BBF1000FC0F2F58008F1FF3204F1380854
:10EB8000711C0027404601926E18F5F7F1FF3B46D5
:10EB9000C4F884601F40002F3FF479AFA36B721E4E
:10EBA000D4F8805013F8011B04928DF814100393CD
:10EBB0001DB103AA0D212046A847A36F1BB103AACC
:10EBC0000D21204698473246002640460021F5F7A1
:10EBD000CFFFC4F884605AE7D4F880301BB103AA91
:10EBE0000E2120469847A36F1BB103AA0E21204691
:10EBF00098474FFA87FB0127424604F1380831460F
:10EC00002E44404607EADB77F5F7B2FFC4F884608C
:10EC1000C1E7D4F880301BB103AA0E2120469847E3
:10EC2000A36F4FFA87FB1BB103AA0E21204698471A
:10EC3000BBF1000F93DB0027711C08F1FF3204F1D8
:10EC400038084E1901924046F5F792FFC4F88460E7
:10EC50004FEADB73B9F1000F9CD0002B9AD02A4603
:10EC600031464046F5F784FF95E74A4B1B68022B77
:10EC70006BDC0A2359462A462046FFF79BFED4F850
:10EC800080301BB103AA0E2120469847A36F1BB109
:10EC900003AA0E21204698474FFA87FBB9FA89F755
:10ECA000BBF1000F4FEA5717C6DA002F3FF457AFFA
:10ECB000C2E7384B1B68022B3BDCD4F880301BB119
:10ECC00003AA0E2120469847A36F1BB103AA0E2169
:10ECD0002046984708232046DDE90312FFF76AFE25
:10ECE00094F8AD3043F0100384F8AD30D4E77E2DB6
:10ECF00011D002F10A0083420AD3D1F806500190E4
:10ED00002DBAB5F1804F029503D907B0BDE8F08F59
:10ED100000250198D8E6101D8342EAD34D88019062
:10ED20006DBAADB20295CFE6B9F1000F3FF464AF12
:10ED300082E719490320194B44F66742EAF720FBA2
:10ED4000616B1748EAF762FBB7E713490320134BDF
:10ED500044F65B42EAF714FB12491348EAF756FB04
:10ED600087E7D4F880301BB103AA0D2120469847CD
:10ED7000A36F002B3FF4E8AE03AA0D21204698476D
:10ED8000E2E6F8F703F900283FF481AE73E600BF2E
:10ED9000B0520020E4430120D0610020F02B00207D
:10EDA000A052002098520020C43F00200CB42DE94E
:10EDB000F0410F460646A6B0474938460024F5F70D
:10EDC0005DFB464BC6E92034002873D00546444914
:10EDD0003846F5F753FB2DAB80460FA80193414B06
:10EDE0000F9303F18833109303F12943A3F596138E
:10EDF000A3F68B631193A3F1883312933A4BD5E9B1
:10EE0000001213930DF10705CDE91444F8F718FB30
:10EE100024220FA83549F8F713FB0FA902A8F8F729
:10EE200057FB22468DF81C400DF11B0415F8010F0D
:10EE300007A9F4F7FDFE0246A542F7D106F1480402
:10EE4000014607A8F4F776FF07AB294A214629486F
:10EE5000F7F7B4FC2C9B2BB101AB21462C9A25482B
:10EE6000F7F724FAB8F1000F05D023493046D8E966
:10EE70000032F7F731FD022220493046F8F7D6F884
:10EE8000D6F8AC30D6F8804023F4813343F40073D5
:10EE9000C6F8AC301CB13A460C213046A047B36FDF
:10EEA0001BB13A460C213046984726B0BDE8F041E8
:10EEB00002B07047124B4FF4D571124A3046F7F743
:10EEC00023FD96F8AD3043F0100386F8AD3026B040
:10EED000BDE8F04102B07047FC52002069C8010053
:10EEE0002853002001234567F0E1D2C3405300209E
:10EEF00068530020C1280100D0530020143E002098
:10EF0000105300201C4F00202DE9F047204B4FF0FC
:10EF100000720A25DFF884901E4EDFF884801E4FB1
:10EF20005A60D9F8004040F6370106EBC4034FEAB7
:10EF3000C40A5A8893B212F4004F03EA010320D1A5
:10EF4000B3F5006F0CD136F8341004EB44003A6886
:10EF500089B208EB4020042988BF0439F6F7BEFCCB
:10EF600006EB0A02013400215388032C9BB294BFA4
:10EF7000C9F80040C9F80010013D43F40043538034
:10EF8000CFD1034B4FF080721A61BDE8F08700BF0C
:10EF900000802D40C06201201CD9012028D9012009
:10EFA000C04A01202DE9F0470D46904604464368CB
:10EFB0004FF4004200212846984723680021284644
:10EFC00098470304F9D40221236828469847236808
:10EFD00006460321284698474B4B07461B68012BE2
:10EFE00049DC4AF23123A6F500599F42B9FA89F962
:10EFF0004FEA591921D1B9F1000F1ED06368284694
:10F000001F220D219847636828464FF4B8720E21DD
:10F0100098476368284644F21F020D2198476368A9
:10F0200040F20D120E212846984718F0010F02D029
:10F03000B9F1000F17D1BDE8F08718F0020FF4D135
:10F040004AF231239F4244D0B9F1000F41D045F636
:10F05000A2439F42E9D0636881221721284698473E
:10F0600018F0010FE7D0636828464FF4207218218A
:10F07000BDE8F0471847254B44F649622449022071
:10F08000EAF77EF9222E39D00CD8072E1DD0214B5D
:10F09000214A1C2E18BF13463A4631461F48EAF74C
:10F0A000B5F99EE7B6F5005F11D14AF240139F42D1
:10F0B00026D04AF231239F4224D045F6A241184B74
:10F0C000184A8F4218BF1346E6E7174BE4E7124B86
:10F0D000E2E7222EA9D123680021284666689847D6
:10F0E00020F48060002182B22846B0476368284639
:10F0F00048F280121F21BDE8F04718470B4BCBE7C1
:10F100000B4BC9E70B4BC7E7E4430120282900203C
:10F11000D0610020804200208842002090420020E0
:10F1200060420020704200207842002050420020BF
:10F130006842002058420020F0B53B4A4FF400419D
:10F140003A4D06463A4802F5C064698083B06A6069
:10F15000066002F5406002F590526981EC606982B8
:10F1600068616983EA616A8B324B92B2324FD6F89A
:10F1700028C042F400526A8303F5C0627B60FA60E3
:10F1800003F5406203F590537A61FB617B8B2B4A58
:10F190009BB243F400537B8301235362536ADB0722
:10F1A000FCD4BCF1000F09D0DCF80030002B05DBEB
:10F1B0005B0003F07E0343F4807301E04FF4987327
:10F1C0001E4C1F4A63646B4692E80300012283E8E9
:10F1D000030018469CF80410FFF7E4FE194B4FF4A7
:10F1E00081704FF08072C4F884300423C4F8C430B6
:10F1F0004FF4C063C4F88051C4F88471C4F88831F6
:10F20000737931791B0443EA01634FF00071C4F84C
:10F21000E83033681BBAC4F8E43060620120A160B2
:10F220002261626103B0F0BDC04A0120C0620120CA
:10F230001CD9012000630120007B012000802D40AB
:10F24000DC0A00200401EE052DE9F0410D460646DA
:10F250001F460121036828469046984700F0240382
:10F26000202B03D13368012128469847B8F1000FBD
:10F2700018BF002FC0F380040DD064B133680221A1
:10F2800028469847B0F5005F17D0222806D00728F7
:10F2900029D01C2833D02046BDE8F08133682846A9
:10F2A0001E219847C0F3800300F0030088F8003067
:10F2B000013818BF01203870EDE733680321284674
:10F2C00098474AF2312398423368284623D01021C8
:10F2D0009847C0F3800380F0020088F80030C0F344
:10F2E00040003870D7E7336828461F219847C0F39D
:10F2F0000013C0F3C00088F800303870CBE73368E3
:10F30000284600219847C0F30023C0F3403088F816
:10F3100000303870BFE711219847C0F3403388F8B8
:10F320000030030454BFC0F3873002203870B2E7C6
:10F3300070B50C4684B011B9204604B070BD274B9F
:10F34000054602AC002293E803008DF806200DF17B
:10F3500006038DF807200DF1070284E80300A96A6F
:10F3600020460979FFF770FF95F884300446002B9A
:10F37000E2D10028E0D01A4B9DF80620D3F8C460F3
:10F38000D3F8845025F400750AB945F400759DF84A
:10F39000073003B346F00406114B124AC3F8C460A9
:10F3A000C3F884501368022BC6DD0F4944F6E852B7
:10F3B0000E4B0320E9F7E4FF15F4007F0C4B14BF5C
:10F3C0000A21642116F0040F0A4A0B4808BF1A46A6
:10F3D000EAF71CF8B0E726F00406DDE7DC0A0020B7
:10F3E00000802D40E4430120D0610020202B00202C
:10F3F0008C4400208444002094440020024B00EB05
:10F40000400053F830007047F00500200000000075
:10F4100010B42F23124C02E014F8013F3BB110F856
:10F4200001CB9C45F8D000205DF8044B7047007874
:10F4300068B911B14CF66B430B6022B106A1D1E95A
:10F440000001C2E9000107485DF8044B7047184607
:10F45000EAE700BFAFF3008086CAE767000000005C
:10F4600040520020686300202DE9F04385B00F462C
:10F4700004AB03E9030009B3134E8046134D06F1B4
:10F480000C0929680846019107F05AFD04460199C4
:10F490004046A74222460CD306F0A2FF48B9A74235
:10F4A00003D918F804302F2B03D1284605B0BDE846
:10F4B000F0834E4502D056F8045FE2E70025284667
:10F4C00005B0BDE8F08300BF085600208C44012041
:10F4D0002DE9F04F8946116887B00B1D13600B466C
:10F4E00053F8084B136023684A680592002B72D0CA
:10F4F00000258046DFF820B12E4611E0A268002AE0
:10F500005FD0DAE90001CDE9000149464046F7F74E
:10F5100055F9049D054454F8183F0136002B38D0A6
:10F52000E76800222E49404602932E4B01929642F4
:10F5300018BF0B462C495A460091059901EB070A62
:10F540004946F7F73BF9431965682849284604936B
:10F5500007F0AAFA08B32649284607F0A5FA0028BA
:10F56000CCD02449284607F09FFAD0B9059B224AFF
:10F57000D95D224B002908BF1346214A494640461F
:10F58000F7F71CF9049D54F8183F01360544002B89
:10F59000C6D1284607B0BDE8F08F059B194ADB5954
:10F5A000ECE72846184907F07FFA60B90E4B494648
:10F5B000164ACDE9000A4046F7F700F9049D0544D4
:10F5C000A9E7134A9DE7134A49464046F7F7F6F87C
:10F5D000049D05449FE71D46284607B0BDE8F08F0F
:10F5E000C41F00201C4F00206DE700000C550020B8
:10F5F0001055002018550020B03F0020A03F0020EB
:10F60000C43F00200C1F002020550020285500205A
:10F6100000550020A83F00200455002013682DE964
:10F62000F04F0F46191D03F10C0C87B011601946FD
:10F630008246012051F8089B0646DFF8B4B01160FD
:10F640005C68D9F81C1025686468C2F800C0002204
:10F650009B68039504940292D3E9004504F066FE8A
:10F66000804611E0CDF804803946D9F8182050467C
:10F6700000921D4AF7F7A2F8029B0344029301345B
:10F6800006F1010645F10005039B204642469C42D7
:10F69000049B75EB03031FD2D9F820302946984705
:10F6A000012E124A5B46DDD039465046F7F786F800
:10F6B000CDF80480D9F818303946059050460093AB
:10F6C0005B46094AF7F77AF8059B142E034418465F
:10F6D000029B03440293D2D1404604F08DFE02986F
:10F6E00007B0BDE8F08F00BFF8540020C41F002011
:10F6F000D1D20100052918D9052270B50C4682B077
:10F700000B49054606F06CFE60B96E46691D621F26
:10F710003046F9F7E1F996E8030002B0BDE8704021
:10F72000FFF7A2BE002002B070BD0020704700BFEE
:10F73000FC3500202DE9F04190F8883084B0044673
:10F7400000F18806A3F15503B3FA83F35B09072997
:10F7500014BF002503F00105BDB9092900D113B973
:10F7600004B0BDE8F081D0F8983080F888501BB123
:10F77000D0F8940000B198470023C4F88830736033
:10F78000B360F36033617361EAE7D0F88C30002B2B
:10F79000E6D0076C002FE3D0D0F890203A44934293
:10F7A00048D927F4FF7727F00107002F42D1DFF86F
:10F7B0001C81D8F80030022B65DC3A46394604F14A
:10F7C0003800F5F7D5F9D4E923319942C8D3D8F8F0
:10F7D0000030012B0EDD364B4FF498723549022074
:10F7E000E9F7CEFD616BD4F890203348E9F70EFEBF
:10F7F000D4F89010314B002200912046C821F7F731
:10F8000083F80022D4F8983084F888201BB1D4F80B
:10F81000940000B198470023C4F888307360B36047
:10F82000F3603361736194F8AD3043F0100384F8F2
:10F83000AD3095E7D4F89C303A46A16BD4F89400EB
:10F840009847D4F89030DFF8848005463B44C4F8EC
:10F850009030D8F80030022B15DC3A46002104F134
:10F860003800F5F785F9002DADD1154B4FF4C8716F
:10F87000144A2046F7F748F8D4F8983084F88850AE
:10F88000002BC4D1C7E70A4B40F2271209490320D5
:10F89000E9F776FD0295D4F88C303A460A48019390
:10F8A000D4F890300093236C616BE9F7AFFDD4E797
:10F8B0003429002074620020C8620020DC6200202D
:10F8C000B86200201C4F002094620020E443012015
:10F8D00070B586B01C461346EC460A9D8CE80300C2
:10F8E00002A89CE80600F5F7D3FC039A012A03D985
:10F8F00002990B78222B01D006B070BD04AE013105
:10F90000023A3046F9F7E8F82B46224696E803001B
:10F9100006B0BDE87040FAF7A5B900BF2DE9F04F79
:10F920000A2990F8AD70C3B00446154607F00207E7
:10F9300002D1002F00F0A280022900F089800B295B
:10F9400057D1002F52D194F88830002B4ED1A846C1
:10F950000DF16809E96858F8080FFFF7CBFEB849C0
:10F9600006464846F9F7ACF8009799E80C0098E885
:10F970000300F9F779FB002840F0F0800DF17009E1
:10F98000B0494846F9F79CF8009799E80C0098E8C8
:10F990000300F9F769FB002800F0E7803A462946A2
:10F9A0002046FFF703FAA84B1B68022B1EDDA74B6E
:10F9B0004FF40D72A6490320E9F7E2FCEB680093CF
:10F9C000AB680193236DA06CD5F804220F2B00F1D6
:10F9D000090005930292616BD5E9003204908CBF57
:10F9E0000320002003909B48E9F710FD43B0BDE8D9
:10F9F000F08F0D2908D101232046D5E9001243B02C
:10FA0000BDE8F04FFEF7D6BF0529EFD1E36F002B1D
:10FA1000ECD016AD2422002129A806F009FC2846C6
:10FA20008D49F9F74DF82BAB95E8030083E8030007
:10FA300028468A49F9F744F82DAB95E8030083E896
:10FA4000030029A92046FAF7F1FA43B0BDE8F08F88
:10FA5000002FCBD194F88830412BC7D1D4F88C300B
:10FA600098470028C2D17E4BC8217E4A2046F6F72F
:10FA70004BFFC4F88870C4F88C70B7E790F88830F2
:10FA8000002BB3D1D2E90201FFF734FE064600286D
:10FA9000ACD047687449384607F006F828B1734976
:10FAA000384607F001F80028A0D1D6F820800DF1E3
:10FAB000800A6F490DF1880B5046D6E9069700265B
:10FAC000C4F88860C4F88C60C4F89060C4F894608E
:10FAD000C4F89860C4F89C60CDE92266CDE924663C
:10FAE000CDE92666F8F7ECFF05F10801CDF800B086
:10FAF0009AE80C0003C9F9F7B7FA642329AA00961B
:10FB0000DDE92401F9F73AFDD5F8041229A8C84720
:10FB10004D4BC4F894001B68022B62DC552384F81B
:10FB2000883000286FD0D5F804320021D5F80C2297
:10FB300004F13800C4F88C30C4F89870C4F89C8084
:10FB4000F5F716F84B48002304F14002A06707219F
:10FB50002046C4F88030F4F781FA47E7464BC821C5
:10FB6000404A2046F6F7D0FE1DE70DF178094349DB
:10FB70004846F8F7A5FF009799E80C0098E80300BD
:10FB8000F9F772FA00284CD1002E00F091807768C6
:10FB90003B49384606F088FF002800F09D8039492F
:10FBA000384606F081FF002800F096803649384636
:10FBB00006F07AFF0146002800F0AB803349384652
:10FBC00006F072FF002800F06A813149384606F0DD
:10FBD0006BFF002840F07481B3692946204698479E
:10FBE000E1E62C4B4FF4A47219490320E9F7C8FB56
:10FBF000294829A9D4F89430D5F80422E9F706FC5D
:10FC0000D4F894008AE7254B4FF4C871154A204672
:10FC1000F6F77AFE94F8AD3043F0100384F8AD3077
:10FC2000E4E61F4920461F4A1F4B019709680292CC
:10FC300000930391C8211D4B0A4AF6F765FEB2E610
:10FC4000F437002004380020E4430120982A0020E3
:10FC500074620020C0380020E0380020BC3A002048
:10FC6000A03F0020B83700207037002078370020F0
:10FC70007C37002035D50100FC37002010380020EB
:10FC8000343800203C380020543800208C380020C4
:10FC9000943800206429002088370020A4370020F1
:10FCA0000CD901202C3800206DE7000020380020FE
:10FCB00094F88830002B7FF476AE904B2946904A1A
:10FCC00020462E938F4BCDE9292729AA2B93CDE9E6
:10FCD0002C77FEF793FC66E6F169012004F026FB21
:10FCE000336A80469847D5F8043213B1F269002A86
:10FCF0005BD1CDF808802046B269C821824B0192C1
:10FD00000093824A824BF6F7FFFD404604F074FBF5
:10FD100049E6242229902AA822AF06F089FA4FF05A
:10FD2000000AB36A4FF0000B9847282329AA0DF167
:10FD30008008CDE91801774905F11000CDE920AB25
:10FD4000F9F794FC29A93846F8F7BAFE08230A22E5
:10FD50000093434697E80300F9F7C4FA08B9CDE9E0
:10FD600020AB18AB6C4800216C4A0E9069480D918D
:10FD700008906B4807910191C8210C92069200925D
:10FD800002902046614ACDF84880CDE91063DDE954
:10FD90002067644BCDE90A67DDE918670F93624B72
:10FDA000CDE90467F6F7B0FDFDE511460120159297
:10FDB00004F0BCFA159A4146824601F01BFFB76970
:10FDC0003B68002B4CD04FF01809A34618E0574968
:10FDD000204606F069FE002831D05549204606F03D
:10FDE00063FE002833D02046524906F05DFE00280D
:10FDF0004BD0B76957F809304F4409F1180973B36C
:10FE000064214D4A29A8F5F7D1FF7C684B4920466B
:10FE100006F04AFE0028DAD105F5007122AB29AAC6
:10FE200003C9F5F751FA0028E3D0FB689DED227B6A
:10FE3000BDEEC77B17EE102A4AF80320D9E7FB680E
:10FE400029AA5344D5E98001F5F766FAD1E7FB68A2
:10FE500029AA5344D5E98001F5F736FAC9E75C468B
:10FE6000F2695146404606F037F918B1344A136832
:10FE700001331360736A0BB150469847504604F043
:10FE8000BBFA336A4046984733E7D7E9033200921A
:10FE9000534429AAD5E98001FFF71AFDA9E7D5F84F
:10FEA0000422D6E90673A2B11146D5F8000298479C
:10FEB000B847E0B14123C4F88C7084F8883072E50B
:10FEC000204B4FF4FA71114A20460097F6F71CFDBB
:10FED00069E5B8471C4B1D490C4A002808BF194664
:10FEE0001B4B20460091C821F6F70EFD5BE5164B33
:10FEF000C821064A2046F6F707FD54E59443012041
:10FF0000B4380020D8370020D1D20100B837002003
:10FF10004C3800205C3800203C3800206DE70000A1
:10FF2000843800201DD401006438002018550020BA
:10FF30001055002020550020443800200C5500208A
:10FF40000CD901209C380020B03F0020A03F0020A9
:10FF5000C43F00200FB4F0B585B00AAD02AC55F82F
:10FF6000047B20463946F8F7ABFD94E80300FFF721
:10FF70007BFA019530B3466804462E49304606F0B8
:10FF800093FD40B90B9B23626B68636205B0BDE8CB
:10FF9000F04004B070472849304606F085FD20B394
:10FFA0002649304606F080FD40B32549304606F02C
:10FFB0007BFD18B32349304606F076FD50BB0B9B02
:10FFC000A361E3E7204B1B68002BDFDD1F4BA7225B
:10FFD00001201F49E9F7D4F939461E48E9F716FA16
:10FFE00005B0BDE8F04004B070470B9A6B68C4E9F7
:10FFF000062305B0BDE8F04004B07047019BD3E98B
:02000004600298
:1000000000129B68C4E90612236205B0BDE8F04007
:1000100004B070470C4B1B68002BB7DD01200B4B65
:10002000B9220B49E9F7ACF939460B48E9F7EEF983
:10003000ACE700BF3C3800208C3800207837002027
:100040007037002094380020E4430120642C002005
:1000500074620020345400204C54002010B5134822
:10006000F5F728FD124C0320124B40F23E321249A4
:1000700020600220E9F784F91048E9F7C7F9002366
:100080000F4A10490948FEF78FF82368012B00DC5E
:1000900010BD0220074B40F262320749E9F770F9C0
:1000A0000948BDE81040E9F7B1B900BFB8D5012053
:1000B000E44301203C2B002074620020F053002018
:1000C0001DD70100085400201C5400200A210148BB
:1000D000FDF7F4BBB8D5012008B5F8F7E5FC044BF3
:1000E000D3E900239042994134BF0120002008BD8C
:1000F000E87D0120104B00B51B6883B0022B02AADB
:1001000002E903000BDCF8F7CFFC10F57A700B4B1B
:1001100041F10001C3E9000103B05DF804FB0D22C9
:1001200007490320074BE9F72BF90748DDE90021D0
:10013000E9F76CF9E7E700BFE4430120E87D01201F
:10014000503600204C2B00207036002008B5F8F700
:10015000ABFC044BD3E900239042994134BF01200A
:10016000002008BDE07D0120104B00B51B6883B066
:10017000022B02AA02E903000BDCF8F795FC10F54C
:100180007A700B4B41F10001C3E9000103B05DF847
:1001900004FB162207490320074BE9F7F1F807484B
:1001A000DDE90021E9F732F9E7E700BFE443012088
:1001B000E07D012050360020A82A00207036002063
:1001C00070B5064608460D46F5F7A6FD0A4B0446EF
:1001D0001B68022B01DC204670BD084B1C2203204B
:1001E0000749E9F7CDF823462A4631460548E9F79D
:1001F0000DF9204670BD00BFE443012070290020A6
:10020000503600202C36002010B5002184B0064C5A
:100210004FF4FA72029000230448CDE90014F5F778
:1002200017FA012004B010BD253B0100B8D501200C
:100230000F4B1B68022B70B50C46154605DC294692
:100240002046BDE87040FEF7A3B90646094B2422BC
:1002500003200949E9F794F831462B46224607481E
:10026000E9F7D4F829462046BDE87040FEF790B97A
:10027000E44301204429002050360020403600206D
:100280005422024908B501F0B5FC08BDF044012034
:1002900001465422024808B501F0ACFC08BD00BF7D
:1002A000F044012001207047B0F84630B0F84820F3
:1002B0009BB292B2934202D2013AD01A7047416B7C
:1002C00001390A44D01A7047016972B6B0F84A2061
:1002D000B0F84C3092B29BB29A423CBF806B12187D
:1002E000C86AD31A62B6C0F302601844704700BFF0
:1002F000B0F84A100246B0F84C3089B29BB299422D
:1003000010B4046914D00133906B116B984298BFFC
:100310000023994206D85B1A526AD05CC0B25DF8DD
:10032000044B7047126A5DF8044BD05CC0B2704752
:1003300072B6B0F84A0080B2814201D062B6E2E7FC
:10034000E36A13F0E06F03D14FF0FF3062B6E6E7E7
:10035000E36901200024116AA2F84A00C3F30900EE
:10036000DBB2A2F84C404B70F0E700BFB0F84A1087
:100370000246B0F84C3089B29BB2994230B404695D
:1003800025D00133946B9C4216D9106B1FFA83FC65
:10039000984217D9106AC05CC0B2956DA2F84CC0E3
:1003A00045B199421CD3CB1AD16B994202D3D36D7C
:1003B000C5F8883030BC70474FF0000C106B6346B6
:1003C0009842E7D8181A556A285CC0B2E5E7084693
:1003D00072B6B2F84A1089B2884204D062B6D0E749
:1003E0000C44E31AE0E7E36A13F0E06F03D14FF047
:1003F000FF3062B6DEE7E069C0F30900F9E700BF4D
:1004000090F8443043B110B5044603F05FFA94F815
:100410004430002BF9D110BD704700BF38B5D0E98A
:100420000453D3E903120968114228D090F84420FC
:10043000044632B103F04AFA94F84430002BF9D163
:10044000636900210E4AA961207E03EB0010007D44
:1004500002EB0010456805202860657E03EB05135C
:1004600093F8343002EB0312A36D52681060A4F8C5
:100470004A10A4F84C1013B1E26DC3F8842038BDC3
:100480000432002007EE901A9FED9A7A0421B6EE0E
:10049000005AF8EE677A9FED986A41F6FF7CC7EE46
:1004A000275A2DE9F0478E460569012407EE901A78
:1004B000F8EEE77A85EEA77A77EE057AFDEEE77A31
:1004C00017EE903A6345A8BF6346012BB8BF0123DE
:1004D00007EE903AF8EEE76A76EEC76AC6EE877ADC
:1004E000F5EEC07AF1EE10FA48BFF1EE677AF4EE5D
:1004F000C67AF1EE10FA03D8B0EE676A8E461C4653
:1005000001312129D2D10021436902F40076A0F8FB
:100510004A10B3F85AC08E42A0F84C10B3F8586095
:10052000A0F84610A0F8481080F84410816BDF68EE
:10053000A1EB0606A1EB0C01C0E90F6139681E6949
:1005400041EA0601396014BF01210021817640F0A3
:10055000AC80017E694E03EB0118DFF8C09198F87A
:100560001470D8F81CA006EB0717B968C1F8009002
:100570007968D8F818700F60BAF1000F03D0D8F876
:100580002010CAF80010477ED92103EB071898F80D
:1005900034C006EB0C1CDCF808703960DCF8041081
:1005A000D8F838700F60417E03EB0111CF6B0FB1AB
:1005B000096C39600EF1FF31BEF1080F4FEA01619D
:1005C000CCBF4FF0000E4FF0010E01F0F85144EA9D
:1005D0004E4421435C682961597801F110030021E0
:1005E000E960474941F8234041694FF0010E454C0D
:1005F00002F0030C4F7891F85610434B39554FF0E9
:1006000002174469617803EB511301F01F019B004D
:100610000EFA01F11960EF62AB6A43F08803AB6236
:1006200053073ED44CF4701302F00F01042908BFA5
:1006300043F0804397062ED5817E43F080530029F6
:100640003AD11607AB6103D52B6943F000532B61F8
:100650006B69D10623F0805348BF43F080536B6130
:10066000D30503D52B6943F400532B61A36883B1F1
:10067000264E3478002C3AD0611E254DC9B22B1F6E
:1006800005EB810101E0994225D053F8042F9042F7
:10069000F9D1BDE8F087817E0029D2D043F0A003D4
:1006A000CFE71C4B4CEA0303BEE7477E4FF2D9016C
:1006B000124E03EB07186AE7417E43F0A00304EBF8
:1006C000011191F8341006EB0116B668316821F477
:1006D00040413160B5E7631CDBB20F4A33701378D9
:1006E00045F8240043F002031370BDE8F0870123AE
:1006F000074DF2E7001BB74BEC78AD6004320020E9
:100700000048012000E400E04038003848DA0120C9
:1007100068D0012010003C007ADA012038F0010096
:10072000EFF31380B8B9EFF310834BB9EFF3058201
:100730003AB94FF48073EFF3118050B1984208D268
:1007400070470F2AF7D9054B9B5CEFF31180002807
:10075000F4D1184670474FF0FF30F1E7F0E300E0C6
:10076000B0F84C30826D9BB2A0F84A3012B1C36D24
:10077000C2F88830704700BF10B4416299B1036B72
:100780001A44446900218263B4F85830B4F85A40DE
:10079000D31AA0F84A10121BA0F84C105DF8044BB5
:1007A000C0E90F327047026BEBE700BF816241B1D5
:1007B000C36A1A4400234263A0F84630A0F84830C8
:1007C0007047C26AF6E700BF036D2DE9F0410446A9
:1007D0000F46066913B1426DC3F88420A37E2BB186
:1007E00072B6B36943F00053B36162B6B4F84650D1
:1007F000636BADB20135AB424CD84FF000084546B3
:10080000B4F848309BB29D4219D028E073691B02AE
:1008100010D5B4F84830626B9BB201339A4236D996
:100820009AB2E16A99422DD9E169CB5CDBB2F361FE
:10083000A4F84820B4F848309BB2AB420FD1FFF780
:100840006FFF6369B3F856308342DFDAFF28F1DDCA
:1008500003F03CF8B4F848309BB2AB42EFD0E36A07
:10086000AB421AD9FFB2E3695F5572B6012084F832
:100870004400A4F84680B36943F40003B36162B650
:10088000BDE8F0815B1AA16ACB5CDBB2CFE7002246
:100890001346C6E71FFA85F8B2E7ED1AFFB2A36A5E
:1008A0005F55E2E7FFF790BF0269536913F4401FF9
:1008B00070B543D0D36A13F0E06FC3F3026E3AD041
:1008C000B0F84A50B0F84C60ADB2B6B207E0016A79
:1008D00001F803C00EF1FF3313F0FF0E1DD0D169F4
:1008E0006B1C846BB0F84CC0C1F309019C4298BFEB
:1008F00000231FFA8CFC9C45ECD0046B5FFA81FC52
:100900001D469C42A3EB0404E1D8436A03F804C0EB
:100910000EF1FF3313F0FF0EE1D1ABB2A0F84A3075
:10092000836D43B1B54254D3AD1B016CA94202D8CB
:10093000C16DC3F884105369D90245D49669330256
:1009400028D553691D0225D5B0F84650B0F8483077
:10095000ADB29BB206E0C169C95CC9B2D161D16ACE
:100960004C0512D4AB4238D0446B0133C16A9C426F
:1009700098BF00239942A3EB0104ECD8816A095D7A
:10098000C9B2D161D16A4C05ECD599B2AB42A0F89D
:10099000481025D0710216D553695B0213D500218A
:1009A000036D80F8441013B1416DC3F88810837E45
:1009B0002BB172B6936923F00053936162B69369C9
:1009C00023F48003936170BD536943F48013536132
:1009D000B4E7816B891B0D44A7E79BB2A0F84830B0
:1009E000936923F400039361936943F48003936153
:1009F000D0E700BF0148FFF757BF00BF38310120E3
:100A00000148FFF751BF00BF983101200148FFF7AF
:100A10004BBF00BFF83101200148FFF745BF00BFC1
:100A2000583201200148FFF73FBF00BFB832012014
:100A30000148FFF739BF00BF18330120084602F014
:100A4000B1BE00BFF8B504460D46C71D00230846D9
:100A50000A2214F8041F0C4E00F0DCF82B682E203C
:100A60001B68B3420CD102F09DFE14F8011F002355
:100A70000A22284600F0CEF8BC42EFD10420F8BD8F
:100A80002E2128469847F0E73DE80100012A70B57D
:100A900008BF0A228AB091B34FF0210E01E05FFA3D
:100AA00086FE0EF1FF36B1FBF2F502FB15145FFA7C
:100AB00084FC092C0CF137040CF1300C98BF5FFA60
:100AC0008CF40EF1280C88BFE4B29142EC44294624
:100AD0000CF8244CE3D24BB10EF1FF3E2D225FFA0D
:100AE0008EFE0EF128036B4403F8242C036801A941
:100AF000CEF122025B68714498470AB070BD302283
:100B00004FF0210E8DF82520E5E700BF2DE9F041DB
:100B10000C46D1B1EAB180468E1800250E4F04E094
:100B200002F040FEB44205440CD0D8F8003014F86E
:100B3000010B1B68BB42F3D0014640469847B442C4
:100B40000544F2D12846BDE8F0810D462846BDE8AF
:100B5000F0811546F6E700BF3DE801002DE9F041C0
:100B60008C688AB0DCB10025884606462F462B46A5
:100B7000212201A9404600F053FA202C2246336876
:100B800028BF202201A930465B68A41A1544984763
:100B90000744002CEBD138460AB0BDE8F081274667
:100BA00038460AB0BDE8F081002903DB00230A22A1
:100BB000FFF76CBF49422D230A22FFF767BF00BF32
:100BC00000B5036883B040F60D2C022201A95B68D2
:100BD000ADF804C0984703B05DF804FB054B02284C
:100BE00088BF034610B41C68184663685DF8044B60
:100BF000184700BF283101200EB400B582B003AA07
:100C000052F8041B019205F035FA02B05DF804EBCE
:100C100003B070475AB90368C9B2074A1B689342C8
:100C200000B506D108465DF804EB02F0BBBDFFF746
:100C30002DBF5DF804EB18473DE8010000000000FF
:100C4000B4EE400B70B5F1EE10FA05462DED028BB7
:100C500086B07CD6B0EEC07B9FED476BB4EE467B92
:100C6000F1EE10FA6BDC9FED467BB4EEC70BF1EEB4
:100C700010FA5ADC9FED447BB4EEC70BF1EE10FA8C
:100C800053D4B5EEC00B0C46F1EE10FA5BD4002342
:100C9000B6EE007B002C5ED04FF0000C9FED3C6B5D
:100CA0000CF1010C27EE067B5FFA8CF2A242F7D31F
:100CB00030EE070B0A222846FCEEC07BB8EE678BAD
:100CC00017EE901A30EE488BFFF7E0FE0F2C4FF036
:100CD0002E03B2EE046B064628BF0F248DF80830B1
:100CE0000DF1090302AA611E53FA81F128EE060BE9
:100CF000FCEEC07BCDED017A9DF8043007EE903A12
:100D00003033B8EEE78B02F8013F914230EE488B6A
:100D1000ECD12B68013402A928465B68E2B29847FF
:100D2000304606B0BDEC028B70BD2B6803221A4919
:100D30005B6806B0BDEC028BBDE8704018470368E5
:100D400003221649F4E7B1EE400B0123A0E7036844
:100D500003221349ECE730EE070B0A222846FCEE8B
:100D6000C07B17EE901A06B0BDEC028BBDE8704058
:100D7000FFF78CBEAFF30080FFFFFFFFFFFFEF7FA9
:100D8000000000E0FFFFEF41000000E0FFFFEFC1C7
:100D90009A9999999999B93F58240020F03C0020DC
:100DA000FC3C002002F0EEBC02F086BC2DE9F047CE
:100DB000884651B3914662B382460027164C174EBF
:100DC00025680BE002F0DEFC002810DA02F07EFD60
:100DD0002368DAF808205B1B934210D2DAF800305F
:100DE0005B69B342EED0504698470028EEDB0137EE
:100DF00008F8010BB945E3D13846BDE8F087012377
:100E000038468AF80C30BDE8F0870F463846BDE812
:100E1000F0871746F0E700BFF4D90120A5EB0100E9
:100E2000884200DB704730B4124C091A2368EBB1DA
:100E3000114A124D82FB032CDA179C44C2EB2C4260
:100E400044F2A71C05FB12330D4D05FB02F20CFB0F
:100E50000322002A0CDA6FF0004313442360B3FB33
:100E6000F1F201FB123330BC18447047054BF5E733
:100E70001346F3E750D001205F0B4E831DF30100B2
:100E8000ECF4FFFF42CE0C1FF8B500260446C0E983
:100E90000066866029B108460D4606F051F80746FF
:100EA00008B92046F8BD013003F09EFA0028F8D0BA
:100EB000294606702060C4E9017705F05FFF2046EF
:100EC000F8BD00BFF8B588424FF0000504468560C4
:100ED000C0E9005502D08E680F680EB92046F8BDF3
:100EE000701C03F081FA0028F8D0394605702060A4
:100EF000C4E9016605F042FF2046F8BD10B504467E
:100F0000006803F079FA204610BD00BF2DE9F843D0
:100F1000044600680D4616468842A36809D8C218E0
:100F2000914206D20F1A4FF0010936B92046BDE8AA
:100F3000F8834FF00009002EF8D003EB0608626832
:100F400090450CD908F1010103F02AFD0028EDD0ED
:100F5000A368C4E9000813B903702068A368B9F155
:100F6000000F08D12946184405F008FF2046C4F8B0
:100F70000880BDE8F8833246C119184400F03AFEF3
:100F80002368002203F80820F0E700BF38B50546C3
:100F900041B10C46084605F0D3FF024621462846DB
:100FA000FFF7B4FF284638BD10B50B4684B00446A1
:100FB0000A2201A9184600F0EDFE01A805F0C0FFC5
:100FC00001A902462046FFF7A1FF204604B010BD4C
:100FD00010B50B4684B004460A2201A9184600F059
:100FE000D9FE01A805F0ACFF01A902462046FFF793
:100FF0008DFF204604B010BD10B50B4684B00446EA
:101000000A2201A9184600F093FE01A805F098FFF6
:1010100001A902462046FFF779FF204604B010BD23
:10102000C2B170B5B1FA81F60C46760919B185687E
:101030009D4201D80E7070BDED1A02F1FF3C0168AF
:1010400020466545194428BF65462A4605F00EFA34
:10105000665570BD704700BF2A2849D8F8B5254F9E
:1010600004463B78E3B9244B1B5DFF2B29D0234A70
:1010700002EB041291680A6802F44050B0F5805FF8
:1010800030D01C061FD41E4C2360236AD80704D41A
:1010900002F01CFC236AD907FAD5194B586AF8BD2F
:1010A000174D184E01E002F011FCAB6C1B06FAD490
:1010B000B36C13F08003F6D13B700F4B1B5DFF2B1D
:1010C000D5D10020F8BD0F4C03F07F032360236AC5
:1010D000DA0704D402F0FAFB236ADB07FAD5094BDE
:1010E000586AF8BD22F480521C060A60EBD4CAE7A5
:1010F0000020704754DA0120CC5400200432002034
:1011000000400C4000800C40082830B422D00A284F
:101110000CBF4FF405714FF44671104C104D636CC9
:10112000626C2B400F4802F003021A43636C03F019
:10113000E00313430B436364436C426C2B4002F0A7
:1011400003021A43436C03F0E0031343194330BC1A
:10115000416470474FF44071DFE700BF00400C402E
:1011600000FCFFFF00800C4010B41F4C1F281F49DB
:10117000A36C23F02003A364626C8B6C22F44042C6
:1011800023F020038B644B6C23F4404312D942F4C8
:10119000404243F4404362644B641349134A8B6CEE
:1011A0005DF8044B43F020038B64936C43F0200301
:1011B000936470470F2808D942F4004243F4004377
:1011C00009480A4942644B64E7E7072804D942F416
:1011D000804243F48043F3E7032862644B64DCD825
:1011E0005DF8044B704700BF00400C4000800C408D
:1011F000A249A34B88422DE9F047A24C5E699A6947
:10120000D4F80C801BD9A04B984240F20281C31A3B
:101210009E491B0AA1FB031340F22761DB0903EB84
:10122000830303EB830303F2E2438B4228BF0B46A5
:10123000A3F54877964BA3FB0737FF0804E0954FCB
:10124000B8428CBF0E2706278D4908F01F09D1F838
:101250008030B94543F0C003C1F880300CD228F08B
:101260001F08A1F5F82148EA0708C1F80C800B68AF
:10127000002BFCDA08F01F0916F0007324D1864910
:101280000C698649A14300F0EA8082F4805134461B
:101290004FF4805514F0605F04D026F060561E4372
:1012A000774B5E6111F4405F07D022F440527449DD
:1012B0002A438A618B6C1A07FCD446F00076704A88
:1012C0005661936C9B06FCD4754CA04200F2CE8014
:1012D0004FF0010C0146634603FB011203F1010EBE
:1012E0000CF10105A24218D8BEF1080F4FF001031E
:1012F00040F08D80BCF1040F00F291800A18A242E8
:1013000000F2A48005FB00F1AC4603F1010E03FBE3
:1013100001120CF10105A242E6D90CF1FF318C0259
:1013200086EA81215F4810445F4A90427FD9DFF806
:10133000A4A16C225D48584DB0FBFEF0D5F800E04A
:10134000B0FBFCF0DFF890C10EEA0C0CD44509D0DC
:1013500042F400524FF4805CC5F800C02A602A684D
:10136000002AFCDA464A156905F007059D4203D0BC
:101370001361936CDD03FCD411F4E05F09D026F413
:10138000E05604F4E0543E4A26435661936C9907B4
:10139000FCD44749474A014491423CD8464BC909CD
:1013A000A3FB0131090B4B1E1B0286EA030212F458
:1013B000407F06D026F4407603F44073304A33432E
:1013C00053612F4A536923F000735361936C9B065A
:1013D000FCD43A4B4F45A3FB00234FF0FF324FEABA
:1013E0009343B0FBF1F1B2FBF3F3354A1060354A99
:1013F0001160354A136008D228F01F08214A48EAD4
:101400000707D7601368002BFCDABDE8F087734646
:1014100062E7122718E74FF440730421C5E70CF187
:10142000FF31204807238C02104486EA8121274A95
:10143000DFF8A8A0A2FB0020020D2548362A38BFFD
:10144000362202FB00F042EA0A0A74E74FEA8C24D3
:10145000002386EA8C214FF0010EAC4662E71D4660
:1014600086F0C05411464FF0C05313E700244FF0EC
:10147000010C024631462346E64653E700A4781F96
:1014800000C00F40000008400046C32323B24C00B8
:101490001F85EB5100366E0100800D40403000800A
:1014A000FFB19F26808D5B00FF7EF64D00643F4DAF
:1014B0007FD1F0087F17B42C9F10E50083DE1B431B
:1014C000243101202031012034D90120819F5E1672
:1014D000001BB7006C2000807F300180002000805E
:1014E00000B970472DE9F84F01218146214C224D6A
:1014F000224E54E8003F2A68306844E80013002B6D
:10150000F7D11F494B684FF47A7BDFF878A01B1A9C
:1015100001270BFB02F8DAF80020A3FB02325A4540
:1015200094BF9044D84454E8003F2A68306844E8A7
:101530000073002BF7D14B68DAF800C01B1A0BFBC5
:1015400002F2A3FB0C3CBCF57A7F94BF624402F527
:101550007A72A2EB0802B2F57A7F06D3B9F10109DB
:1015600008F57A78DFD1BDE8F88F02F0AFF90449C9
:10157000D9E700BFF8D90120F4D90120F0D9012022
:10158000001000E034D9012030B40F4B4FF0010CB3
:101590000E4D0F4C53E8002F2868216843E800C225
:1015A000002AF7D10B4B5B680B4A5B1A4FF47A7138
:1015B000126801FB00F0A3FB023230BC8A4294BFE8
:1015C00080184018704700BFF8D90120F4D90120D5
:1015D000F0D90120001000E034D90120362816D8B7
:1015E0000201104B03EB00109B5810B4C2685C68FA
:1015F000144205D061B95DF8044BC3F888207047E8
:10160000836851B1084A5DF8044B1A60704770470F
:101610005DF8044BC3F884207047044A5DF8044B1E
:101620001A6070470432002038F0010038300100A1
:1016300036280BD8064B020103EB00109A58C368FA
:1016400092681A4214BF01200020704700207047A2
:1016500004320020362829D8164B0201012903EB59
:1016600000109A5810B45368C4680ED004290CD0E6
:1016700023EA040353608368A9B1022917D0032920
:101680000CBF0D4A0D4A1A6007E02343012953603D
:10169000836808D040F638021A60436815225DF866
:1016A000044B1A60704738221A60F6E77047044A04
:1016B0001A60F2E7043200203830010038000100DF
:1016C00038F0010030B4124A0020124B0121124DB3
:1016D000124CC2F8F032C2F8F402C2F8B810C2F8E4
:1016E000A000C2F8A450C2F8B0105369DB07FCD5C3
:1016F00051612378DB07F0D41368054943F00103F7
:1017000013600B68DB07FCD462B630BC704700BFC7
:1017100000802A400504012401000F0000812A40B6
:1017200070B50E4C4FF6FF7E0D4E04F17E05A6F50A
:101730008053002102E0B34281B204D21A88481CCF
:1017400002337245F7D124F8021FAC4206F58056E9
:10175000EDD1044B01221A7070BD00BF36D90120B3
:1017600000107C605DDA012041F2BB0398422FD863
:10177000184B10B51B7804463BB3A008164B04F079
:101780000301164CA3FB0023C21A03EB5203144AB5
:101790005B09C3EB831E9C46A0EB0E0341EA8C0160
:1017A000FF2034F813C01A444FEA4C0C13030CEB1F
:1017B000023CBCEB023F07D91A880233D4B28C42F8
:1017C00008BF100A9C45F7D810BDFFF7A9FFD4E762
:1017D000FF2070475DDA01200541100438D901204F
:1017E000C0070600F8B50F46164672B6344B40F2F5
:1017F0000641344A9A610222DA610022C3F8A0202D
:10180000C3F8F012C3F8F422C3F8F822C3F8FC229C
:101810004FF47022C3F8A4200122C3F8B02020F0B6
:101820001F038219BFF34F8F4FF0E024C4F85C3FD1
:1018300020339A42FAD8BFF34F8FBFF36F8F204DFA
:101840006B69DA07FCD501231F49B2B220F07F4053
:101850006B6142F47022C5F8F01242F20121184C7B
:10186000C5F8F412C5F8BC30C5F8A000C5F8A4202E
:10187000C5F8B030154D01E05B0609D4636913F07B
:101880000100F9D041236361BDE8F840FFF71ABFBA
:10189000082E0AD836B1324639463744064628461D
:1018A00000F0A8F940236361E8E7A6F108000826E4
:1018B0003946324637440646284600F09BF9F1E7A0
:1018C00000802A40F05AF05A3204180880812A40D9
:1018D00010B472B6284B0221284C00229C614FF4B0
:1018E0007024D96140F20641C3F8F0120121C3F817
:1018F000F422C3F8F822C3F8FC22C3F8A020A2F512
:101900008052C3F8A4400240C3F8B010BFF34F8F19
:1019100002F5805102F120034FF0E02C994234BFD0
:101920000121802102EB41118B42CCF85C2F1A4639
:1019300003F12003F8D1BFF34F8FBFF36F8F0E4A2F
:101940005369D907FCD501240D490E4B546103405E
:10195000C2F8F0124FF470200749C2F8A030C2F864
:10196000A400C2F8B0404B69DB07FCD501235DF849
:10197000044B4B61FFF7A6BE00802A40F05AF05A94
:101980002004180800F0FF0041F2BB03984200F267
:101990008980464B2DE9F0471B78C2B00546894641
:1019A000002B7CD0AB08424E05F00305414FA6FB4F
:1019B00003269A1B06EB5206760945EA8605C6EB16
:1019C00086169E1B3C4B37F81640334460004FEAA6
:1019D000033800EB0330B0EB033F64D943464FF0CC
:1019E000FF0C1A880233D1B2A94208BF4FEA122C69
:1019F0009842F6D8E14541D0B4F5006F41D302AC2E
:101A00004FF48072FF21204604F012FC08F580504C
:101A100008F102034246984234BF01204FF40060AF
:101A200008EB4000134602321B888242D9B24FEACB
:101A300013236354F6D104F805900DF107090DF254
:101A4000071A00254C464046FFF742FF14F801CF25
:101A500008EB450002220DF10601631EBCF1FF0FE9
:101A6000A3EB090306D043EA0C230135ADF8063099
:101A7000FFF7B8FEA245E9D127F8165042B0BDE8FD
:101A8000F08745EA092502A902220134ADF8085081
:101A9000FFF7A8FE27F8164042B0BDE8F087FFF731
:101AA0003FFE7FE770474FF0FF0CA3E75DDA0120B0
:101AB0000541100438D90120C007060062B170B595
:101AC00005460C468E182046013415F8011BFFF719
:101AD0005BFFB442F7D170BD704700BF704700BFD5
:101AE000362858D80001F0B4344C354D2358AB4259
:101AF00056D049D8B3F1844F4BD0A5F58045AB42C1
:101B000040D1304D2044304E304CC4F8B462D0E95E
:101B100001C4C0684FF0E0264FF00057042AC6F811
:101B200010712FD85E6926EA00065E614FF0050647
:101B3000CCF80060266846F4803626605C6824EAAB
:101B400000045C60224C54F8224090FAA0F2B2FAF1
:101B500082F245F822106FEA00011DD0DD690F2ADC
:101B600001EA0501D9611DDC52000325D9689440C2
:101B700005FA02F221EA02022243DA6098615A6908
:101B800002435A61F0BC7047124DAB42FAD1124D7C
:101B9000B8E7124DB6E77047DA690243DA61EDE75C
:101BA0000F4DAFE7103A032519695200944005FA2A
:101BB00002F221EA020222431A61DFE70432002026
:101BC00000800042E0410120850300000048012020
:101BD000F00A002000C00042E042012060410120E4
:101BE0006042012008B5EBF757F9EBF795FD01F0DE
:101BF0006DFEFAE7844641EA000313F003036DD15A
:101C0000403A41D351F8043B40F8043B51F8043BBF
:101C100040F8043B51F8043B40F8043B51F8043BC6
:101C200040F8043B51F8043B40F8043B51F8043BB6
:101C300040F8043B51F8043B40F8043B51F8043BA6
:101C400040F8043B51F8043B40F8043B51F8043B96
:101C500040F8043B51F8043B40F8043B51F8043B86
:101C600040F8043B51F8043B40F8043B51F8043B76
:101C700040F8043B51F8043B40F8043B51F8043B66
:101C800040F8043B403ABDD2303211D351F8043B06
:101C900040F8043B51F8043B40F8043B51F8043B46
:101CA00040F8043B51F8043B40F8043B103AEDD2B5
:101CB0000C3205D351F8043B40F8043B043AF9D206
:101CC000043208D0D2071CBF11F8013B00F8013BD9
:101CD00001D30B8803806046704700BF082A13D3E6
:101CE0008B078DD010F003038AD0C3F10403D21AFE
:101CF000DB071CBF11F8013B00F8013B80D331F832
:101D0000023B20F8023B7BE7043AD9D3013A11F8B1
:101D1000013B00F8013BF9D20B7803704B7843701C
:101D20008B7883706046704702F05EBB02F064BB44
:101D300001F1FF3C70B56646002400E00134B0FBC1
:101D4000F2F502FB1503092B03F1370E03F1300303
:101D50005FFA8EFE98BF5FFA83FE9042284606F82F
:101D600001EFEBD2631C0022C818CA547CB1624652
:101D70001CF8015F10F8016DA1EB0C0302328CF826
:101D80000060013B521A057023449A42EFDB08467B
:101D900070BD00BF031E01DBFFF7CABF4FF02D0C63
:101DA000584210B50C4601F801CBFFF7C1FF2046A1
:101DB00010BD00BFB4EE400A2DE9F04FF1EE10FA6D
:101DC000164680EAE07207462DED028BA2EBE07228
:101DD000B0EE408A85B080F14881F0EEC07A9FED88
:101DE000C57AF4EE477AF1EE10FA29DDB5EEC00AB5
:101DF000F1EE10FA00F1ED80032A40F39180032305
:101E0000002FA2EB0302C0F28580B5EEC08AF1EE8E
:101E100010FA00F16A8149214E234620F41C3170EA
:101E2000B070737022B120462021144404F000FAEF
:101E300000232046237005B0BDEC028BBDE8F08F77
:101E400089460D4602AA01A9484604F0E7FDDDF8DF
:101E500004A0044659EA0A0372D101230278A64C71
:101E60009A460193A54BD046342A88BF1C46029B54
:101E7000002B7DD008F10108A7EB080B06EB080545
:101E8000BBF1000F40F3A1805A46202130465D444B
:101E900004F0CEF906EB0B032D2203F8012BBAF167
:101EA000000F77D1B9F1000F06D01A46302102F8A1
:101EB000021B2E2159701346AB421FD2A44619466D
:101EC0001CF8012B01F8012BA94218D0019C2E20EF
:101ED000013C0BE058700233013CAB4219460DD275
:101EE0001CF8012B01F8012BA94208D00194002C09
:101EF000F0D00B46013CAB421946F1D31D46002FF2
:101F00006BDB3446002320462B7005B0BDEC028B02
:101F1000BDE8F08F22B130462021164404F088F944
:101F2000B5EEC08AF1EE10FA40F1BD802D214922B4
:101F30004E234620341D3170F0707270B37077E715
:101F4000CAF10003994557DA4FF00108C9F1000AB8
:101F5000694CC2454046CDF804A0B8BF08F101085D
:101F6000BAF1000F52D1029B08F10108002B81D178
:101F7000A7EB080B06EB0805BBF1000F27DD5A465F
:101F8000202130465D4404F053F906EB0B03BAF10F
:101F9000000F87D0BAF1000F8EDAB9F1000F8BD0A5
:101FA00018462E22302100F8021B5A700246534672
:101FB000013302F8011BFBD1BAF1000F0193CAF102
:101FC0000003A8BF0123034476E7334664E73346A2
:101FD00065E7042AAADD042312E7B844B8F1000F2C
:101FE0006FEA08028DDA22EAE272202128460132E5
:101FF000154404F01DF984E704F0A2FF8046C245B1
:10200000B8BF08F10108BAF1000FACD0BAF1000F67
:10201000BFF62DAFB9F1000F3FF429AF0AEB09036A
:1020200009F102088342BFF422AFB9F1000F05DDC8
:10203000F2EE047A013D28EE278AFBD102AAB0EE27
:10204000480A284603A904F0E9FCDDF804A0039B34
:1020500009F101020446A3EB0A0393427FF407AFA0
:102060000AF1010ACDF804A001E7B5EEC00AF1EECD
:1020700010FA4CBF04230323934222DA0028A2EB78
:10208000030218DB10EE103A002B02DA2D2306F8BB
:10209000013B4E234121F41C33707170B370002A50
:1020A0007FF4C1AEC4E649214E224623F41C3170B0
:1020B0007270B370BCE622B130462021164404F0A1
:1020C000B7F818EE103A002B4FF04E0305DB412213
:1020D000F41C33707270B370AAE62D214122341DB6
:1020E00073703170B270F370A2E62D2306F8013BD5
:1020F00091E600BFFFFF7F7F18540020F8350020D5
:102100004FF0010C0CFA01FC01EB410100EB411115
:1021100070B5B1F80EE01FFA8CF5254C1FFA8EFE53
:1021200024782E010EFB033306F0F006E340B0F8EE
:1021300088417345A4B228BF73463443012AA0F8EE
:1021400088410DD0022A28D0C2B10CF00F02B0F89D
:1021500088C11FFA8CFC4CEA020CA0F888C170BD43
:102160009BB20CF00F022D02CB82B0F8803105F447
:1021700070659BB22B43A0F88031E8E7AEEB030E0D
:102180000CF00F021FFA8EFEA1F80AE0B0F88031C1
:102190009BB21343A0F88031D9E79BB20CF00F0239
:1021A000CB83B0F880319BB21E43A0F88061CEE7AC
:1021B0004E46012001EB4103F6EE006A00EB4313AB
:1021C000B3F80EC0314B1FFA8CFC93ED007AB8EED9
:1021D000477A70B5C7EE007A4FF0010E4E000EFA46
:1021E00001FE1FFA8EF577EEA67AFCEEE77A17EE7F
:1021F000903AB3F5803F46D300224FF6FF745B0858
:102200000132A34201D9062AF9D9120142F48062AF
:1022100092B2022B4FF6FF744FEA0515314438BFD6
:1022200002230EF00F0EEDB2A34200EB411128BFC6
:102230002346B0F88841A4B22C43A0F88841CA8054
:102240005A1E92B2CA814A8992B203FB02F2B2FBD1
:10225000FCF292B24A81CA8A92B203FB02F2B2FB4A
:10226000FCF292B2CA82CA8B92B202FB03F3B3FBB6
:10227000FCF39BB2CB83B0F888319BB243EA0E03E8
:10228000A0F8883170BD4FF48062C2E72031012090
:10229000214BF6EE006A4FF6FE7C93ED007AB8EE25
:1022A000477AC7EE007A77EEA67AFCEEE77A17EE69
:1022B000903A63452CD900225B080132634501D96D
:1022C000062AF9D9083242F2260C4CEA422C1FFAAF
:1022D0008CFC022B00EB41114FF6FE7038BF02233D
:1022E0000A8A834292B228BF0346C88880B2C0F1EE
:1022F0000110104403FB02F2B2FBF0F29B1A92B2FF
:10230000C3F101039BB2CB800A82A1F80CC07047D5
:1023100043F2260CDDE700BF2031012036284BD8E0
:10232000F8B52A4D044615F8202005EB8005012A52
:102330002DD0022A3FD16B78C3F3011003283ED081
:10234000234A02EB803203F0030C224889B2634631
:1023500002EB4C1C0678BCF806E05801BCF81030C3
:102360001FFA8EFECEF1011E1EFA83F303F1FF3E2B
:102370000EFB01F1F1408E4523D95B1AC3F1010335
:102380009BB289B20244ACF8063011820DE06A7843
:10239000C2F30113032B10D00F4800EB83308BB234
:1023A00002F00301AA78FFF7ABFE0C4BEA7803EBCF
:1023B00004135B681A60F8BD70470948EFE7094AE3
:1023C000C1E7991E4FF6FF73DBE700BF2C550020D5
:1023D00000C01D404E46012000C03D400432002098
:1023E00000803E4000801E40362808D8154B13F868
:1023F000202003EB8003012A02D0022A0DD070476F
:102400005978C1F30112032A13D00F4801F00301D8
:1024100000EB82309A78FFF7CDBE5978C1F30113F3
:10242000032B0CD0094800EB833001F00301FFF7C8
:102430002FBF074801F003019A78FFF7BBBE05489C
:10244000F3E700BF2C55002000C03D4000C01D40F8
:1024500000803E4000801E4000230F2248F2B82C2E
:10246000194610B54FF470444FF4806EA0F88C41BB
:102470004FF46044A0F88E210A46A0F89031B0F8DD
:1024800088319BB243F0F003A0F8883101EB41039F
:10249000013100EB431304299C80A3F806E05A8421
:1024A0001A865A805A81A3F80EC05A82DA825A8359
:1024B000DA83EBD1B0F888319BB243F00F03A0F878
:1024C0008831B0F888319BB243F47063A0F888314A
:1024D00010BD00BF374B384A996F384841F47F012F
:1024E00070B5996741F20106D3F8801045F6C055E2
:1024F00043F226040A43C3F88020FFF7ADFF00F53E
:102500008040FFF7A9FF00F58040FFF7A5FF00F529
:102510008040FFF7A1FF0022A0F503104FF00F0E3F
:10252000114600EB42134FEA421C01329981042A02
:102530005981A3F80EE09E82DD8020F80C101982EC
:102540009C81EED100221E484FF00F0E41F2010691
:10255000114645F6C05543F2260400EB42134FEAFC
:10256000421C01329981042A5981A3F80EE09E820F
:10257000DD8020F80C1019829C81EED100221148D8
:102580000F2641F20105114645F6C05443F2260ECE
:1025900000EB42134FEA421C01329981042A59810F
:1025A000DE819D82DC8020F80C101982A3F80CE0FB
:1025B000EED170BD00C00F40000003FC00C03D40E4
:1025C00000001E4000401E4072B6EFF30583524CDF
:1025D000C4F884301EF0040F0CBFEFF30882EFF351
:1025E00009824FF0E0234D4E4D4DD3F8280DD3F81E
:1025F0002C1DC4E92201D3F8341DD3F8383DC4E9B9
:1026000024139369C4F89830D369C4F89C3000F05F
:10261000D1F884ED280A01F0F9F90B214FF0FF32CF
:10262000C4F8A4000B46C4F880103E49301D5A403F
:10263000202402F00103013C01FB03F383EA520270
:10264000F7D1A84202D073680646EFE7324BC3F8D1
:10265000A820BFF34F8F4FF0E0233049324AC3F830
:10266000701FC3F8702FBFF34F8FBFF36F8F2F4AC8
:1026700002252F48D36E2F4943F44053D36605609B
:10268000D3692D4823F07F0343F04003D3610B68E7
:1026900083423DD8264D00214FF0E0234FF0FF321A
:1026A00029600126C5F808112449C5F80011C5F8AC
:1026B0000861C3F88021C3F88421C3F88821C3F8D6
:1026C0008C21C3F8902101E000F066F9D5F80C31B7
:1026D000002BF9D00134C5F80C614F2CF4D9184BFC
:1026E000022018494FF00042C1F840015A63D5F862
:1026F0000C313BB9144815490D4A0163D2F80C312D
:10270000002BFAD04FF0E023114AC3F80C2DFEE75E
:10271000FEF76EFDBEE700BF00FF272080FF2720E9
:10272000A8FF27202083B8EDA0FF272000C00F407E
:102730000040084024310120803DCD0B009F240043
:1027400000900D4000002E4000800F40F100AD0BC6
:102750000400FA050A490A6838B108B5131809488F
:10276000834204D810460B6008BD1046704704F041
:1027700083F90C234FF0FF320360104608BD00BF01
:102780008439012000002820002070474FF0FF30DE
:10279000704700BF4FF4005300204B60704700BFEC
:1027A000012070474FF0FF30704700BF30BFFDE79A
:1027B000FFF70ABF124AD2F880305B07FBD5D2F888
:1027C00080301048C3F30B230F4990ED007A07EED9
:1027D000903A91ED006AB8EE477A0C4AF8EEE77A43
:1027E0000B4BD2ED006A77EEC77A93ED007AB8EE24
:1027F000477A67EE867A87EEA60A37EE400A704778
:1028000000810D4010D9012018D9012024D90120C0
:1028100014D90120836BF0B41BB1536843F4004317
:10282000536072B6446B3CB31A4B2260D3F8B0418C
:102830000C421DD1184E776804E07468E41BB4F5AF
:10284000166F0BD2D3F8404144F48044C3F84041A2
:10285000D3F8B851D3F840416404EED50D4007D108
:102860000C4CC0E90225D4F8B0310B43C4F8B031A8
:10287000426362B6F0BC7047064DC0E90224D5F849
:10288000B0310B43C5F8B0310263426362B6F0BCAD
:10289000704700BF00002E40001000E070B5056BCF
:1028A0009DB106462A46002403E012680134012A3D
:1028B0000CD0536813F08003F7D032632CB1284654
:1028C000B36B2D689847013CF9D170BDC6E90C3354
:1028D000F4E700BF30B4D9B91F4C204B0021204A87
:1028E00001254FF0011099601D60C4E90231802478
:1028F0005C60C2F8BC01D2F8B0311A482B43C2F870
:10290000B0310160D2F8B031002BFBD130BC704740
:102910000904154B104C012541F080019860104AC4
:10292000596000F580511D60D96000F50051A36425
:10293000196100F5405100F580405961002198610E
:10294000E164D2F8B03143F48033C2F8B031D2F848
:10295000B031002BFBD1C0E700000020207B01201C
:1029600000002E409CD50120407B01200849012217
:102970000B7802FA00F023EA0000087030B9054A2B
:10298000D2F8483123F08003C2F84831704700BFC5
:102990006BDA012000002E402DE9F04F974C83B0F8
:1029A000D4F84471FB07C4F8447153D5D4F8AC2172
:1029B000002A4AD0924EDFF860A2DFF87492DFF866
:1029C00074B2DFF87482C4F8AC21D6E90A20D4F8D6
:1029D000403143F40053C4F84031D4F840319D04F1
:1029E000F5D5D4F8403123F40053C4F840314FF00A
:1029F0000113C4F8B431D4F8B45115F00115FAD16B
:102A000093B28446CAF80050B3F5086F00F0CF8146
:102A100000F2DB8040F202318B4200F0E78100F2ED
:102A20009A80822B00F0CB81B3F5817F40F08A80C1
:102A300010F0780F83B200F003824FF00113C4F856
:102A4000C031D4F8AC21002ABDD16C4AD2F8BC31D7
:102A5000002B42D17E0616D5684BD3F8AC21C3F8C3
:102A6000AC21D3F8BC21C3F8BC21D3F8B041002C71
:102A7000FBD14FF0FF32C3F8B421D3F8843100F01A
:102A800029FD604B1C60FC0103D55F4B1B6803B143
:102A90009847B80103D55D4B1B6803B19847790788
:102AA00008D5564BD3F8843113F4007347D0584BF4
:102AB00001221A70514BD3F848311A060AD53B0649
:102AC00008D5544A13782BB1013BDBB21370002BAD
:102AD00000F0728203B0BDE8F08F4F49C2F8BC31FC
:102AE0000868034240F0D181464A14681C40B1D0C6
:102AF0005FEA144810D0424E4FF0010998FAA8F549
:102B0000B5FA85F506EBC51009FA05F54030FFF773
:102B1000C5FE38EA0508F1D1A4B2002C9AD0384E8F
:102B20004FF0010894FAA4F5B5FA85F506EBC51047
:102B300008FA05F5FFF7B2FEAC43F3D18AE7344A51
:102B40001370B7E7802B7FF478AF344802210580FB
:102B5000FFF7C0FE75E7B3F5A06F00F00B81A3F59A
:102B6000D063012B3FF669AF2D4B5D68002D3FF41C
:102B700064AF1FFA8CFC4FEA124E04E01D690C335F
:102B8000002D3FF45AAF1A887245F7D15A88624532
:102B9000F4D14FEA1E22032A00F0A5811A89000C05
:102BA000824228BF0246BEF5007F40F0A181184B4B
:102BB0001C4918781C4B0192002818BF19461B4865
:102BC000FFF718F8194D019AE1E142F221218B42F9
:102BD0007CD033D942F221318B4200F081804FF614
:102BE000C0018B427FF429AF10F47F4F83B27FF492
:102BF00024AF43F46E4363F30F0CB5E700002E409F
:102C000000000020A0D501200CDA012010DA0120FC
:102C100076DA012077DA01209CD50120CCD801207A
:102C2000E46200202C210060902100600000202040
:102C300094D501205DCFC6B8C0012E40B3F5106F0A
:102C400066D042F221018B427FF4F7AE030C072BD2
:102C50007FF4F3AEB24BB349F560D960B249B360CB
:102C6000C3F80890C1E9002001221A60AF4A5A60F7
:102C7000AF4A1A61D4F8B01141F00101C4F8B011A3
:102C800002F5805102F5005259619A61D4F8B031D1
:102C9000002BFBD1A74AF36493600123B264136055
:102CA00048F2800353604FF00113C4F8BC31D4F8EC
:102CB000B03143F48033C4F8B0314FF48033CAF8F4
:102CC0000030D4F8B031002BFBD1BAE680B238B96D
:102CD000994BC2F307421968984B1960984B1A70C8
:102CE000944B00229A60F2640122B3641A6080223D
:102CF0005A604FF00113C4F8BC31D4F8B03143F43A
:102D00008033C4F8B031D4F8B031002BFBD198E651
:102D1000C2F307428B4B1A708B4BC4F8C8318B4BF4
:102D2000C4F8CC318A4BC4F8D03100F0D5FB8022F6
:102D30002946884803F07CFA874B8022C6F8A0B069
:102D4000C6F8E0307B4BF5645A600122B3649D60A5
:102D50001A604FF00113C4F8BC31D4F8B03143F419
:102D60008033C4F8B031CAF80050D4F8B031002B29
:102D7000FBD166E66F4B0121F564196080219D60EF
:102D8000B36459604FF00113C4F8BC31D4F8B031CA
:102D900043F48033C4F8B031D4F8B031002BFBD108
:102DA000130C5B0643F08073C4F8543149E6654B5D
:102DB00001216A481B780370FFF78CFD41E683B25E
:102DC00010F078007FF439AE03F07F0258F822103B
:102DD000624A1080180600F19E80CB0701D50123BE
:102DE000137002215D48FFF775FD2AE610F0780F99
:102DF00083B27FF422AE03F07F0213F0800F58F805
:102E0000223014BF43F4803343F0010348F82230EA
:102E10000022484BF2649A600122B3641A60802257
:102E20005A604FF00113C4F8BC31D4F8B03143F408
:102E30008033C4F8B031D4F8B031002BFBD100E6B8
:102E400003F07F0213F0800F58F8223014BF23F4F0
:102E5000803323F0010348F822300022354BF2641E
:102E60009A600122B3641A6080225A604FF0011305
:102E7000C4F8BC31D4F8B03143F48033C4F8B03175
:102E8000D4F8B031002BFBD1DBE5002008602649E7
:102E90000C88486842F221018C427FF425AE80B252
:102EA00000287FF421AE2E492E4C03C9A18086282C
:102EB0004FEA11412060A1717FF416AE72B62A4824
:102EC000017841F008010170D2F848110D0605D4CF
:102ED00080200143C2F84401C2F8481162B6234A77
:102EE0005021117000E6000C2A78824228BF024669
:102EF000BEF5E06F44D11E4B1E4D18781E491F4B86
:102F00000192002818BF19462846FEF773FE0723D2
:102F10006B70019A3BE0C9033FF561AF61E700BF09
:102F2000407B012094E50120E87C0120800007001F
:102F300094F50120207B0120F4D9012008DA01203A
:102F400074DA012075DA01200200CC00C80002000A
:102F50000200C800800000201993D574CCD801204D
:102F600094D5012000DA01206BDA012077DA012004
:102F700076DA012000002020902100602C210060E2
:102F80002946104D01922846FEF734FE019A25F09D
:102F90001F031544BFF34F8F4FF0E021C1F8703F7E
:102FA00020339D42FAD8BFF34F8FBFF36F8F054890
:102FB0001146FFF78FFC44E50320FFF7D7FC0AF02A
:102FC000BFF800BF000020202DE9F0471F46831EF8
:102FD000022B01D9BDE8F087DFF84C9015460C466E
:102FE0003C2209EBC01806464FEAC01A002108F13E
:102FF0000400240403F01CF9B5FA85F201235209F8
:1030000044EA427449F80A40C8F83870C8F80830F1
:10301000002FDFD0034AB34011680B431360BDE8B3
:10302000F08700BFA0D50120000000202DE9F04767
:103030000D46811E022901D9BDE8F087C701DFF8DE
:103040004C909246044640373C2200211E4609EB34
:1030500007082D0408F1040003F0EAF8BAFA8AF22E
:10306000520945EA427249F807200122C8F838603F
:10307000C8F80820002EDFD0034B10341968A24096
:103080000A431A60BDE8F087A0D5012000000020A7
:1030900012048160C36101F5405342F0800210B414
:1030A0000124426001F50052046001F5805401F5ED
:1030B0008041C46081615DF8044BC0E9042370471E
:1030C000831E0A46022B00D97047064B00F11001FF
:1030D0004FF0010C03EBC0100CFA01F14030FFF788
:1030E00099BB00BF00000020831E0A46022B00D9B6
:1030F00070470121024B814003EBC010FFF78ABBF0
:103100000000002040687047124A134BD2F820029A
:1031100020F07F40984210B584B002D200EB8000CE
:1031200040000E4C01A90A22FEF702FE01A900236D
:10313000204611F8012B01333AB10A2B20F8022F57
:10314000F7D11623237004B010BD5B00DBB22370EF
:1031500004B010BD00441F40809698001446012022
:1031600000F0D8BA00F0CABA00F066BB00F03CBB71
:103170000846114600F02CBBF8B5144C4FF0E02582
:10318000134E4FF4003204EB4024124F06EB40166E
:103190000346C5F88C2121463A883046FFF778FF70
:1031A0003B882344BFF34F8FC5F85C4F2034A342C4
:1031B000FAD8BFF34F8FBFF36F8F03203146FFF76D
:1031C00093FF4FF40033C5F80C31F8BD8000202088
:1031D000607B01203CDA0120244B2DE9F0411C8862
:1031E0004368C569C3F30E43E41A002C24DD20496B
:1031F00020480A780078D3B21F4E82421F4807D079
:1032000010F8038036F81870C7F50072944218D988
:103210000133002226F81540082B194E88BF1346AB
:1032200026F8152098BFDAB2C554164B0A701A68F2
:1032300014441C60BDE8F0812846BDE8F041FFF76A
:103240009BBF07EB4820104922462744084401EB66
:103250004521FEF7CFFC0B4A284626F81870136864
:103260002344BDE8F0411360FFF786BF3CDA01203C
:1032700068DA012069DA0120D8D80120F8D80120C5
:10328000E8D80120D4D80120800020201D4B1A78D6
:10329000002A36D102F0FF031B4A12788AB32DE9C7
:1032A000F0411A4D2A8852B3194EC2F50068194FE1
:1032B0003278194C07EB421704EBC22442463846D9
:1032C0002146FFF7E5FE04EB0802BFF34F8F4FF0F6
:1032D000E023C3F8704F2034A242FAD8BFF34F8FD7
:1032E000BFF36F8F04203946FFF7EAFE33780133CE
:1032F000DBB2032B88BF0023337000232B80BDE893
:10330000F081704773DA012075DA012040DA01207C
:1033100072DA0120607C0120801020202DE9F04F1E
:1033200085B0CDE90110002900F0BF800023604C7A
:10333000DFF89881DFF898A15E4F009301235E4A81
:1033400023705E4B1978B8F8003002EB4119002B5E
:1033500040F0A7801E461D469B464846FFF7D2FE1A
:1033600010F0800000F08C80BFF34F8F9AF800308F
:1033700084F800B005B93E68002B7DD13B689B1BEB
:10338000782B00F287804E4B1B78002B74D000F016
:103390009DFA0122B8F8003015462270002BDCD0CF
:1033A000464AC3F5006011781A4600EBC120454D2E
:1033B000C9022844019D954217D20393DDE90151CA
:1033C0002A46FEF717FC039B4FF040425B1BA8F810
:1033D00000303D4BC3F88420BFF34F8F009800238B
:1033E0002844237005B0BDE8F08F364BCD18029904
:1033F000FEF700FC00234FF4006229464846FFF721
:1034000047FEBFF34F8F05F1200205F5006393429D
:1034100034BF012340234FF0E02205EB4313C2F8F1
:10342000705F2035AB42FAD1BFF34F8FBFF36F8F80
:1034300004204946FFF744FE204A13780133DBB2EB
:10344000032B84BF00231D4A1370B8F80030019A83
:10345000D11A009A1A4401910092029A1A44002348
:103460000292194AA8F80030C2F88430BFF34F8F97
:10347000237000297FF462AF009805B0BDE8F08F9B
:103480004FF400620D4B8AF8000019781346A8F833
:1034900000208AE7012300988AF8003005B0BDE8D3
:1034A000F08F1A46C3F500607FE70198E5E700BF9B
:1034B00073DA0120F4D90120607C012072DA012046
:1034C00075DA01208010202000002E4040DA012013
:1034D00071DA0120704700BF2D4B002180222D485A
:1034E00070B51B7800242C4D8B422C4E0CBF402312
:1034F0004FF400732B80338002F09AFE284A214655
:10350000284B14704FF4807227481C8002F090FE04
:10351000264A1021264B0220C2E90044C2E9024497
:10352000244AC3E900441470234AC3E90244234BEC
:103530001C70234614602246FFF778FD224631882E
:1035400003201F4BFFF740FD23460122298804205A
:10355000FFF76CFD20460134FFF70EFE082CF9D171
:10356000184B00214A221848184C0460C3F88410F4
:10357000C3F88020D3F84821154942F08072C3F87F
:10358000482121B1134A137843F00103137070BD31
:1035900076DA0120607C012042DA01203CDA012049
:1035A00072DA012040DA0120607B0120D8D80120A6
:1035B000E8D8012068DA0120D4D8012069DA012096
:1035C000D90F020000002E400CDA01208D100200FD
:1035D000000000007ADA01202DE9F04F4FF0E023DF
:1035E0004FF40032DFF8C8A083B0C3F88C218B46BB
:1035F0009AF8004000294FD08046E4B20027DFF857
:10360000B490264BABEB070225491B78A34204F18B
:1036100001043FD0092C234B404628BF00241E5DE7
:1036200039F816C00CEB462319441F4B33F81650DB
:10363000A5EB0C05AA421CD20CEB462C18491B4CDE
:1036400061440192FEF7D6FA216839F816505846BF
:10365000019AA1EB0B012A44394429F81620216074
:103660004FF0E0234FF40032C3F80C2103B0BDE863
:10367000F08F2A462F44FEF7BDFA0C49E3B23046DC
:103680000A68A844521B0A608AF80030FFF774FDEC
:10369000BB45B6D83846E3E70846E1E768DA0120DB
:1036A00080002020F8D80120D8D80120D4D80120CB
:1036B00069DA0120E8D801200B4B0C4A12781978FE
:1036C000D3B28A420DD0013309480A4A092B0A496C
:1036D00028BF0023C35C31F8131002EB4323585C6E
:1036E00070474FF0FF30704768DA012069DA012037
:1036F000F8D8012080002020E8D80120044B10B524
:103700001C680CB1204610BD00F0E0F8204610BD4A
:10371000D4D801202DE9F84F144E154D33782A786E
:10372000934221D0DCB2DFF85090DFF850B0DFF8E0
:103730005080104F0134082C5FFA84FA01D900241C
:10374000A24619F80400DBF8003038F8102037F8EA
:103750001010521A9B1ACBF80030FFF70DFD86F8B7
:1037600000A02B78A342E5D1BDE8F88F69DA0120EB
:1037700068DA0120E8D80120F8D80120D4D8012047
:10378000D8D8012000B583B001210DF10700FFF763
:1037900023FF20B19DF8070003B05DF804FB4FF054
:1037A000FF30F9E7094B00B583B01B788DF80700AF
:1037B0003BB101210DF10700FFF7B0FD03B05DF84B
:1037C00004FB03F0FF0003B05DF804FB75DA012091
:1037D000044B1B7803F0FF020BB1FFF79FBD1046AF
:1037E000704700BF75DA01202DE9F0410024DFF8B1
:1037F000448001230D4D27460D4E88F80030337864
:1038000028462035A34204F1010405D0FFF77AFCD5
:10381000030658BF07F50067042CF0D1BFF34F8FA4
:103820000023384688F80030BDE8F081607C012034
:1038300072DA012073DA01202DE9F8431D4B1B7861
:1038400013B11D4D2A880AB9BDE8F8831B4EC2F595
:1038500000691B4933784A461A4C01EB43181A4F4A
:1038600004EBC324012340463B7021460023FFF7AD
:103870000FFC04EB0902BFF34F8F4FF0E023C3F8B6
:10388000704F2034A242FAD8BFF34F8FBFF36F8F2F
:1038900004204146FFF714FC33780133DBB2032BDD
:1038A00088BF0023337000232B80BFF34F8F3B7002
:1038B000BDE8F88375DA012040DA012072DA0120D0
:1038C000607C01208010202073DA01202DE9F8436C
:1038D0002D4B1E7866B12D4F3B784BB90123F10774
:1038E0003B7043D4B20726D400233B70730701D446
:1038F000BDE8F883264B1A68002AF9D0EFF3058259
:10390000002AF5D1EFF3108572B61868002834D07C
:10391000204C2178002930D10122227042691A609E
:10392000002A2ED0916105B962B6002583684577DB
:1039300098472570DCE7DFF8648098F80030002BAA
:10394000D2D00025DFF858902B4659F82340013596
:10395000236820461B69984710B163699B689847A4
:1039600098F80020EBB29A42EFD8BDE7FFF7C6FE09
:103970000028B7D0AFF30080B4E7002DB8D162B60D
:10398000B6E7054B1A60CEE77ADA01204CDA01205F
:1039900058D0012047DA012064D0012048DA012004
:1039A00068D0012070B5EFF3108272B60C4C20681D
:1039B00080B10C4E00254369236073B19D6102B94B
:1039C00062B6836845779847EFF3108272B6206835
:1039D0000028F0D102B962B670BD3360EFE700BFD6
:1039E00060D001205CD00120FFF7DCBF0449054A0C
:1039F0004968054B1960136801331360704700BFB5
:103A0000001000E0F4D90120F0D90120074A506AE3
:103A1000936A19468446506A936A9942F9D184455B
:103A2000F7D1DB0B43EA4040704700BF00400D4038
:103A300008B5D0E900325BB1BAB10F4BA3FB02135A
:103A4000DB0803EB4303B2EB83030AD1012008BD7B
:103A5000094BA3FB0213DB0803EB4303B2EB830325
:103A600001D0D21A4260F02AF0D803F005F81C22E7
:103A7000034600201A6008BDABAAAAAA70B5044686
:103A800038B319B1B2FA82F67609A2B9206800B348
:103A90006268F2B1184B194902FB03F3B1EBB30FA3
:103AA00017D3A368E3B90022012322606260A260F9
:103AB000E260184670BD1D46049BC0E90012C36059
:103AC000FFF7B6FF03460028F3D06DB9012318466F
:103AD00070BD02F0D1FF162200230260184670BDAF
:103AE000002102F0A5FBDEE7626831462068A56090
:103AF00002F09EFB0123DCE7ABAAAAAA5555551597
:103B000003460846194602F06DBF00BF4FF0000C97
:103B100042602022017080F808C0C260704700BF78
:103B200038B5044640680D4609F00EFB01212172AC
:103B30000DB9084638BD20786268884082F8301197
:103B400082F82F1182F8A5006068EAF731F8B0FA20
:103B500080F0400938BD00BF2DE9F041079F1546B0
:103B60009846C3683A449A4216D802780446436895
:103B70000E46520083F8A520012283F8302183F8F5
:103B80002F2167B1069B53B140683A4606990368F6
:103B90005B689847874202D00020BDE8F0816068EA
:103BA00031462A4603685B6898478542F4D141460E
:103BB0006068E9F7FDFFB0FA80F04009BDE8F081E8
:103BC0002DE9F843154606460F46D2B20178406803
:103BD000EAF76EF8854224D105B30024DFF84C9053
:103BE000A04613E090F8A2C090F8A32062450CF123
:103BF0000102844418D980F8A2209CF81A300134BC
:103C000007F80830A4B2A542A04607D97068026838
:103C100052694A45E6D09047C3B2F0E70120BDE8BB
:103C2000F8830020BDE8F883FF23E8E7C5B700006C
:103C30002DE9F041002482B01F4606469DF824304D
:103C4000089DCDE90044FFF787FF28B94FF0000831
:103C5000404602B0BDE8F081804615B9F8E7A542BC
:103C6000F6D92A1BF368391930469A4228BF1A46FA
:103C7000AB1AA34214448CBF00230123FFF7A0FF1B
:103C80000028ECD1E2E700BF08B52DED048BB0EEC3
:103C9000408B00F025F8B4EE488BF1EE10FAB0EE50
:103CA000409B0AD6B0EE480B00F048F9B7EE007B17
:103CB000B4EEC70BF1EE10FA04DCB0EE490BBDEC2C
:103CC000048B08BD02F0D8FEBDEC048B0346212214
:103CD0001A600248BDE8084000F03EB91C4F0020C1
:103CE00038B510EE905A924B25F000449C422DEDD1
:103CF0000A8B1DDD10EE103A04F1404404F58014E7
:103D00001C4308D030EE400B80EE007BBDEC0A8BEC
:103D1000B0EE470B38BDBDEC0A8B9FED677B9FED86
:103D2000686B20EE077BA0EE067BB0EE470B38BD3C
:103D3000804B9C420EDCB4F1795F80F28380B7EE59
:103D4000006B9FED617B30EE077BB4EEC67BF1EE3E
:103D500010FA74DCB6EE008B00F0F0F8B7EE007BE2
:103D60009FED5B9B37EE400B20EE088B9FED5AAB2F
:103D7000B0EE480B9FED5A1B9FED5B3BA8EE0A1B74
:103D80009FED5B4BA1EE083B9FED5B6BA3EE084BF9
:103D90009FED5BCBA4EE086B9FED5B2BA6EE08CBF3
:103DA0002CEE08CB9FED5A5BA8EE092B9FED5ABB7A
:103DB000A2EE085BA5EE08BBABEE087BB0EE479B1E
:103DC00000F0C6F85C4B9C422ADCB0EE004B8CEE57
:103DD000093B53EC102B9FED526B9FED377B00227C
:103DE00043EC122B30EE025BA2EE428B30EE000B66
:103DF00088EE051BB0EE465BA1EE447BA2EE445B71
:103E000090EE037B37EE457B36EE477B002D3FF788
:103E10007DAFB1EE477BB0EE470BBDEC0A8B38BDF2
:103E20009FED417B8CEE094BB0EE005B9FED246B68
:103E3000A0EE040BA0EE057B36EE477BE6E7B0EE86
:103E4000407B63E79FED248B20EE006B9FED245BAE
:103E50009FED253BA6EE085B9FED254BA5EE063BAF
:103E60009FED252BA3EE064BBDEC0A8BA4EE062B93
:103E70009FED237B9FED161BA2EE067B27EE067BB4
:103E80009FED215B9FED223BA6EE015B9FED224B58
:103E9000A5EE063BB7EE005BA3EE064BA4EE065B79
:103EA00087EE056BB0EE407BA0EE067BB0EE470BD5
:103EB00038BD00BFAFF30080075C143326A6913CE9
:103EC000182D4454FB21F93F9C7500883CE4377E53
:103ED00082922EB1C5B8B33F09F7FD0DE13D023F17
:103EE00088B20175E0EF493F3B8F68B52882A4BFD7
:103EF0005544880E55C1C93F7D6FEB0312D6D4BF20
:103F0000555555555555C53F59018D1B6C06E6BF96
:103F1000C88A599CE52A00404B2D8A1C273A03C0C9
:103F2000182D4454FB21E93F075C143326A691BCAD
:103F3000FFFFEF3FFFFFDF3F3233EF3F51EC100B4E
:103F400010EE102A21F0004343EC102B704700BF05
:103F5000B1EEC00B704700BF9FED010B704700BF73
:103F6000000000000000F87F53B94AB9002908BFDB
:103F700000281CBF4FF0FF314FF0FF3000F0A8B910
:103F8000ADF1080C6DE904CE00F03EF8DDF804E078
:103F9000DDE9022304B0704708B502460B4643EC46
:103FA000172BB5EEC07BF1EE10FA03D4BDE8084044
:103FB00000F00AB8B1EE477B51EC170B00F004F8A3
:103FC000404261EB410108BD9FED0B6B41EC170BCB
:103FD0009FED0B5B27EE066BBCEEC66BB8EE464B57
:103FE000A4EE457BFCEEC77B16EE101A17EE900A86
:103FF000704700BFAFF30080000000000000F03DFC
:10400000000000000000F0412DE9F047089E0D4639
:1040100004460F46002B4AD18A42944665D9B2FA2B
:1040200082F343B102FA03FCC3F120029F4020FA5D
:1040300002F217439C404FEA1C4E1FFA8CF5B7FB67
:10404000FEF1220C0EFB117742EA074201FB05F05C
:1040500090420AD91CEB020201F1FF3780F01C816B
:10406000904240F2198102396244121AA4B2B2FBA2
:10407000FEF00EFB102244EA024400FB05F5A542C7
:104080000AD91CEB040400F1FF3280F00781A5423D
:1040900040F204816444023840EA0140641B00217C
:1040A0001EB1DC400023C6E90043BDE8F0878B4227
:1040B00008D9002E00F0ED800021C6E90005084671
:1040C000BDE8F087B3FA83F1002949D1AB4202D3AE
:1040D000824200F2F880841A65EB03020120174641
:1040E000002EE2D0C6E90047DFE702B9FFDEB2FAF0
:1040F00082F3002B40F090808A1A4FEA1C471FFA87
:104100008CFE0121B2FBF7F507FB1520220C42EAD9
:1041100000420EFB05F0904208D91CEB020205F1AB
:10412000FF3802D2904200F2CB804546121AA4B268
:10413000B2FBF7F007FB102244EA02440EFB00FE3C
:10414000A64508D91CEB040400F1FF3202D2A645B3
:1041500000F2BB801046A4EB0E0440EA05409FE746
:10416000C1F120078B4022FA07FC4CEA030C05FA48
:1041700001F420FA07F3FD404FEA1C492343B5FB45
:10418000F9F81FFA8CFE09FB18551C0C44EA05448B
:1041900008FB0EF5A54202FA01F200FA01F00BD974
:1041A0001CEB040408F1FF3A80F08880A54240F23D
:1041B0008580A8F102086444641B9DB2B4FBF9F346
:1041C00009FB134445EA044403FB0EFEA64508D947
:1041D0001CEB040403F1FF356CD2A6456AD9023BFF
:1041E000644443EA0843A3FB0295A4EB0E04AC42EB
:1041F000C846AE4656D353D056B1B0EB080264EB76
:104200000E0404FA07F7CA40CC401743C6E900740D
:1042100018460021BDE8F087C3F1200102FA03FC33
:1042200020FA01F225FA01F19D402A434FEA1C478A
:104230001FFA8CFEB1FBF7F007FB1015110C41EAD9
:10424000054100FB0EF58D4204FA03F408D91CEB7E
:10425000010100F1FF382FD28D422DD9023861447F
:10426000491B92B2B1FBF7F507FB151142EA014277
:1042700005FB0EF1914208D91CEB020205F1FF3853
:1042800016D2914214D9023D6244521A45EA0041C5
:1042900038E73146304608E73946E6E61046FBE6A1
:1042A0004845A9D2B9EB020865EB0C0E013BA3E728
:1042B0004546EAE72B4694E74046D1E7D0467BE700
:1042C000023D624432E708460AE76444023842E7A6
:1042D000704700BF024B1844407800F00700704759
:1042E0004C2F0020054B1844407800F00300A0F14B
:1042F0000200B0FA80F04009704700BF4C2F002048
:10430000054B1844407800F00300A0F10100B0FA1A
:1043100080F04009704700BF4C2F0020002101F0C1
:104320006FBC00BF0A22002101F01CBD10B4044C78
:1043300003460A4620685DF8044B194600F002B8AF
:10434000143F012038B5A1FB02148CBB00F05CF8CF
:104350000546E0B150F8042C22F00302043A242A66
:1043600017D8132A1AD91B2AC0E900441DD9242AB8
:1043700014BF00F1100200F118024FF00003C0E971
:10438000024404BF04614461C2E9003393602846DB
:1043900038BD214601F04CFF284638BD02460023B7
:1043A000C2E900339360284638BD00F10802F6E701
:1043B00002F062FB0C2300250360E8E7931E222B2A
:1043C00010B50C460CD80A2A03D001F0D9FC2046BF
:1043D00010BD0028F9DA2D2301F8013B4042F4E733
:1043E00000230B70184610BD024B0146186800F000
:1043F0000BB800BF143F0120024B0146186802F0C1
:10440000A1BE00BF143F01202DE9F04F01F10B06C2
:10441000162E83B0044624D8102900F2BA8000F08A
:10442000ABFA102618220220B54F3A44A2F1080137
:1044300053688B4200F0BA805A68D96822F00302B0
:104440001A449D68E9608D60516841F00101204681
:10445000516003F1080500F095FA284603B0BDE865
:10446000F08F36F0070600F19480B14200F291809F
:1044700000F082FAB6F5FC7FC0F09A81730A00F072
:104480008F80042B00F26F81B30903F1390003F12F
:10449000380CC3009A4F3B44A3F108055B689D426A
:1044A00006D10CE0002980F22781DB689D4206D00E
:1044B0005A6822F00302911B0F29F3DD60463D6923
:1044C000DFF850C265457CD06A6822F00302931B76
:1044D0000F2B00F37B81002BC7E904CC80F26C81A9
:1044E000B2F5007F80F01A81D308796801334FEA72
:1044F000521E012202FA0EF20A4357F833E0C5F8C1
:1045000008E007EBC3010839E9607A6047F83350E7
:10451000CEF80C50831001219940914257D8114296
:1045200006D120F003004900114200F10400FAD046
:1045300007EBC0094D468646D5F80C80454508D1A5
:104540001DE1002B80F22481D8F80C80454500F055
:104550001681D8F8042022F00302931B0F2BF0DD04
:104560002046D8E9025408EB060146F00106C8F8D7
:104570000460EC60A56043F00104C7E90411C1E9DF
:1045800002CC4C6048F8023000F0FCF908F1080554
:1045900002E00C2323600025284603B0BDE8F08F1D
:1045A0004FF4007340204FF03F0C73E7D3689A42FA
:1045B00008BF02307FF440AF3D69DFF858C1654560
:1045C00082D17A688310012199409142A7D9BD68B0
:1045D0006B6823F003094E4503D8A9EB06030F2BA4
:1045E0007ADCDFF834B1474BDBF800201B6801327E
:1045F000334405EB090A00F0338103F580530F3390
:1046000023F47F6828F00F084146204602F00CFA98
:10461000411C024600F0F380824500F2EE803A4BE6
:10462000196841441960084600F04E81DBF800101B
:10463000019301311BBFA2EB0A010918CBF800203E
:10464000196012F0070B00F01781CBF108010A4442
:10465000CBF5805190440831A1EB0801C1F30B0A5E
:1046600051462046009202F0DFF9421CDDE90023AA
:1046700000F04F81801A00EB0A081968BA6048F010
:1046800001005144BD425060196000F02981B9F128
:104690000F0F40F227816868A9F10C0C2CF0070C71
:1046A00000F0010040EA0C0068604FF0050E05EBD9
:1046B0000C00BCF10F0FC0E901EE00F2328150682E
:1046C0001546124B1A688A4238BF1960104B1A6897
:1046D0008A4238BF196094E0AA1943F0010346F0FA
:1046E00001066E602046BA60536000F04BF9083551
:1046F000284603B0BDE8F08FD9681A44A1E600BF90
:10470000F83A012080D3012050D3012078D3012032
:104710007CD30120003B0120003F0120B2F5206F37
:104720004FEA522363D3142B00F2B78003F15C01EC
:10473000C9005B3307EB010E7958AEF1080E8E45C8
:1047400000F091804B6823F00303934202D98968FB
:104750008E45F7D1D1F80CE07A68C5E9021ECEF893
:104760000850CD60D6E6142B59D9542B00F29D8009
:10477000330B03F16F0003F16E0CC3008AE60EF1F8
:10478000010E1EF0030F05F108057FF4D5AE51E0D0
:10479000424445465368D8F80C1043F00103536077
:1047A00055F8083F2046D9608B6000F0EBF8F3E63F
:1047B000F00806F1080237E62A442046536843F021
:1047C00001035360083500F0DDF8E5E6A91920463D
:1047D00046F0010643F001046E60C7E90411C1E927
:1047E00002CC4C60AB5000F0CDF80835D4E693090C
:1047F00003F13901C90038339CE7BD425FD0BD6881
:10480000686820F003084645A8EB060302D80F2B82
:104810003FF762AF204600F0B5F80025BCE603F193
:104820005C0003F15B0CC30034E659F808394B45D2
:1048300040F0968010F0030F00F1FF30F5D17B6857
:1048400023EA01037B60490099423FF6C0AE19B9E3
:10485000BDE649000EF1040E1942FAD0704667E633
:1048600003F11008D0E69A104FF001087B6808FAAF
:1048700002F21A437A6070E702EB08014942C1F381
:104880000B0A51462046009202F0CEF8431CDDE9A7
:1048900000237FF4EFAEDA46EFE6542B25D8130B56
:1048A00003F16F01C9006E3344E7B3F5AA7F25D841
:1048B000F30B03F1780003F1770CC300EAE5294B11
:1048C000186840441860B1E6CAF30B0CBCF1000F45
:1048D0007FF4ACAEBD68C84448F001006860F0E603
:1048E0001546EEE60123536094E7B3F5AA7F23D87B
:1048F000D30B03F17801C90077331BE740F2545220
:10490000934223D8B30C03F17D0003F17C0CC30068
:10491000C0E5ABF1080BD844A8EB02084FF0000A41
:10492000ABE605F108012046009302F00BFCBD68E0
:10493000009B68681968C4E640F254518B420BD85A
:10494000930C03F17D01C9007C33F3E64FF47E73D1
:104950007F204FF07E0C9DE54FF47E717E23E9E6CB
:104960007B6870E750D30120024B014618688268CB
:1049700004F0B8BE143F0120014802F085BA00BF20
:1049800048D30120014802F081BA00BF48D301207A
:10499000024B1B680022C3E926027047143F012026
:1049A00010B4044C03460A4620685DF8044B1946CF
:1049B00000F002B8143F01202DE9F84F17460029F6
:1049C00000F098800C4607F10B058046FFF7D4FFF6
:1049D000162D54F8041C5BD810252A46AF425CD82B
:1049E00021F003069642A4F1080962DABC4BD3F821
:1049F00008C009EB0600844500F09780D0F804C099
:104A00002CF0010303445B68DB0768D42CF0030C33
:104A100006EB0C03934247DACB0710D454F8083C5A
:104A2000A9EB030ADAF8043023F003018C44B44400
:104A3000944580F211817318934280F2E8803946E0
:104A40004046FFF7E1FC0746E0B154F8043C23F090
:104A500001034B44A0F10802934200F0D280321FC0
:104A6000242A00F2F580132A00F2AC800346224685
:104A7000116819605168596092689A6021464046F1
:104A800002F060FB4046FFF77DFF3846BDE8F88F37
:104A900025F00705002D2A46A0DA0C23C8F80030BF
:104AA00000273846BDE8F88F1E46D0E90223D360C0
:104AB0009A60731B0F2B22D8D9F8043003F001033E
:104AC00033434E44C9F80430736843F00103736004
:104AD00040462746FFF756FF3846BDE8F88FC9071E
:104AE000ADD454F8083CA9EB030ADAF8041021F01D
:104AF0000301A0E7BDE8F84F1146FFF785BCD9F8E0
:104B0000042009EB050102F001024E4443F00103C9
:104B10002A43C9F804204B60736843F0010308314D
:104B20007360404602F00EFBD2E7DCF8040020F090
:104B3000030B06EB0B0C05F1100084454DDAC90799
:104B40003FF57DAF54F8081CA9EB010ADAF8041010
:104B500021F003018B44B34458453FF76CAF5746EF
:104B6000DAF80C1057F8080F321F242AC160886049
:104B700000F2DB80132A40F2D6802168CAF80810C0
:104B80006168CAF80C101B2A00F2DF8008340AF1B1
:104B900010022168116061685160A16891600AEBA0
:104BA0000501ABEB050242F0010299604A60DAF8B8
:104BB000043003F001032B434046CAF80430FFF7EA
:104BC000E1FE6EE723680360636843601B2A68D8D0
:104BD00004F1080200F108034AE709EB05029A60B4
:104BE000ACEB050343F00103536054F8043C03F0BD
:104BF00001032B43404644F8043CFFF7C3FE27461D
:104C00004FE750F8043C23F003031E4451E7574696
:104C1000DAF80C1057F8080F321F242AC160886098
:104C20004CD8132A48D92168CAF808106168CAF814
:104C30000C101B2A56D808340AF110021E462368AD
:104C4000136063685360A3689360D1463C4630E7C5
:104C5000214601F071FA11E7D0E902135746CB6003
:104C6000996057F8081FDAF80C30CB60321F242AFD
:104C700099602DD8132A29D92368CAF808306368A7
:104C8000CAF80C301B2A42D808340AF110032268F3
:104C90001A6062685A60A2689A606646D1463C46CD
:104CA00007E7A3688360E368C360242A26D004F181
:104CB000100200F11003DBE63A46BFE72146384612
:104CC0001E46D14601F038FA3C46F2E63B46DEE7A6
:104CD000214638466646D14601F02EFA3C46E8E6C3
:104CE000F83A0120A168CAF81010E168CAF8141057
:104CF000242A20D010340AF118029FE723690361A7
:104D00006169416104F1180200F11803B0E6A3687B
:104D1000CAF81030E368CAF81430242A21D01034BD
:104D20000AF11803B3E73A4633E72146384601F063
:104D300003FA164B33E72269CAF818206269CAF8E9
:104D40001C2018340AF1200278E7A168CAF8101074
:104D5000E168CAF81410242A0DD010340AF11802A0
:104D600017E72369CAF818306369CAF81C30183489
:104D70000AF120038BE72269CAF818206269CAF891
:104D80001C2018340AF1200203E700BFF83A012082
:104D90002DE9F04F2DED108B97B08A460021079238
:104DA000129100220021CDE9041280465146119152
:104DB0000F4611F8012B2D2A5ED801A050F822F0E1
:104DC000612D0200792C0200792C0200792C02005E
:104DD000792C0200792C0200792C0200792C020037
:104DE000792C0200AF2B0200AF2B0200AF2B020088
:104DF000AF2B0200AF2B0200792C0200792C0200AD
:104E0000792C0200792C0200792C0200792C020006
:104E1000792C0200792C0200792C0200792C0200F6
:104E2000792C0200792C0200792C0200792C0200E6
:104E3000792C0200792C0200792C0200792C0200D6
:104E4000AF2B0200792C0200792C0200792C020091
:104E5000792C0200792C0200792C0200792C0200B6
:104E6000792C0200792C0200792C02009B3302007D
:104E7000792C02008733020000210991302A7DD06D
:104E8000002308932F2A144640F2CD844FF00009E6
:104E900038464E464D4612E00130082D1190C8BFED
:104EA00009EB89090478C6BF02EB4902A2F1300977
:104EB000A3F130062F2C05F1010522466FDD06EB2C
:104EC0008603392C02EB4303E6DD9F49012201F002
:104ED00087FA002837D1119B1A4601331193547871
:104EE000002D40F04385302C40F02485C3F10102B1
:104EF0009818013311931C78302CF9D0A4F13103A8
:104F0000082B00F20183119F431CA4F1300B0B937B
:104F10000125BC464FF0000E06EB86060BEB46065D
:104F200000200CF1010311939CF80140A4F1300121
:104F3000092900F2BB8201308B46002940F04F84E2
:104F4000DDF844C0EDE70020652CAE460B908446AA
:104F500001D0452C30D1002D6BD1089B034367D184
:104F6000079B9FED778B13B1079BC3F800A0B0EEB2
:104F7000480B17B0BDEC108BBDE8F08F7A7802F0CB
:104F8000DF02582A00F00C84013711973A78302A52
:104F9000FAD0002A00F0B7800123089372E76A492B
:104FA000012201F01DFA002800F0C080AE464FF04B
:104FB000000CCDF82CC060464FF0000B002D7ED0C9
:104FC00007EE906A0B9BB8EE677BABEB0303BEF179
:104FD000000F08BFAE46102D0A932B46A8BF102322
:104FE000092D8DED047B0CDD584A02EBC30212ED56
:104FF000125B06EE909AB8EE666BA7EE056B8DED30
:10500000046B0F2D00F3A8800A9A002A00F0E483B5
:105010000A9A40F33C83162A40F398840A99C5F112
:1050200025028A4280F2A6840A9AEB1A134499E078
:105030000025DDF844A00AF1010311939AF801401C
:105040002B2C00F05E822D2C00F0F78100230A93B8
:10505000A4F13003092B00F2EB81302C05D1119B18
:10506000013311931C78302CFAD0A4F13103082BB2
:10507000A2D8119A0C92531C1193A4F1300B5478BE
:105080002F2C07DCDEE3013311934C782F2CA2F197
:10509000300B06DD0BEB8B02392C194604EB420278
:1050A000F1DD0C9A9B1A082B40F3CC8344F61F6B5E
:1050B0000A9B002B82D0CBF1000B002D80D1089BE6
:1050C000034320D1BCF1000F7FF44AAF692C00F0FC
:1050D000CF8300F3F382492C00F0CA834E2C7FF477
:1050E0003FAF1B4911A802F04FFC00283FF438AF36
:1050F000119B1B78282B00F0F2841648FEF72CFF3A
:10510000B0EE408B01E09FED0E8B079A0AB1119B28
:105110001360099B002B3FF42AAFB1EE488BB0EE31
:10512000480B17B0BDEC108BBDE8F08F119B0B90B6
:105130005A1C11925C78AE46F8E600BFAFF30080CF
:105140000000000000000000883C0020A8020020B1
:10515000D03000201C4F00200A9AEB1A1344002B79
:1051600040F3B08213F00F010AD0C34A02EBC10230
:105170009DED046B92ED007B27EE067B8DED047BAD
:1051800033F00F0240F038820023089300962B463C
:1051900072463946404604F063FB8146002800F021
:1051A000E1820B9BA3EB0B0B0A9B9FEDA9EB002B62
:1051B0009FEDA9CB9FEDAADB9FEDABBBB4BF5A46D9
:1051C00000224FF0000A23EAE3730B920C9354463B
:1051D000D9F80410404604F0C1FA0646002800F051
:1051E0000E81D9F810209DED048B0232920009F156
:1051F0000C010C30FCF7FEFCB0EE480B14AA13A90E
:10520000404604F0E9FE1290002800F0E4800121FD
:10521000404604F0CDFB0446002800F0F080139ACD
:10522000002AC0F2DE800B9B0C9F02EB030B089B55
:10523000149DD21A2A44914B013A9A42C5F136057F
:1052400080F29880991A1F29A5EB010500F3E380ED
:10525000012202FA01F30D9300230E932F44089BC1
:105260005D44AB455A461F44A8BF2A46BA42A8BF70
:105270003A46002A03DDAD1ABF1AABEB020B0B9BBB
:10528000002B00F38880002D00F39C800A9B002BEC
:1052900000F3B780002F00F3A980BBF1000F08DDF9
:1052A00021465A46404604F0BFFC0446002800F060
:1052B000A68012993246404604F050FD82460028EE
:1052C00000F09D800023C568C360214604F024FDE2
:1052D0000028C0F2C78300F061832146504604F0E5
:1052E000E5FEB0EE007BB4EEC70BF1EE10FA46D847
:1052F000002D00F0CB80B7EE009B0598604B00229C
:105300006049DFF884C100EA0107674500F0D480F6
:10531000089959B1B7F1D46F08D8B4EECB9BF1EE30
:1053200010FA40F2568103F1D661CB1BB0EE480B68
:1053300043EC1A2B04F0BCFDAAEE008B8DED048B20
:1053400018EE903A089A22B94E4A1A40974200F055
:10535000E4801299404604F027FA3146404604F0B2
:1053600023FA2146404604F01FFA5146404604F015
:105370001BFA2DE701230021CDE90D316EE7B6EED2
:10538000009B20EE099B002D5FD1B1EE497B059873
:1053900053EC172BB4E721461A46404604F0E4FBD1
:1053A000044660B30146129A404604F02FFB30B326
:1053B0000F901299404604F0F7F90F9A1292002DBF
:1053C0007FF764AF12992A46404604F02DFC1290F4
:1053D00000287FF45BAF22239FED258BC8F80030B7
:1053E000BCE00C9BDDF82CB09F1A20E731463A4612
:1053F000404604F019FC064600287FF44EAF129890
:10540000E9E731460C9A404604F0AEFB0646002818
:105410007FF440AFF3E7C2F17F4202F57F0202F56D
:105420007B420121E23201FA02F3CDE90D1315E7C7
:10543000CDF844A04FF0000BC0E501230A930AF118
:10544000020311939AF8024002E6B0EE497B9EE710
:105450009535A094FFFFCF3F9535A094FFFFDF3F28
:1054600035E5AF350000E03F0000C0FFFFFFDF4142
:10547000000000000000F07FA802002002FCFFFFF7
:105480000000F03F0000F07F0000E07FDDE9041243
:10549000002900F08580DDE90412012900F0D8819F
:1054A0001046B74BB7EE009B002229E7652C4FF062
:1054B000010C3FF4BEAD4CE543EC1A2BA0F1547344
:1054C00005939DED04FBB0EE4F0B04F0F1FCAD49EC
:1054D000AAEE00FB1FEE903AAB4A194091428DEDC7
:1054E00004FB72D9A94B18EE902A9A4203D118EE08
:1054F000103A013383D0A54A4FF0FF33CDE904328F
:1055000027E700230A939AE7652C00F0D080452C0A
:1055100000F0CD804FF0010CD1E551EC190B0D934B
:10552000FEF73AFD07F0D8FD049B1D430D9B41ECAF
:10553000170BC3F313031D4339EE479B00F0A08004
:10554000B4EECC9BF1EE10FA05D4B4EECD9BF1EEA7
:1055500010FA7FF7FEAE9DED048B1298014640468F
:1055600004F022F93146404604F01EF92146404637
:1055700004F01AF94946404604F016F951464046EF
:1055800004F012F9C1E501220992791C11917A788F
:10559000002A3FF4E5AC0F4670E400220992F4E7DC
:1055A000C2F313031046002B7FF47BAFB7EE007BF2
:1055B000B4EEC70BF1EE10FA00F1D381B6EE009B0A
:1055C00020EE099BB1EE497BE2E603F154730593AB
:1055D000B8E6BCEEC99B19EE103A012B38BF012387
:1055E00009EE103AB8EE499B002D40F03E81B1EE35
:1055F000497B53EC172B96E6B2F59A7F00F3B28005
:10560000102A4FEA221340F38682614C9DED047B01
:1056100000202246014613F0010F01F101014FEA7B
:10562000630304D092ED006B012027EE067B012B73
:1056300002F10802EFD108B18DED047B059BA3F1C7
:105640005473059304EBC1049DED046B94ED007B52
:105650004C4B27EE067B17EE902A4E4913408B42A7
:105660008DED047B7ED8A1F580118B4240F2D6816E
:10567000464C4FF0FF33CDE904340023089385E511
:10568000B4EECE9BF1EE10FA7FF563AE63E716320F
:10569000FFF662AD0B9BA3EB0B0B3F4B03EBCB0376
:1056A00093ED007B9DED046B86EE078B2DE54FF0AF
:1056B000000ECDF82CE04FF0010C4EE46E2C3FF4C0
:1056C00010AD4DE43FF460AD5B4213F00F010AD022
:1056D000314A02EBC1029DED046B92ED007B86EE38
:1056E000077B8DED047B1B113FF44EAD1F2B33DC8C
:1056F00013F0100218BF6A229DED047B0892274A1E
:105700000021D80704D592ED006B012127EE067B1E
:105710005B1002F10802F4D109B18DED047B089B06
:1057200093B1DDE90401C1F30A52C2F16B03002B0E
:105730000ADD1F2B40F32F820020342B049040F30E
:1057400040824FF05C7305939DED047BB5EE407B8A
:10575000F1EE10FA7FF41AAD22239FED058BC8F805
:105760000030D2E422239FED048BC8F80030CCE453
:105770000000000000000000000000000000F07FBA
:105780000000F0BF0000F07FFFFF9F7CFFFFEF7F76
:10579000800200200000A07CA8020020200600203B
:1057A0000293099B019312AB0093A74A13AB11A973
:1057B000404601F01FFE10F00F0504463FF4A3AC75
:1057C000062D74D1079B9FED9A8B0137002B3FF478
:1057D000CEAB1F60FFF7CBBB9DED048B95E40B9B1D
:1057E000DDF844C003440B93012805F101031A4678
:1057F00014D02844441E03E046009C420DD00133DF
:105800002A46082A1D4606EB8600F5D9102BDCBF78
:1058100009EB89094FEA4909EFE70232082D3CDC20
:105820001546FFF779BB89490122384600F0D8FDBB
:10583000002800F082804FF0000EF1467646754653
:10584000FFF7B5BB44F61F639B45A8BF9B462FE4FB
:10585000DDE904231846002B7FF423AE22239FEDBD
:10586000748B1298C8F8003078E6B0EE497BC0E639
:10587000774911A802F088F800283FF471AB119B1A
:105880007449013B11A8119302F07EF810B9119BE5
:10589000013311939FED688B37E4102ADCBF09EBCD
:1058A000890901EB490915460020FFF73ABB129A16
:1058B0003AB1352114A804F02BFC1299404603F0AC
:1058C00073FF013D139B042D00F28F81DFE805F08B
:1058D000032D2A1F0300149A049203F23342159BEE
:1058E00023F4801343EA02530593E50502D543F000
:1058F00000430593584A1A409DED048B002A7FF41B
:1059000004AC01F0B9F822230360FFF7FEBB4FF0AF
:10591000FF336FF00046CDE90436E3057FF55CAF59
:10592000059BE4E74C4B0593F7E7149B0493159B09
:105930000593DAE70020FFF7E1BA119B1A4601331D
:105940001193547806468146FFF7CDBA434B03EBDB
:10595000C20393ED008B9DED047B28EE078BFFF7D0
:10596000D4BBBEEE007BB6EE009B11E5AE460B90BD
:10597000FFF7DCBA394BC5F10F054A1B03EBC50530
:1059800003EBC20395ED008B93ED007B9DED046B63
:1059900028EE068B28EE078BFFF7B7BB002D00F033
:1059A0009580DDE904BC2E4BCCF31301994262468D
:1059B00000F0D2800E9B002B00F0A580DDE90412E0
:1059C000134217461AD0B0EE480B002D00F0A68007
:1059D00004F06EFA089B7BB1C7F30A53C3F16B0363
:1059E000002B09DD1B0503F17F51002001F540115B
:1059F00041EC170B20EE070B38EE008B089B5BB1D8
:105A00009FED0F7B144B28EE078B18EE902A134066
:105A100013B92223C8F8003012989FE502F154739D
:105A2000059300230893FFF7B1BB00BFAFF30080DD
:105A30000000000000000000000000000000F07FF7
:105A4000000000000000503904360020883C00208F
:105A5000C4300020C83000200000F07FA8020020E1
:105A6000FFFF0F00DDE904120D43C7D1C2F313039A
:105A70001746002BC2D122F000431B0D1B05B3F1CA
:105A8000D66FBBD9DAF814301BB9DAF81030012B15
:105A9000B4DD51460122404604F0C6F82146824654
:105AA00004F03AF90028A9DD089B002B7ED1504B69
:105AB0003B40A3F580136FEA13536FEA035305933A
:105AC0004FF0FF3304939DED048B97E7DDE904125B
:105AD000C2F313030B4317467FF46CAFE4E7454969
:105AE00011A814AA01F06CFF05287FF406AB159BE2
:105AF00043F0FF4343F4E0030593149B04939DEDAF
:105B0000048BFFF702BBDDE904010D9B03423FF468
:105B100075AF0F4657E7384C00218FE504F0C8F900
:105B2000089B002B55D0C7F30A53C3F16B03002B1E
:105B300009DD1B0503F17F5101F54011284641ECB9
:105B4000170B20EE070B38EE408BB5EE408BF1EED5
:105B500010FA7FF455AF81E6089B04991BB3244BE0
:105B60001340B3F1D46F1ED81B0DC3F16B034FF07C
:105B7000FF3000FA03F399427FF41CAF1F4B9A42A7
:105B800030D01B4B134003F580130593002304937F
:105B90009DED048B32E74FF0FF3202FA03F3049AD3
:105BA0001A400492D0E54FF0FF33E4E7104B3B403E
:105BB000B3F1D66F3FF77DAFB3F15C7F3FF720AF16
:105BC0004CE6C2F14B024FF0FF3393400B4005937C
:105BD000BAE538EE408BB5EE408BF1EE10FA7FF46B
:105BE0001BAF3BE60131CCD109E400237DE600BFC9
:105BF0000000F07F1836002080020020FFFFEF7FBA
:105C000010B4054C054B84460A4620685DF8044BE9
:105C10006146FFF7BDB800BF143F01208C39012059
:105C2000012B2DE9F84F40D0242B98463DD84C4D00
:105C30008E4676461EF801BB15F80B4014F008049A
:105C4000F7D1BBF12D0F72D0BBF12B0F08BF9EF81F
:105C500000B06FF0004908BF06F1020E002B42D0E1
:105C6000102B57D0B9FBF8F700252E4608FB179AE2
:105C700005E033D008FB06C601251EF801BBABF1D9
:105C8000300CBCF1090F06D9ABF1410CBCF1190F76
:105C900012D8ABF1370C634517DDB5F1FF3FECD0FF
:105CA000B742E6D24FF0FF35E7E700F0E5FE1623F6
:105CB00003600020BDE8F88FABF1610CBCF1190F57
:105CC00003D8ABF1570C6345E7DC6B1C27D08CB9CC
:105CD0000AB1A5BB11603046BDE8F88FE245C9DACC
:105CE0004FF0FF35C9E7BBF1300F05D04FF00A0880
:105CF0004346B7E77642EBE79EF8003003F0DF0358
:105D0000582B21D14FF010089EF801B043460EF1F8
:105D1000020EA7E7BBF1300F1AD09846A2E7222364
:105D2000036072B10EF1FF314E461160D3E79EF869
:105D300000B04FF0004906F1020E01248EE7B14693
:105D4000F0E74E463046C7E74FF00808434689E77C
:105D50009EF8005005F0DF05582DD3D0984681E716
:105D60004D2F002010B4054C8446134620685DF882
:105D7000044B0A466146FFF753BF00BF143F0120A2
:105D8000F0B5254FA2F1020E164605460C460FCF80
:105D90008BB0EC46ACE80F000FCFACE80F0097E8F3
:105DA00003004CF8040BBEF1220F8CF800102ED823
:105DB00004F1FF3E70464FF0000CB5FBF6F206FB17
:105DC000125328336B44614613F828CC00F801CFF6
:105DD0002B469E4201F1010C1546EED9002304F832
:105DE0000C3089B1A44472461EF8010F1CF8015D05
:105DF0008EF80050A4EB0E030232013B121B0B4441
:105E00009A428CF80000EEDB20460BB0F0BD002378
:105E1000184623700BB0F0BD242F002010B50C469F
:105E2000B1F90E1000F0E4FD002803DB236D0344FC
:105E3000236510BDA38923F48053A38110BD00BF47
:105E40002DE9F0410C46B1F90C101F46CB05054673
:105E500016460BD421F48051A1813B46B4F90E10B3
:105E600032462846BDE8F04100F0F0BDB4F90E100E
:105E70000223002200F0A0FDB4F90C10EAE700BFF5
:105E800010B50C46B1F90E1000F096FDA389421C26
:105E90000EBF23F4805343F480532065A38110BDCB
:105EA000B1F90E1000F076BD024A0349034800F034
:105EB000EFB800BF083F0120D17F02000030012071
:105EC0000C4B4168994210B5044601D004F080F9AA
:105ED000A168094B994202D0204604F079F9E168A3
:105EE000064B994204D02046BDE8104004F070B93A
:105EF00010BD00BF84D30120ECD3012054D4012075
:105F00002DE9F8432A4C2B4B2B48DFF8C090DFF8E3
:105F1000C0802A4F1860002504230822294604F176
:105F20005C00274E6566C4E90253C4E90055C4E924
:105F30000455A56100F07CF9224B636708222946CD
:105F400004F1C400C4E90749C4E90987C4E91A5542
:105F5000C4E91E55C4F8CC502567C4F88050E662E9
:105F600000F066F9184BC4F8DC30294604F16803E8
:105F7000082204F59670C4F88430C4E92298C4E974
:105F80002476C4E93455C4E93855C4F83451C4F80A
:105F9000D850C4F8E85000F04BF904F1D003C4E93C
:105FA0003C98C4E93E76C4F8EC30BDE8F88300BF05
:105FB00084D30120BCD40120A93C0200813C020012
:105FC000A13C020009000100120002001D3C020079
:105FD000413C020010B504460A4800F055FF636BCF
:105FE00023B9094B094A1B68626323B1BDE810401D
:105FF000044800F04BBFFFF783FFBDE810400148A5
:1060000000F044BF4CD30120BCD40120C13C0200AD
:10601000014800F039BF00BF4CD30120014800F017
:1060200035BF00BF4CD30120F0B5ADF5057D04AF01
:10603000009313464FF400720E460392394603AAAA
:10604000054600F045FA88B104460246039B3146F6
:10605000284600F0FBFCBC42039004D028462146B1
:1060600001F070F803980DF5057DF0BD4FF0FF309D
:10607000F9E700BF10B4054C8446134620685DF86C
:10608000044B0A466146FFF7CFBF00BF143F012013
:106090002DE9F84380460F4616464FF00009D6E931
:1060A0000154013D11D4A389012B05F1FF3508D915
:1060B000B4F90E300133214603D04046B84749EACF
:1060C00000096B1C04F16804EDD13668002EE6D19E
:1060D0004846BDE8F88300BF032A70B514D940EAEA
:1060E00001039B0722D104460B46194620460E6841
:1060F0000568B54204F1040403F1040316D1043A1F
:10610000032A20461946F0D8541E9AB1421E01397E
:1061100001E0C3180CD012F801EF11F801CFE645E9
:10612000A4EB0203F5D0AEEB0C0070BD541EEDE7FE
:10613000184670BD104670BD88420DD98B18834239
:106140000AD900EB020CBAB1624613F801CD02F88D
:1061500001CD9942F9D170470F2A0ED8034602F1BA
:10616000FF3C4AB10CF1010C013B8C4411F8012BAE
:1061700003F8012F6145F9D1704740EA01039B07FD
:1061800050D1A2F1100370B501F1200C23F00F05DE
:1061900001F1100E00F11004AC441B095EF8105C14
:1061A00044F8105C5EF80C5C44F80C5C5EF8085C2B
:1061B00044F8085C5EF8045C44F8045C0EF1100ED0
:1061C000E64504F11004E9D1013312F00C0F01EBA4
:1061D000031102F00F0400EB031327D0043C24F05A
:1061E00003064FEA940C1E441C1F8E465EF8045BA7
:1061F00044F8045FB442F9D10CF1010402F0030247
:1062000003EB840301EB840102F1FF3C4AB10CF182
:10621000010C013B8C4411F8012B03F8012F61455F
:10622000F9D170BD02F1FF3C03469BE72246EBE744
:10623000830730B548D0541E002A3FD0CAB2034667
:1062400001E0013C3AD303F8012B9D07F9D1032C5F
:106250002DD9CDB245EA05250F2C45EA054536D99D
:10626000A4F1100222F00F0C03F1200EE6444FEAD5
:10627000121C03F1100242E9045542E902551032A2
:106280007245F8D10CF1010214F00C0F03EB02126D
:1062900004F00F0C13D0ACF1040323F00303043318
:1062A000134442F8045B9342FBD10CF003042CB17D
:1062B000C9B21C4403F8011B9C42FBD130BD6446AB
:1062C0001346002CF4D1F9E703461446BFE71A46FB
:1062D000A446E0E7830710B5044610D10268A2F196
:1062E000013323EA020313F0803F08D150F8042F52
:1062F000A2F1013323EA020313F0803FF6D00378C2
:106300001BB110F8013F002BFBD100F037FD2046F8
:1063100010BD00BF11F0FF01034644D0820732D107
:1063200010B5046841EA012E4EEA0E4E8EEA0402D0
:10633000A2F1013323EA0203A4F1013222EA0402AA
:10634000134313F0803F0FD150F8044F84EA0E0C32
:10635000A4F10133ACF1013223EA040322EA0C0276
:10636000134313F0803FEFD0037823B936E010F8E1
:10637000013F002B32D09942F9D110BD8A4211D091
:106380009A071846CCD0184613F8012B002AF5D1ED
:10639000104670479907184607D01846013302780F
:1063A000002AF7D170478207F7D10268A2F10133C2
:1063B00023EA020313F0803F08D150F8042FA2F122
:1063C000013323EA020313F0803FF6D00378002B59
:1063D000E8D010F8013F002BFBD17047184610BDE4
:1063E000002A3ED040EA01039B0730B584462FD1F6
:1063F000032A2DD90B4608E0043A8446194625D0D5
:106400001EF0803F22D1032A22D90468194653F88E
:10641000045BA4F1013EAC4284462EEA040E00F176
:106420000400E9D09CF800000C78A0421BD1E6469D
:1064300068B11EF8010F11F8014FA2EB0E03A04244
:1064400003F1FF330FD11CEB0303F1D1002030BD6A
:106450009CF800000C78844205D1012AF6D0E6466B
:10646000E6E710467047001B30BD00BF40EA01035D
:106470009B0730B501D1032A0FD8844601F1FF3EB6
:1064800007E01EF8011F03F8011B541EC1B19C4612
:1064900022466346002AF4D130BD0B468446194695
:1064A00053F8045BA5F1013424EA050414F0803F9D
:1064B000E4D1043A032A4CF8045B1946EFD8DDE72F
:1064C0009444002CE8D003F8011B6345FBD130BD98
:1064D00030B5146815469BB01A4609B1002C19D185
:1064E00000214FF42273ADF80C30009104914FF667
:1064F000FF7302910591ADF80E3069461E9B01F0C5
:106500004FFB002813DB009B286000221A700498C0
:106510001BB030BD4FF4C16300910491ADF80C3055
:106520002146E4DA8B23036000201BB030BD00203D
:10653000EEE700BF38B511F0FF040CD0034600258C
:1065400001E0431C054618462146FFF7E3FE0028FC
:10655000F7D1284638BD2146BDE83840FFF7DABEFE
:1065600001292DE9F0415BD94FF00108C64600240E
:106570004FF0FF35434608E0A3EB05081C464FF0FB
:10658000010E04EB0E038B4210D200EB0E0CC75C25
:106590001CF80560B742EFD332D04FF00108254612
:1065A000C646444404EB0E038B42EED30127C2F8E7
:1065B0000080BE4600244FF0FF363B4607E09F1B9D
:1065C0001C464FF0010E04EB0E038B4210D200EB81
:1065D000060C10F803801CF80EC0E045EFD817D069
:1065E00001272646BE463C4404EB0E038B42EED305
:1065F0000136681C864201D317603046BDE8F08141
:10660000C6450ABF74440EF1010E4FF0010EB8E703
:10661000BE450ABF74440EF1010E4FF0010ED2E7E1
:1066200001270026E8E700BF2DE9F04F9246ADF2C2
:106630001C4D05AA81460F46504619461D46FFF7D8
:106640008FFF134683460DF2144243F8045F9342D2
:10665000FBD1002D00F0DF806C1E06AE0AF1FF3288
:106660000AEB0400009612F8011FAB1A013B5344D9
:10667000824246F82130F6D105995A465144504697
:10668000FFF72AFD00286FD10BF1FF330393CBF105
:10669000010380460646019309EB060E009A1EF898
:1066A000043052F82330DBB1B8F1000F03D0059A63
:1066B0009A4200D9AB1A1E444FF000087B1B9E4241
:1066C000EAD909EB070045F4006103F073FF0744C2
:1066D0007B1B9E42E0D900200DF21C4DBDE8F08FDF
:1066E000C3455B4638BF4346A34210D2591EF21839
:1066F00051444A4402E00133A34208D212F8010B8C
:1067000011F801CF8445F6D0019A1644D3E7C3456A
:10671000039B7ED906EB0B024A440AEB0B0102965F
:1067200002E0434515D0034612F8010D11F8016D42
:10673000864203F1010C03F1FF30F2D0029E634662
:1067400008F1010898450AD8059B1E44A5EB0308EB
:10675000B4E7434608F101089845029EF4D9704613
:106760000DF21C4DBDE8F08FA5EB0B035B4538BF68
:106770005B46013305930BF1FF330193CBF101032A
:106780000026029345F4006809EB0601009A0B5DB0
:1067900052F823306BB11E447B1BB342F4D209EB99
:1067A0000700414603F006FF07447B1BB342EBD2D0
:1067B00091E7A34514D2019B0BEB06020AEB030CF5
:1067C0004A445B4602E00133A34209D212F8010BAE
:1067D0001CF801EF8645F6D0029A16441E44DBE70A
:1067E000BBF1000F10D00BEB060048440AEB0B0284
:1067F00001E0534508D012F801ED10F801CDE6454F
:106800001346F6D0059BC6E708460DF21C4DBDE8C1
:10681000F08F5B4694E706AB4FF0FF3400932BE715
:106820002DE9F0410D46097890B00446002954D076
:106830006A78002A00F08380AB78002B51D0E8788A
:106840002E68002800F082802B79002B57D0284634
:1068500000F076FB064640F40071204603F0AAFEE5
:1068600086425BD8FE2E00F28680801B27184022CD
:10687000711C6846FFF7DCFC7EB16A1E5FFA86FC7D
:10688000901912F8013F03F03F0340336B44A91AFB
:106890006144824203F8401CF3D1013CA35D03F044
:1068A0003F0340336B4413F8403C1C44A74203D2DF
:1068B00039E04444A74236D314F806C00CF03F0C2C
:1068C0000CF140030DEB030C2046324629461CF820
:1068D000408CFFF701FC0028EBD1204610B0BDE84A
:1068E000F081007842EA014200E00C4640EA0343AE
:1068F000611C98B19A426078F7D1013CEDE72278AB
:1069000062B131BA01E099421ED042EA0323204627
:1069100014F8012F002AF6D1994215D00024204600
:1069200010B0BDE8F081BB5DB819002BF6D04FF474
:10693000006103F03FFE0744BC42AED9EEE710B061
:10694000BDE8F041FFF7E6BCC41EC6E7120442EA08
:10695000016242EA03232178024600E02C4641EA24
:106960000200651C02020029D8D0B3EB002F617829
:10697000F4D1023CB1E7014633462A46204610B026
:10698000BDE8F041FFF750BE014B93F82801704776
:106990008C39012038B5074D0022044608462A608C
:1069A000FBF7F4FE431C00D038BD2B68002BFBD056
:1069B000236038BDA4D5012038B50C46084D844667
:1069C000114620461A4600232B606446FBF7EAFE78
:1069D000431C00D038BD2B68002BFBD0236038BD92
:1069E000A4D5012013460A460146022000F016BB3A
:1069F00038B50C46084D8446114620461A460023F9
:106A00002B606446FBF7C0FE431C00D038BD2B68EA
:106A1000002BFBD0236038BDA4D50120B7EEC00AFF
:106A2000002303F0DDBD00BF38B5074D002204464A
:106A300008462A60FBF78EFE431C00D038BD2B6849
:106A4000002BFBD0236038BDA4D5012038B50C46FF
:106A5000084D8446114620461A4600232B606446A2
:106A6000FAF7BCF8431C00D038BD2B68002BFBD0D4
:106A7000236038BDA4D50120014B1868704700BFC2
:106A8000143F012000000000000000000000000092
:106A900000000000000000000000000000000000F6
:106AA000A2EB0300704700BF02780B78012A28BFD1
:106AB0009A42F5D16DE9044540EA0104CDE9026747
:106AC0006FF0000C4FEA447212B380EA010414F034
:106AD000070F6AD100F0070420F0070004F0030557
:106AE00021F007014FEAC505F0E8042314F0040F74
:106AF000F1E804670CFA05F462EA040266EA0406A7
:106B00000AD063EA0403624667EA0407664603E0C4
:106B1000F0E80423F1E8046782FA4CF582EA0604FF
:106B2000A4FA8CF46CBB83FA4CF583EA0705A5FA4A
:106B30008CF595B950E9022351E9026782FA4CF5C8
:106B400082EA0604A4FA8CF483FA4CF583EA07057A
:106B5000A5FA8CF52543DBD09CB92DBAB5FA85F49E
:106B600024F0070427FA04F1DDE9026723FA04F3AD
:106B700003F0FF0001F0FF01FDE80445A0EB010078
:106B8000704724BAB4FA84F424F0070426FA04F116
:106B9000DDE9026722FA04F202F0FF0001F0FF01D2
:106BA000FDE80445A0EB0100704714F0030F3CD151
:106BB00010F0030428D150F8082B51F8083B82FA52
:106BC0004CF582EA0305A5FA8CF55DB950F8042C62
:106BD00051F8043C82FA4CF582EA0305A5FA8CF5DB
:106BE000002DE8D02DBAB5FA85F424F0070423FA75
:106BF00004F122FA04F202F0FF0001F0FF01FDE8C7
:106C00000445A0EB010070474FEAC40420F00300E4
:106C100050F8082B21F0030151F8083B0CFA04F45A
:106C200062EA040263EA0403C9E710F003041AD01D
:106C3000A1EB040120F00300E40750F8042B06D078
:106C40000FD28B785FFAA2F4E41A06D12BB1CB787D
:106C50005FFAB2F4E41A00D11BB920465DF8104B7C
:106C6000704701F1040150F8042BCC0721F0030117
:106C700051F8043B48D824D222F07F4482FA4CF5E4
:106C800094EA1325A5FA8CF50AD165B951F8043BAD
:106C900084EA0204B4EB036F0ED150F8042BEBE747
:106CA0004FEA132355E035F07F454DD10878FDE8D4
:106CB0000445C0F1000070474FEA126203F0FF0381
:106CC00047E002EA1C4482FA4CF594EA1345A5FA1F
:106CD0008CF50AD165B951F8043B84EA0204B4EB9F
:106CE000034F0CD150F8042BEBE74FEA134330E08D
:106CF00015EA1C4528D10B884FEA124229E04FEAD9
:106D0000124203EA1C4324E002F0FF0482FA4CF52D
:106D100094EA1365A5FA8CF50AD165B951F8043BDC
:106D200084EA0204B4EB032F09D150F8042BEBE7FB
:106D30004FEA13630DE015F0FF0F05D10B684FEA22
:106D4000122223F07F4304E04FF00000FDE80445E9
:106D5000704712BA1BBA82FA4CF482EA0304A4FA0E
:106D60008CF5B5FA85F402FA04F203FA04F34FEA5B
:106D70001260FDE80445A0EB1360704780EA010251
:106D8000844612F0030F4FD111F0030F32D14DF8AA
:106D9000044D11F0040F51F8043B0BD0A3F1013264
:106DA0009A4312F0803F04BF4CF8043B51F8043B77
:106DB00016D100BF51F8044BA3F101329A4312F0EF
:106DC000803FA4F101320BD14CF8043BA24312F0F6
:106DD000803F04BF51F8043B4CF8044BEAD02346F3
:106DE0000CF8013B13F0FF0F4FEA3323F8D15DF8A5
:106DF000044B704711F0010F06D011F8012B0CF86D
:106E0000012B002A08BF704711F0020FBFD031F8E4
:106E1000022B12F0FF0F16BF2CF8022B8CF800206B
:106E200012F47F4FB3D1704711F8012B0CF8012BEE
:106E3000002AF9D1704700BF70B50D4E0D4D761B7D
:106E4000B61006D0002455F8043B01349847A642FA
:106E5000F9D1094E094D761B06F06EF9B61006D031
:106E6000002455F8043B01349847A642F9D170BD7F
:106E7000002000600020006008200060002000600A
:106E8000704700BF704700BF704700BF704700BF2A
:106E900001F0FF01102A2BDB10F0070F08D010F8CB
:106EA000013B013A8B422DD010F0070F42B3F6D1CF
:106EB000F0B441EA012141EA014122F007047FF0E8
:106EC00000070023F0E80256083C85EA010586EA3F
:106ED000010685FA47F5A3FA87F586FA47F6A5FA7B
:106EE00087F68EB9EED1F0BC01F0FF0102F0070287
:106EF00032B110F8013B013A83EA010313B1F8D132
:106F00000020704701387047002D06BF3546033812
:106F1000073815F0010F07D1013015F4807F02BF4B
:106F2000013015F4C03F0130F0BC0138704700BF9C
:106F30000000000000000000000000000000000051
:106F400090F800F06DE9024520F007016FF0000CA9
:106F500010F0070491F820F040F049804FF0000451
:106F60006FF00700D1E9002391F840F000F108002C
:106F700082FA4CF2A4FA8CF283FA4CF3A2FA8CF364
:106F80004BBBD1E9022382FA4CF200F10800A4FACB
:106F90008CF283FA4CF3A2FA8CF3E3B9D1E904231F
:106FA00082FA4CF200F10800A4FA8CF283FA4CF356
:106FB000A2FA8CF37BB9D1E9062301F1200182FA10
:106FC0004CF200F10800A4FA8CF283FA4CF3A2FA16
:106FD0008CF3002BC6D0002A04BF04301A4612BA24
:106FE000B2FA82F2FDE8024500EBD2007047D1E927
:106FF000002304F00305C4F100004FEAC50514F0B6
:10700000040F91F840F00CFA05F562EA05021CBF86
:1070100063EA050362464FF00004A9E72DE9F04753
:10702000DFF87CA00646DAF8000098460F46914645
:10703000FFF72AFF184B1C6824B365681F2D24DC5A
:107040005EB96B1C0235DAF80000636044F8257005
:10705000FFF71CFF0020BDE8F08704EB850101234A
:10706000C1F88890D4F88821AB401A43022EC4F8A6
:107070008821C1F80881E4D1D4F88C211A43C4F8DE
:107080008C21DEE7054C1C60D7E7DAF80000FFF73B
:10709000FDFE4FF0FF30DEE7B0D10120B4D101207A
:1070A00080390120F8B5244F0C460646FDF764FCF4
:1070B000BB685D68C4F57E610F3125F003054B198F
:1070C00023F47F6323F00F03A3F58054B4F5805FAE
:1070D00007DB00213046FFF7A7FCBB682B44984232
:1070E00004D03046FDF74EFC0020F8BD614230462A
:1070F000FFF79AFC01300DD0104ABB682D1B45F0FC
:1071000001055D60136830461B1B1360FDF73AFCF8
:107110000120F8BD00213046FFF786FCBA68831ACB
:107120000F2BDEDD43F001035360054B03491B6861
:10713000C01A0860D5E700BFF83A012050D30120FB
:10714000003F0120002961D0F8B50C460646FDF746
:1071500013FC54F8042C7B4FA4F1080522F0010124
:1071600005EB010CB868DCF80430604523F003033C
:1071700000F08B80D207CCF8043032D454F8082CBD
:10718000AD1A1144AA6807F1080082426AD00CEBDC
:107190000304D4F804E0EC68D4601EF0010FA26090
:1071A00000F0978041F001036B60CCF80010B1F55E
:1071B000007F35D27868CB080122490901338A4023
:1071C000024357F833107A6007EBC302083AC5E967
:1071D000021247F83350CD603046BDE8F840FDF765
:1071E000D1BB0CEB03025268D00710D4194407F14D
:1071F0000800DCF80830834273D0DCF80C20DA6039
:10720000936041F001036B606950D0E7704741F033
:107210000103B1F5007F44F8043CCCF80010C9D359
:10722000B1F5206F4FEA512348D28B0903F13900A1
:1072300003F13802C300F818FB580838984259D0B7
:107240005A6822F003028A4202D99B689842F7D119
:10725000D868C5E902308560DD603046BDE8F84099
:10726000FDF790BB0CEB03025268D20763D40B44CA
:10727000DCE90212CA60916043F001026A603046A4
:10728000EB50BDE8F840FDF77DBB0B44D10707D4B8
:1072900054F8082CAD1A1344D5E90212CA60916063
:1072A00043F001026A60284ABD6012689A4293D88E
:1072B000264B30461968FFF7F5FE8DE7142B0AD9E7
:1072C000542B1FD80B0B03F16F0003F16E02C300A8
:1072D000B1E719448DE703F15C0003F15B02C300E1
:1072E000A9E741F00103C7E90455C5E902006B6055
:1072F000695071E779689210012404FA02F20A4396
:107300007A60A6E7B3F5AA7F06D8CB0B03F1780025
:1073100003F17702C3008EE740F25452934206D83D
:107320008B0C03F17D0003F17C02C30083E74FF473
:107330007E737E227FE741F001036B60CCF8001082
:107340004AE700BFF83A0120043F012080D3012022
:107350002DE9F0410469B4EB611F2FDD00F1140E3B
:107360004E1111F01F0C0EEB84050EEB86032BD093
:107370005EF8261004339D4221FA0CF1CCF120086E
:1073800018D977461A6802FA08F20A4347F8042B1C
:1073900053F8041B9D4221FA0CF1F3D8A31B9B0068
:1073A000053B9B0801330EEB83044EF82310C9B153
:1073B000043417E0416174460029F9D100230361C8
:1073C00000234361BDE8F0819D4288BF00F11002B7
:1073D000F4D953F8041B42F8041F9D42F9D8A41BAA
:1073E0000EEB8404A4EB0E039B1074450361E7D0FD
:1073F000BDE8F0812DE9F04F2DED028B0C688B4636
:10740000A17885B0302908EE100A9246029340F028
:10741000CE816FF00100001BE21C8318144612F8A5
:10742000011B3029F9D0DFF8008318F80120002A69
:1074300000F0E5802278002718F802203D46264615
:107440002AB116F8012F18F80220002AF9D1B549FF
:10745000019301223046FEF7C3FF019B81460028BD
:107460004DD0002D4ED13278A94602F0DF02502ACD
:10747000354650D0CBF80060002F69D12B1B013B63
:10748000072B394604DD5B10072B01F10101FADC03
:1074900018EE100A02F062F98346002800F06682B6
:1074A00000F11406AC42019680F0D2810027CDF89D
:1074B0000C909C49A1463C460CE0202F19D0384640
:1074C00004372A7818F8022002F00F028240144391
:1074D0004D4547D015F8012D2E2AEED14D45ECD360
:1074E00001222846FEF77CFF8E490028F0D0202F8D
:1074F000E5D1002046F8044B04270446E1E7002DBF
:1075000000F04281327802F0DF02AD1B502A4FEAD0
:1075100085093546AED16A782B2A00F025812D2ABF
:1075200000F0A5806E1C002018F802104A1E182AD0
:1075300000F29B80727818F8022010390136002A78
:107540005AD100B149428944CBF80060002F95D050
:10755000002B14BF00250625284605B0BDEC028B84
:10756000BDE8F08FDDF80C90234646F8043B184642
:10757000019BF61AB610CBF8106002F0C9F976013B
:10758000DAF80040301AA04275DCC0F2EF80002724
:10759000DAF808304B45C0F25181DAF804304B4537
:1075A0004ADDA3EB09094C4500F38280DAF80C2090
:1075B000022A00F06581032A00F08181012A00F08F
:1075C0006F8118EE100A594602F0EEF85025109A15
:1075D00000232846136005B0BDEC028BBDE8F08F98
:1075E00001EB810102EB4102A2F1100116F8012F1B
:1075F00018F80220002AA4D0192AF1DDA1E7494990
:10760000019301222046FEF7EBFE019B00286DD17D
:10761000617818F80120651C002A69D030292C46B1
:1076200005D114F8013F302BFBD018F80320B2FA33
:1076300082F77F09012302E7012557B1DAF80C3000
:10764000022B5DD0032B5FD0012B00F0848045F02E
:107650001005109BC3F800B0029B2846C3F80090A9
:1076600005B0BDEC028BBDE8F08F2E4602E701208D
:10767000AA78AE1C58E7061B3146584602F076FD44
:10768000074678B1721E53110199012751F8231052
:1076900002F01F0307FA03F30B4203D0BA4200F3D0
:1076A000E280022731465846B144FFF751FE6FE7AA
:1076B00009F1FF35002F40F0CE80002D40F0CD8045
:1076C0006B11019A05F01F0552F823200123AB40EE
:1076D00013424946584618BF47F00207A4EB090475
:1076E000FFF736FE0225DAF80490A6E72178254652
:1076F00001F0DF01502900F0BF80CBF8005027E7F0
:10770000119BC3F101031193119B002B9FD0DBF858
:107710001070DDF80480BA004346019208EB870040
:10772000002107E0883C0020C02D0020984243F84B
:10773000041C3FD91E4653F8042BB2F1FF3FF5D08D
:107740000132022D326000F0BF8014F01F0440F0BF
:10775000E78021257DE7BA077FF579AF019B1B689C
:107760001F43FB07D3D472E7002081E7221A594652
:1077700018EE100AA9EB020902F056FA00F1140300
:1077800083460193002703E7727818F80200711C02
:10779000002800F0A0800D4611F8012F18F8020013
:1077A0000028F8D1751B4FEA85090E465DE60234C4
:1077B000002338E6DBF808309F4280F28E803B469B
:1077C0000BEB830201210133022DCBF81030516104
:1077D0007AD09F42B9DA002B40F39B80DBF814206B
:1077E00008EB83030BF1180083424FEA520240F288
:1077F000B1804446016842EAC17244F8042B50F853
:10780000042B83424FEA5202F4D8A3EB0B03193B3B
:107810009B08013348F8232008EB8303002A40F03B
:107820009D80A3EB080292104345CBF8102073D043
:10783000DAF8083009F101094B458ADA18EE100A26
:10784000594601F0B1FF109A00231360A32583E687
:10785000019E002389E6012732E72946584602F0B7
:1078600085FC07462CE7B11E584602F07FFC002835
:107870003FF417AF032715E74FF0000901274AE649
:10788000119A002A7FF49DAE02990B60019B0122A0
:10789000CBF810201A60109B6225C3F800B05BE69D
:1078A0004C457FF48EAE012CEED0611E584602F09E
:1078B0005DFC00283FF485AEDAF80430E4E7119A65
:1078C000002A3FF47EAEDFE7DAF80030013BA34246
:1078D00034D02225BDE60E46C7E5DBF8041018EECD
:1078E000100A013101F03AFF0646C8B3DBF8103048
:1078F00002339A000BF10C010C30FAF77BF9594670
:1079000018EE100A01F050FF06F114083369B3466F
:1079100056E70023CBF810300023CBF8143087E76C
:10792000019B4344C4F1200453F8040C01F0F0FF20
:10793000A042BFF60EAFDBF810304CE7631104F045
:107940001F0458F823200123A34013420CBF222513
:1079500021257EE6C8F8002043466AB1043360E77B
:10796000074B08483246842102F0FAFE044B0548D2
:107970005A46E42102F0F4FECBF81020CCE700BF19
:10798000402D0020542D002010B4046809E014F8A4
:10799000013FA3F1410CBCF1190F98BF2033934272
:1079A00009D111F8012B002AF1D101340460012022
:1079B0005DF8044B704700205DF8044B704700BF32
:1079C0002DE9F04F096885B04B1111F01F010290AD
:1079D00002EB8303039140F08F801D1F0193029BF4
:1079E00001991C68002341F8043C617801340029A6
:1079F00000F09880DFF87491A846AC469A461E467F
:107A00000EE0202900F28C80564506DDC44501D2E7
:107A1000072B5BDD624551D3082314F8011FA1B188
:107A200019F801000028ECD00133082B06F10106FB
:107A30003ADCDCF80010090100F00F000843CCF834
:107A4000000014F8011F0029EAD1002E6AD0C445B5
:107A500001D2072B74DD624552D2111F634653F8E1
:107A6000040B41F8040FAB42F9D9A5EB0C0323F04A
:107A70000303691C04330CF1010C614538BF042376
:107A80001344002143F8041BAB42FBD9019B53F87C
:107A9000043C2BB9AA4249D055F8043D002BF9D03B
:107AA000052005B0BDE8F08F6245B6D200234CF842
:107AB000043C1946ACF1040C0123BDE70023ACF1F2
:107AC00004084CF8043CB246C446A6E7C3F10801DA
:107AD000DCF800308900C1F1200E60469B46476803
:107AE00007FA0EF343EA0B0327FA01FB036040F8A1
:107AF00004BF4045F3D38DE7191D01911D466EE784
:107B0000039B002BC2D0039B0198C3F120014FF0CF
:107B1000FF33CB4050F8041C0B4040F8043CB8E75E
:107B2000292909D0042005B0BDE8F08F01230520E4
:107B30002B6005B0BDE8F08F029901340C6084E73A
:107B4000DCF80010C3F108039B00C3F12007644672
:107B50000846666806FA07F1014326FA03F0216039
:107B600044F8040F4445F4D375E700BFC02D00204E
:107B700082B049B15AB16BB113780B601278101E04
:107B800018BF012002B0704701A9002AF3D11046A6
:107B900002B070476FF00100F4E700BF0000000082
:107BA0002DE9F04F2DED088BD1B00C460BEE101ADD
:107BB00090460893834602F00FFD0368129318461F
:107BC000FFF7BEF920AF1090082200213846FEF7DB
:107BD0002FFBA3891B0603D52369002B00F05587D3
:107BE00000239FED838B9FED849BCDE92533CDE969
:107BF0001333CDE9153327AA0E932492924611939D
:107C000004934446A1467E4BD3F8E450FEF7BCFEF5
:107C10004A4603461CA900975846A847002800F08A
:107C2000B080C0F2A6801C9A252A034601D0994450
:107C3000E9E7B9EB0405064640F0A78000234FF0C2
:107C4000FF328DF867309846069309F1010999F8DB
:107C5000003003922B25202609F10109A3F120020F
:107C60005A2A00F2CF80DFE812F0E802CD00CD0002
:107C7000E302CD00CD00CD006A00CD00CD000502AD
:107C80008402CD001002C902CD00BD025B005B0082
:107C90005B005B005B005B005B005B005B00CD009A
:107CA000CD00CD00CD00CD00CD00CD005301CD00E5
:107CB00083011A02530153015301CD00CD00CD00C1
:107CC000CD001502CD00CD009602CD00CD00CD0037
:107CD000AB01CD00AA02CD00CD00E306CD00CD0062
:107CE000CD00CD00CD00CD00CD00CD005301CD00A5
:107CF0008301DE015301530153017702DE017F004E
:107D0000CD008902CD005F02E0062F027F00CD008A
:107D1000AB017C00B806CD00CD00BD06CD007C00D7
:107D2000A3F13002002119F8013B01EB810102EBC4
:107D30004101A3F13002092AF5D906918EE7584690
:107D400002F04AFC436815931846FFF7F9F81690BD
:107D5000584602F041FC83681393169B002B40F0B9
:107D60002D8699F8003077E799F8003048F0200820
:107D700072E7082200213846FEF75AFA0123994497
:107D800041E7B9EB0405064611D0269B2B44269308
:107D9000259B0133072BCAE9004525931CDC0AF11A
:107DA000080A049B2B440493002E7FF447AF269BC4
:107DB000002B41F00B821BEE103AB3F90C3013F09C
:107DC000400F049B18BF4FF0FF330493049851B049
:107DD000BDEC088BBDE8F08F1BEE101A24AA5846A4
:107DE00003F0FCFB0028E6D10DF19C0AD9E700BFA7
:107DF0000000000000000000FFFFFFFFFFFFEF7F1B
:107E00008C3901200B93002BD1D00021CDE90C112E
:107E10008DF8DC3001238DF86710029307910593EC
:107E200003910F9137AC18F00203099302D0029B23
:107E30000233029318F084030A9305D1069B029A39
:107E40009D1A002D00F36983269A89B125990DF1B9
:107E5000670001310132CAF8000007294FF0010024
:107E600026922591CAF8040000F3A2830AF1080AB9
:107E7000099B83B1259B1AA901330232CAF800106D
:107E8000072B4FF0020126922593CAF8041000F345
:107E9000A3830AF1080A0A9B802B00F06C82039BE3
:107EA00005995D1A002D00F3A58218F4807F40F03B
:107EB0000D82059BCAF804301A44259BCAF800407D
:107EC0000133072B2692259300F31B830AF1080A3E
:107ED00018F0040F05D0069B02995C1A002C00F3E1
:107EE0008883049B069902988142ACBF5B181B18DB
:107EF0000493002A40F0B08200232593079B1BB116
:107F000007995846FFF71EF90DF19C0A4C4679E691
:107F10000B93089B073323F00703B3EC028BB0EEFF
:107F2000C87BB4EE497BF1EE10FA089340F3E98484
:107F3000B5EEC08BF1EE10FA01F159809DF8671093
:107F4000AB4CAC4B28F080080B9A472AC8BF1C46A4
:107F50000023CDE90C330322079302920592039389
:107F60000F9300293FF45FAF029B013302935AE75E
:107F7000432B0B9303D018F0100F00F05D85089D84
:107F80000822002122A837ACFEF752F922AB55F89F
:107F9000042B2146584602F075FB03460133059039
:107FA00001F0EE82059B089523EAE373029300211A
:107FB000CDE90C118DF86710079103910F9132E70D
:107FC0000B93089B1A4600238DF86730134653F82D
:107FD000044B0893002C00F048850B9B532B00F0BA
:107FE000EC8618F010030C9340F0E786039B5D1CB1
:107FF00001F0E5800C991A462046FEF749FF0790EC
:10800000002801F02883079B1A1B05920C9B039301
:1080100022EAE2720F930D93079373239DF8671082
:1080200002920B939DE718F0200F0B93089B3DD015
:10803000073323F007031A4611465B6851F8082BF3
:1080400008911946002BC0F20C84039B013300F009
:108050009E8228F0800052EA0103029040F099824B
:10806000039B002B40F09A828046002303930593E4
:1080700050AC06E1089B53F8042B0692002A80F2CC
:108080001984069A08935242069299F8003048F0F3
:108090000408E1E599F8003048F00808DCE548F00C
:1080A000100818F0200F0B93089BC1D118F0100F87
:1080B00040F00B8418F0400F00F0038433F9042BD8
:1080C0000893D1170B46BDE7089B48F002020292C5
:1080D00053F8042B089347F63003ADF86830782046
:1080E000454B1193002102230B900020039C8DF837
:1080F0006700601C00F0AD80029820F0800852EA12
:10810000010040F0A480002C40F0AE86002BACD1E2
:10811000029B13F00103059300F0D18330238DF807
:108120003F310DF23F14ACE018F0200F40F0D48343
:1081300018F0100F40F09F8618F0400F40F097871E
:1081400018F4007F00F09786089B049953F8042BDD
:10815000089311704C4655E599F80030682B03BF21
:1081600099F8013048F4007809F1010948F0400815
:1081700072E599F800308DF867506DE599F8003098
:108180006C2B03BF99F8013048F0200809F1010970
:1081900048F0100860E50B9348F0100818F0200133
:1081A00000F05183089B073323F00703596853F805
:1081B000082B089328F480630293002395E70B9320
:1081C00048F010030293029B13F0200100F0298372
:1081D000089B073323F00703596853F8082B0893CB
:1081E000012382E799F8003048F0800834E500BFA9
:1081F000D4300020F03C0020C83F0020494611F850
:10820000013B2A2B01F04982A3F13002092A894659
:1082100098BF002101F2448119F8013B01EB810173
:1082200002EB4101A3F13002092AF5D9039115E5CA
:1082300099F8003048F001080EE59DF86730002BF2
:108240007FF48FAD99F800308DF8676004E5CDF8C4
:108250000880012B00F09D81022B50AC20D1119899
:1082600002F00F031209C35C04F8013D42EA0172F7
:10827000090952EA0103F3D150AB1B1BDDF808805A
:108280000593059A03989DF8671082424FF000030A
:10829000B8BF0246CDE90C33079302920F9360E614
:1082A00002F00703D20842EA4172C908303352EAA9
:1082B0000105204604F8013DF2D1029AD10700F1F0
:1082C0004D8250AB1B1B90460593DAE70B9B652B49
:1082D00040F3D480B5EE408BF1EE10FA40F0C1814E
:1082E000259BBA49CAF80010013301320121072B3E
:1082F00026922593CAF8041000F351850AF1080A62
:108300001B9B0E998B4280F2D082109B12991A44CB
:10831000CAE90013259B26920133072B259300F30E
:1083200097830AF1080A0E9B5C1E002C7FF7D0ADE4
:10833000102C259B40F36E851BEE106A102505E07E
:108340000AF1080A103C102C40F364850133A0495F
:108350001032072BCAE90015CDE92532F0DD24AA39
:108360003146584603F03AF900287ED1DDE925323E
:108370000DF19C0AE6E7069B02995D1A002D7FF736
:108380008EAD102D259B21DD099410261BEE104A81
:1083900004E0103D102D0AF1080A16DD01338C4966
:1083A0001032072BCAE90016CDE92532F1DD24AAE7
:1083B000214658460DF19C0A03F010F9002854D1CB
:1083C000103D102DDDE92532E8DC099C8049CAF812
:1083D000045001332A44072BCDE92532CAF8001096
:1083E00000F32685039B05995D1A002D0AF1080A02
:1083F0007FF75BAD102D259B1FDD514610261BEE30
:1084000010AA04E0103D102D01F1080114DD013324
:108410006F481032072BC1E90006CDE92532F1DDA6
:1084200024AA5146584603F0D9F8F0B9103D102D52
:10843000DDE9253227A9EADC8A4601336449CAF816
:1084400004502A44072BCDE92532CAF8001000F366
:10845000DA810AF1080A28E51BEE101A24AA584608
:1084600003F0BCF800283FF447AD079B002B3FF416
:10847000A2AC07995846FEF765FE9CE40E9B012BC3
:1084800040F37A81259BCAF8004001330132012173
:10849000072B26922593CAF8041000F3F8810AF1FD
:1084A000080A1099129801330A44072BCAE90001FF
:1084B000CDE9253200F3DD810AF1080AB5EE408BE3
:1084C000F1EE10FA00F077810E9901330139013491
:1084D0000A44072BCAF800402593CAF804102692D4
:1084E00000F35B810AF1080A1499CAF804100133F9
:1084F0000A44072B1EA9CDE92532CAF800107FF7E0
:10850000E5AC1BEE101A24AA584603F067F80028C1
:10851000ABD1269A0DF19C0ADAE4102DDDE9251283
:108520002C4E24DD179410231BEE104A084604E05D
:10853000103D102D0AF1080A17DD0130103207280E
:10854000CAE90063CDE92502F2DD24AA2146584696
:108550000DF19C0A03F042F8002886D1103D102D41
:10856000DDE925024FF01003E7DC179C01460131DD
:108570002A440729CDE92512CAF80060CAF8045038
:1085800000F3BD839DF867100AF1080A5DE4CDF899
:1085900008800A2A71F1000380F0458330320123FC
:1085A000DDF808808DF83F2105930DF23F1468E651
:1085B0001BEE101A24AA584603F010F800287FF486
:1085C00054AF269A0DF19C0A52E400BF18540020C3
:1085D000D42F0120E83000201BEE101A24AA5846A0
:1085E00002F0FCFF00287FF440AF269A0DF19C0AB0
:1085F00051E4102C259BBE4E1FDD1BEE108A10256A
:1086000004E0103C102C0AF1080A16DD0133103288
:10861000072BCAE90065CDE92532F2DD24AA4146DF
:1086200058460DF19C0A02F0D9FF00287FF41DAFD7
:10863000103C102CDDE92532E8DC01332244072B05
:10864000CAE90064CDE925327FF74BAC1BEE101A66
:1086500024AA584602F0C2FF00287FF406AF269AEB
:108660003FE41B99002940F35A830C9E0E9B9E42C7
:10867000A8BF1E46002E0BDD259B01333244072B7D
:10868000CAE900462692259300F389860AF1080A72
:108690000C9D002EA8BFAD1B002D00F303820C9B88
:1086A00018F4806F2344059340F01F821B9B0E99A2
:1086B0008B4203DB18F0010F00F0CF841099129861
:1086C0000A44CAE90001259926920131072925911A
:1086D00000F3A5860AF1080A0E996518CC1A059BC5
:1086E000ED1AA542A8BF2546002D0DDDCAF80030C1
:1086F000259BCAF8045001332A44072B2692259360
:1087000000F3BB860AF1080A002DA8BF641B002CE9
:108710007FF7DEAB102C259B40F37C831BEE106AA9
:10872000102505E00AF1080A103C102C40F3728372
:10873000013370491032072BCAE90015CDE9253203
:10874000F0DD24AA3146584602F048FF00287FF4A5
:108750008CAEDDE925320DF19C0AE5E7302B3FF4C4
:108760008BAD3023023804F8013C50AB1B1ADDF806
:1087700008800593044684E518F0010F7FF482AE6B
:10878000259BCAF80040013301320121072B2692B4
:108790002593CAF804107FF7A5AE1BEE101A24AA81
:1087A000584602F01BFF00287FF45FAEDDE925325A
:1087B0000DF19C0A98E60E994C1E002C7FF794AEA2
:1087C000102C40F361831BEE106A102505E00AF1BE
:1087D000080A103C102C40F35783013345491032EE
:1087E000072BCAE90015CDE92532F0DD24AA314670
:1087F000584602F0F3FE00287FF437AEDDE925325B
:108800000DF19C0AE5E71BEE101A24AA584602F067
:10881000E5FE00287FF429AE269A0DF19C0AFFF7A9
:1088200044BB029B13F0100340F0C180029A12F087
:10883000400200F07A83089850F8042B08901946FB
:1088400092B2012351E418F0100355D118F0400200
:1088500000F05D83089850F8042B0890194692B2F6
:10886000A8E4524261EB4101CDF808802D2001239C
:108870003CE41BEE101A24AA584602F0AFFE002872
:108880007FF4F3ADDDE925320DF19C0A16E61BEE0F
:10889000101A24AA584602F0A1FE00287FF4E5AD84
:1088A000DDE925320DF19C0AFBE518F0010F3FF4DC
:1088B0000FAB2AE5089399F80030FFF7CDB950AC1B
:1088C000DFE418F4007F40F0DB8353F8042B0893B7
:1088D000D1170B46FFF7B6BB089B049853F8041B4F
:1088E0000893C217C1E900024C46FFF78BB900BFDD
:1088F000E8300020D42F0120089B53F8042B089364
:1089000058E4B4EE488BF1EE10FA80F194860B9B9C
:10891000612B00F05285412B00F0C085039B013391
:108920000B9B23F0200500F08084472D04D1039B8E
:10893000002B08BF0123039318EE903A002B48F454
:1089400080724646C0F21886B0EE48AB00239046CF
:10895000099307930B9B413B252B00F29883DFE89B
:1089600013F06F0496039603960368046C04960351
:10897000960396039603960396039603960396032F
:10898000960396039603960396039603960396031F
:10899000960396039603960396039603960396030F
:1089A0009603960396039603960368046C04089B4B
:1089B00053F8042B08930123FFF797BB139B002B5D
:1089C0003FF4CFA9139B1B78002B3FF4CAA999F859
:1089D000003048F48068FFF73FB90B93CDF808806A
:1089E000FFF7F1BB0B939A4B119318F0200100F0A5
:1089F0000581089B073323F00703596853F8082BB8
:108A0000089318F0010F0AD052EA010307D00B9B1C
:108A10008DF86930302348F002088DF8683028F46A
:108A2000806302930223FFF760BB0B93FFF7B6BB93
:108A30000B93884B1193D8E7089B012153F8042B23
:108A400002918DF8DC200893059137ACFFF7AFBA9F
:108A50001BEE101A24AA584602F0C0FD00287FF42D
:108A600004AD269A0DF19C0A5DE4039B0794062B46
:108A7000224628BF062303942146CDE90C22764CDA
:108A8000029305930F92FFF76CBA40215846FBF70B
:108A9000BBFC20602061002800F00F86402363614A
:108AA000FFF79EB8102D259B40F35D82514610269E
:108AB0001BEE10AA04E00831103D102D40F3528245
:108AC000013366481032072BC1E90006CDE9253293
:108AD000F1DD24AA5146584602F080FD00287FF4BB
:108AE000C4ACDDE9253227A9E6E70E9BCDF824903A
:108AF000E31803930D9BCDF82880139E059DDDF8A8
:108B00005890DDF83C800B941BEE101A5046002B59
:108B100034D0B8F1000F35D10D9B013B013E0D93D0
:108B2000159BC0E90039259B01334A44072B269247
:108B300025936CDC0830039B96F800C05B1B6345F3
:108B4000A8BF6346002B9A460CDD259C01341A44CD
:108B5000072CC0E900532692259400F3778196F8FC
:108B600000C00830BAF1000FACBFACEB0A04644699
:108B7000002C0ADC65440D9B002BCAD1B8F1000F14
:108B800000F0AC8308F1FF38CAE7102CDDF894C080
:108B900024DD05954FF0100A63460D4604E0103CB5
:108BA000102C00F1080016DD01332C491032072B80
:108BB000C0E9001ACDE92532F1DD24AA294658463C
:108BC00002F00CFD00287FF450AC103C102CDDE9C5
:108BD000253227A8E8DC2946059D9C460CF10103B7
:108BE00022444460072B1D4C0460CDE9253200F37C
:108BF000C68396F800C008306544BCE718F010033F
:108C000000F0C280089B53F8042B0893F9E624AACD
:108C10005846059102F0E2FC00287FF426AC269A23
:108C2000059927A887E70298CDF81CA050AC00F45E
:108C3000806000250AEE10BA094BDDF84CA0CDF893
:108C40001490A3464FF00508AC46044610E000BF60
:108C5000C83F0020E0590020DC300020D42F012044
:108C6000CDCCCCCC0A2A71F1000136D34A4631462C
:108C7000501840F10000A3FB005626F0030505EB59
:108C80009605401B151A4FF0CC3661F1000E06FB1D
:108C900005F6A5FB039503FB0E6609F0010E2E44B5
:108CA000AEFB085E2D184FEA590930350BF8015C10
:108CB00049EAC6790CF1010C0BF1FF3B7608002C58
:108CC000D0D09AF800008445CCD1BCF1FF0FC9D0B8
:108CD0000A2A71F1000180F08F815C4650AB1B1BAA
:108CE000DDF81490CDF84CA01AEE10BADDF81CA0F7
:108CF000DDF80880CDF838C00593FFF7C2BA1BEE47
:108D0000101A24AA584602F069FC00287FF4ADAB83
:108D10009DF86710269A0DF19C0AFFF796B8259BDF
:108D2000BE48CAF80000013301320120072B269209
:108D30002593CAF8040000F377810AF1080A002994
:108D400040F0AF800E9908F001030B433FF4C0A838
:108D5000109B12991A44CAE90013259B26920133ED
:108D6000072B259300F352820AF1080A0E99CAF8DC
:108D7000004001330A44072BCDE92532CAF804101C
:108D80007FF7A4A8FFF7BDBB18F0400200F0DD801C
:108D9000089850F8042B0890194692B231E61BEE61
:108DA000101A24AA584602F019FC00287FF45DAB83
:108DB000269A0DF19C0AFFF7A3BA22AE08220021E1
:108DC00030461D94FDF734FA039B5A1C00F0DB80FB
:108DD0000025CDF80890CDF81C809946A8460CE0F7
:108DE00037A9584601F04EFC431C404400F0C883AC
:108DF000484508DC00F0188480461D9A52593346D5
:108E00000435002AECD1CDF81480DDF80890DDF8A7
:108E10001C80C5E001338249CAF804402244072B74
:108E2000CAF80010CDE925327FF750A8FFF769BBDB
:108E30001BEE101A24AA584602F0D0FB00287FF43B
:108E400014AB269A0DF19C0AFFF729B824AA5846BC
:108E5000059102F0C3FB00287FF407AB96F800C031
:108E6000269A059927A87DE6012BCDF808807FF486
:108E7000F3A9FFF793BB089B049953F8042B4C46C6
:108E800011600893FEF7BEBE01336549CAF804407D
:108E90002244072BCDE92532CAF800107FF722AB18
:108EA0007BE4109B12981A44CAE90003259B269282
:108EB0000133072B259300F3A9810AF1080A002941
:108EC000BFF654AF4D42103180F20F831BEE101AE3
:108ED000102605E00AF1080A103D102D40F3058325
:108EE00001334F481032072BCAE90006CDE925327D
:108EF000F0DD24AA5846039102F070FB00287FF4AD
:108F0000B4AADDE9253203990DF19C0AE4E7089B38
:108F100018F400711ABF114653F8042B53F8042BB0
:108F2000089318BFD2B2FFF745B9029B13F4007142
:108F3000089B1ABF114653F8042B53F8042B0893CF
:108F400018BFD2B20123FFF7D0B8089B18F4007104
:108F50001ABF114653F8042B53F8042B089318BF7B
:108F6000D2B24EE58A4601332D49CAF804502A444C
:108F7000072BCDE92532CAF8001000F339810AF138
:108F8000080AFFF78CBB0023194600961DAA584615
:108F900001F09EFB03460133059000F0F1821D9421
:108FA000059B002B4ED0632B00F318810023079301
:108FB00037AC082200213046FDF73AF9059D0096AE
:108FC0002B461DAA2146584601F082FB854240F0FF
:108FD0007C83059A0023A35422EAE272CDE90C3384
:108FE0009DF86710039302920F93FEF7BABF2D21ED
:108FF0008DF86710FEF7A4BF169B1599ABEB030B1A
:109000001A465846FDF732FA9AF80120054B0AB184
:109010000AF1010A4FF0000C28E600BF18540020A6
:10902000D42F0120CDCCCCCC1BEE101A24AA58464C
:1090300002F0D4FA00287FF418AA1B99269A0DF1A1
:109040009C0A7CE6059B9DF867100F93CDE90233DF
:10905000CDE90C330793FEF784BF0E990598651888
:109060002D1ACC1AA542A8BF2546FFF74DBB089B79
:10907000049953F8042B089311804C46FEF7C2BDA7
:1090800013F9042B0893D1170B46FEF7DBBF039AA5
:10909000022122AB01931DAB009358461BABB0EEEF
:1090A0004A0B029201F010FC472D029A044600F090
:1090B0006181462D104405D12378302B00F06F825A
:1090C0001B9A1044B5EE40ABF1EE10FA40F0468129
:1090D00003461B1B0E93472D00F01081462D00F018
:1090E000B5811B9B0C930C9B412D03F1FF331B930C
:1090F00000F0E5819DF82C200021002BB8BF0C9BCF
:109100008DF87820BABFC3F101032D222B22092B41
:109110008DF8792040F3DA810DF18F05DFF81CC45A
:109120002A4610468CFB0321DA17C2EBA10202EBA0
:109130008201A3EB4101303100F8011C194663297B
:10914000134600F1FF32ECDC3033D9B2831E9D426E
:1091500002F8011C40F28B8213460DF17A0201E005
:1091600013F8011B02F8011B9D42F9D10DF1910387
:109170000DF17A021B1A13441EAA9B1A14930E9B1C
:10918000149A012B1A44059240F30382059B109A0E
:109190001344059326F48063059A43F480780023F2
:1091A000CDE90C3322EAE2720F930292099B002B65
:1091B00040F0B1809DF867100393FEF7D2BE2046C1
:1091C000FDF7BEFE02460590FEF720BF1BEE101A0B
:1091D00024AA584602F002FAFEF7EDBD591C584683
:1091E000FBF712F90446002800F0CA810790E0E678
:1091F0001BEE101A24AA584602F0F0F900287FF45A
:1092000034A9269A0DF19C0AFFF749BA1BEE101AF1
:1092100024AA584602F0E2F900287FF426A9DDE9E5
:1092200025321B990DF19C0A49E606230393FFF7AB
:1092300083BB039B02215A1C2BE7039A032128E7D7
:109240001BA8B0EE4A0B01F04FFAB4EE007B20EE03
:10925000070BB5EE400BF1EE10FA01D101231B9381
:10926000B348039BB3EE005B013B224604E0B5EE3E
:10927000400BF1EE10FA13D020EE050BFDEEC07B93
:10928000B3F1FF3F17EE901A415CB8EEE76B9446DE
:1092900030EE460B02F8011B194603F1FF33E6D10D
:1092A000B6EE006BB4EEC60BF1EE10FA00F3488197
:1092B000B4EE460BF1EE10FA04D117EE903ADB074C
:1092C00000F13E81002906DB4B1C1344302102F8DB
:1092D000011B9342FBD1131B0E93FCE60B9C0E9BD0
:1092E000DDF82490DDF828801396E3189D42294686
:1092F00028BF194682460591FFF7D8B91B9B0C93EE
:10930000DA1C02DB039A93420CDD0B9B023B0B93AE
:1093100023F02005E7E62D2100238DF86710039345
:10932000FEF722BE0C9B0E9A9342C0F2BD80F0075E
:109330000C9B40F13281109A13440593710503D5BB
:109340000C9B002B00F33581059B23EAE37302930A
:1093500067230B9300230F930D9327E7229B8342F0
:10936000BFF4B7AE30215A1C22921970229B98424A
:10937000F9D8AEE6F30700F1A780229BA9E624AA5C
:109380005846059102F02AF900287FF46EA896F855
:1093900000C0269A059927A86544FFF7ECBB1BEE91
:1093A000101A24AA584602F019F900287FF45DA883
:1093B000269A0DF19C0AFFF76BB978238DF8693076
:1093C00030238DF86830039B632B48F0020600F3CE
:1093D000A6800023079337AC18EE903A002B48F490
:1093E00081782BDBB0EE48AB0B9B23F020050023EC
:1093F00009930B9B612B7FF4ADAAB0EE4A0B1BA81F
:1094000001F072F9B4EE007B20EE070BB5EE400BD5
:10941000F1EE10FA01D101231B93464821E71BEE20
:10942000101A24AA584602F0D9F800287FF41DA883
:109430001B9B269A0DF19C0AFFF74EB90B9B23F05C
:1094400020052D230993B1EE48ABD2E71B9A0C926D
:10945000002A06F0010340F30D8103990B4340F00D
:10946000CF800C9B059366230B93720500F1A380BC
:10947000059B23EAE37302936CE71BEE101A24AA00
:10948000584602F0ABF800287EF4EFAF1B9C0E9B11
:10949000269A1C1B0DF19C0AFFF736B958238DE75D
:1094A00000220392FEF7DABB0E9B109A9A180C9BCF
:1094B0000592002B40F3AB8067230B93D5E70B9A03
:1094C0000F32D2B2012118E6A018FBE5002940F0C6
:1094D000A88030228DF87A200DF17B02303302F81B
:1094E000013B1EABD31A149349E601331249CAF863
:1094F00004502A44072BCDE92532CAF800107FF723
:1095000033AC1BEE101A24AA584602F067F8002864
:109510007EF4ABAFDDE925320DF19C0A26E4591C3F
:109520005846FAF771FF044650B3079054E700BF5E
:10953000E0590020C83F0020D42F012067666666EE
:10954000CDF888C012F8011C90F80FC06145134691
:109550000AD14FF0300E03F801EC229B591E2291E4
:1095600013F8011C8C45F6D0392916BF0131817AD8
:10957000C9B203F8011CAEE600239046079360E7EA
:109580001BEE102AB2F90C3043F040039381FEF732
:1095900016BCF5077FF5FEADF8E50593CEE6B5EE12
:1095A00040ABF1EE10FA3FF48BADC2F101021B9219
:1095B00087E567230B9313990B78FF2B79D0002550
:1095C0000C9A284603E001300131FF2B08D093426A
:1095D00006DAD21A4B78002BF5D10B780135F4E777
:1095E0000C9213910D900F950F9A0D9B16991344A1
:1095F000059A01FB0323059323EAE3730293D5E560
:10960000109BD3181944662305910B932DE7C3F1E2
:1096100001031A4422EAE2730293672305920B9333
:1096200098E60DF17A0259E7039BDDF80890DDF822
:109630001C800593B4E418EE903A002BB4BF2D21A2
:109640009DF86710254C264BB8BF8DF8671028F0A1
:109650008008FEF779BC039B0293059373239DF862
:10966000671003900F900D900B93FEF77ABC0223C6
:10967000149384E5039A134305D1012366220293D0
:109680000B92059366E6109B01331A4422EAE273BB
:109690000293662305920B935CE6089A99F80130D1
:1096A000894652F8041B089241EAE1710391FEF7E2
:1096B000D3BA00230F930D9396E70C23CBF8003019
:1096C0004FF0FF330493FEF781BB1BEE102A938902
:1096D00043F040039381FEF7C8BE00BFD83000209E
:1096E000FC3C002070B50E461446054610B1436B95
:1096F000002B2FD0636ED80702D4A389990520D5FB
:10970000A368013B002BA36019DAA26993420FDB27
:10971000F0B20A280CD023685A1C226005461E703D
:10972000636EDA0702D4A3899B050ED5284670BD67
:1097300028462246314600F07FFE0546F0E7F0B2AB
:10974000E9E7A06DFDF7A0FBDAE7A06DFDF79EFB52
:10975000284670BDFCF73EFCCCE700BF436C70B5FB
:1097600005460C464BB153F8240080B1026843F81B
:1097700024200023C0E9033370BD21220421FAF71D
:10978000E1FD034668640028EDD1002070BD012191
:1097900001FA04F6721D92002846FAF7D3FD00285C
:1097A000F3D0C0E90146E4E731B1436C4A6853F8AD
:1097B0002200086043F82210704700BF2DE9F041F5
:1097C0000E6980460F461D4601F1140E0020DEF89A
:1097D00000108CB202FB0453090C4FEA134C02FB3D
:1097E00001CC01309CB204EB0C4486424EF8044B91
:1097F0004FEA1C45EBDC3DB1BB68B34207DD07EB2C
:10980000860301365D613E613846BDE8F0817968C6
:1098100040460131FFF7A2FF0446B0B13A69023277
:1098200007F10C0192000C30F8F7E4F9D8F8443055
:109830007A6853F82210396043F82270274607EB04
:10984000860301365D613E61DEE7034B0348224635
:10985000BA2100F085FF00BF402D0020C02E00205F
:109860002DE9F8431746274A1E4608330C46092EB1
:1098700082FB03124FEAE3730546C3EB620339DD53
:109880004FF0010C00214FEA4C0C634501F101013E
:10989000F9DC2846FFF762FF014668B3089B436185
:1098A000092F4FF00103036112DC0A340927BE427D
:1098B0000BDDF21BA61814F8013B0A22303B2846A8
:1098C000FFF77CFFA6420146F5D10846BDE8F883C4
:1098D00004F10909C8463C4418F8013B0A22303B10
:1098E0002846FFF76BFFA0450146F5D1A7F1080414
:1098F0004C44DCE70021CCE70A46034B0348D32164
:1099000000F02EFF398EE338402D0020C02E0020BD
:10991000030C1B04D3B90004102310F07F4F04BFC5
:109920000002083310F0704F04BF0001043310F040
:10993000404F04BF80000233002805DB10F0804F49
:1099400003F1010308BF2023184670470023E4E712
:10995000036813F0070208D0D9071FD49A0722D54D
:109960005B08036001221046704799B209B91B0CCD
:109970001022D9B209B908321B0A190704BF1B0902
:109980000432990704BF9B080232D90703D45B084D
:1099900002F1010205D00360104670470022104614
:1099A00070472022DFE79B080222036010467047C1
:1099B00038B5436C04460D464BB15868B0B10268E7
:1099C0005A6000220123C0E90435C26038BD21225B
:1099D0000421FAF7B7FC034660640028EDD1094B77
:1099E0000948002240F2451100F0BAFE1C22012174
:1099F0002046FAF7A7FC0028F1D001220223C0E993
:109A00000123DEE7402D0020C02E00202DE9F04F7D
:109A10000E691569AE4285B08846144605DB2A46B4
:109A2000234635460C4616469846A3686168AF192A
:109A3000BB42B8BF0131FFF791FE0190002800F052
:109A40008780019B03F1140909EB870AD14505D2F0
:109A50004B46002243F8042B9A45FBD808F1140822
:109A600008EB860B04F11403D8451A4603EB850571
:109A70005FD22B1B153B23F0030304331534A5429F
:109A800038BF0423CDE902A7AC461F46924605E045
:109A9000090C29D1C34509F1040948D958F8041B18
:109AA0008DB2002DF4D056464C46002356F8041BC8
:109AB00022681FFA81FE90B2090C05FB0E00120C01
:109AC000034405FB012202EB13429BB243EA02432B
:109AD000B44544F8043B4FEA1243E7D849F807304D
:109AE00058F8041C090CD5D0D9F8003050461A4655
:109AF0004C4600260588120C01FB052216449BB239
:109B000043EA064344F8043B50F8045B22682D0CFA
:109B100093B201FB053303EB164384454FEA13462A
:109B2000E8D8C34549F8073009F10409B6D8DDE99A
:109B300002A7002F02DC05E0013F03D05AF8043DE4
:109B4000002BF9D0019B18461F6105B0BDE8F08FCE
:109B5000034B0448019A4FF4B17100F001FE00BFBD
:109B6000402D0020C02E002012F003032DE9F0410B
:109B70001446064632D10D46A41020D0D6F84080B7
:109B8000B8F1000F33D0E3074FF0000707D464109B
:109B900015D0D8F80000A8B18046E307F7D54246B3
:109BA00029463046FFF732FFB5B16968736C64101F
:109BB00053F821202A6043F821500546E9D1284670
:109BC000BDE8F081424641463046FFF71FFFC8F826
:109BD000000007608046E0E70546D8E7013B0F4AF2
:109BE00052F823200023FFF7E9FD0546C4E70121D1
:109BF0003046FFF7B3FD804640B1012340F27122A9
:109C0000C0E90432002330640360BCE7044B05481C
:109C1000424640F2451100F0A3FD00BFC0540020B1
:109C2000402D0020C02E00202DE9F0470D4614469F
:109C30002F69AB68496807EB62177E1C9E4280461D
:109C40004FEA621904DD5B009E4201F10101FADC7A
:109C50004046FFF783FD8446002852D0B9F1000F3B
:109C600000F114020EDD09F105014FEA810E1346E1
:109C700000EB8101002043F8040B8B42FBD1AEF1D5
:109C800014031A44296905F1140314F01F0E03EBA1
:109C900081012ED0CEF1200910464FF0000A1C6839
:109CA00004FA0EF444EA0A0440F8044B53F8044B57
:109CB000994224FA09FAF2D84B1B153B23F003030F
:109CC000043305F11500814238BF0423BAF1000FB7
:109CD00018BF374642F803A0D8F844306A68CCF879
:109CE000107053F822102960604643F82250BDE8F6
:109CF000F087043A53F8040B42F8040F9942F9D85C
:109D0000EAE7034B034862464FF4EF7100F028FD89
:109D1000402D0020C02E00200B6984460069C01A27
:109D200016D10CF1140C14310CEB830210B401EBBE
:109D3000830301E0944508D252F8044D53F8041D02
:109D40008C42F7D005D24FF0FF305DF8044B7047DE
:109D5000704701205DF8044B704700BF2DE9F84FB4
:109D60000F691369FF1A002F0E4690467FD101F14B
:109D70001405143202EB830205EB830301E09D42DC
:109D800078D253F8041D52F8044DA142F7D069D39C
:109D90007168FFF7E3FC8146002877D03569D8F871
:109DA0001020C76008F1140E06F1140009F1140A1E
:109DB00006F110010EEB820200EB850756464FF0CC
:109DC000000C5EF8044B51F804BFA3B21CFA8BFCE4
:109DD000ACEB03034FEA144CCCEB1B4C0CEB234CC9
:109DE0009BB243EA0C43724546F8043B4FEA2C4CC5
:109DF000E7D8A2EB0801153908F11508424521F012
:109E0000030404F1040438BF0424204421F00302B5
:109E100038BF002287425244544418D9264601468E
:109E200051F8043B1CFA83FC4FEA2C4202EB13422C
:109E30001FFA8CFC4CEA02438F4246F8043B4FEA7F
:109E4000224CEDD8013F3F1A27F00307E21923B94E
:109E500052F8043D013D002BFAD0C9F81050484695
:109E6000BDE8F88F334601274646984690E7F9DB70
:109E700000278DE70021FFF771FC814668B10122C0
:109E80000023C9E904234846BDE8F88F064B07487C
:109E90004A4640F2452100F063FC034B03484A4622
:109EA00040F2372100F05CFC402D0020C02E002045
:109EB00082B08DED000B164B019A1340A3F1507345
:109EC000002B06DD00221946104641EC100B02B0B3
:109ED00070475B42B3F1A07F4FEA235209DA4FF497
:109EE0000023134100221946104641EC100B02B02A
:109EF0007047A2F114031E2BDABF4FF00042DA4084
:109F0000012200231946104641EC100B02B07047A5
:109F10000000F07FF8B5046900F1140606EB840434
:109F2000271F54F8045C2846FFF7F2FCC0F1200319
:109F30000A280B601BDDBE420BD20B3854F8081CFC
:109F40002ED145F07F5343F440130A4643EC102BC7
:109F5000F8BDB0F10B01F4D005FA01F141F07F53E7
:109F6000002143F440130A4643EC102BF8BDC0F126
:109F70000B0C25FA0CF1BE4241F07F5338BF54F868
:109F8000081C00F1150034BF21FA0CF1002105FA7C
:109F900000F0014343F440130A4643EC102BF8BD94
:109FA000C0F1200C854021FA0CF345EA0307A4F127
:109FB0000805AE4201FA00F13CBF54F80C0C20FA3F
:109FC0000CF047F07F5338BF014343F440130A4677
:109FD00043EC102BF8BD00BF2DE9F043884683B059
:109FE000012157EC106B1546FFF7B8FB044600281B
:109FF00051D0C7F30A59C7F31303B9F1000F01D0C9
:10A0000043F48013002E019318D101A8FFF7A0FCA0
:10A01000019A6261012200F120032261B9F1000F6F
:10A0200025D0A9F2334909EB03022046C3F13503D9
:10A03000C8F800202B6003B0BDE8F08368460096A6
:10A04000FFF786FC034610B3DDE90002C3F12001EF
:10A0500002FA01F10143DA4061610192002AA26132
:10A0600014BF022201222261B9F1000FD9D1A3F25B
:10A070003243C8F8003004EB82031869FFF748FC4C
:10A08000C0EB421320462B6003B0BDE8F083009A7A
:10A090006261019AE2E7034B0348224640F20F3126
:10A0A00000F05EFB402D0020C02E0020F0B583B0F4
:10A0B0000E4669460746FFF72DFF01A9304655ECCD
:10A0C000104BB0EE407BFFF725FF33693A69D21A97
:10A0D000DDE900315B1A03EB4213002B09DD17EEBB
:10A0E000902A02EB035545EC174B87EE000B03B0AB
:10A0F000F0BD10EE902A51EC100BC3EB033302EBD2
:10A10000035141EC100B87EE000B03B0F0BD00BF14
:10A110000139491101F1010C116902F1140303EB3A
:10A1200081018B4200EB8C0C17D210B5A0F1040E0C
:10A1300053F8044B4EF8044F9942F9D88A1AA2F109
:10A14000150323F0030304331844844504D9002382
:10A1500040F8043B8445FBD810BD844505D9002355
:10A1600040F8043B8445FBD87047704703694A11A7
:10A17000934200F1140009DA00EB830302E053F884
:10A18000042DC2B98342FAD80020704710DD11F0C7
:10A190001F010DD010B450F8224000EB820324FAC6
:10A1A00001F28A4094420CD001205DF8044B7047C4
:10A1B00000EB8203E6E70120704753F8042D002AE4
:10A1C000F2D18342F9D800205DF8044B704700BFFC
:10A1D00070B500294BD006460C4610B1436B002BDE
:10A1E00048D0636ED80734D5B4F90C30002B3ED07C
:10A1F0002146304600F050F8E36A054633B1E16984
:10A20000304698470028B8BF4FF0FF35A3891A069B
:10A210003CD4216B41B104F14003994202D0304655
:10A22000FCF790FF00232363616C21B13046FCF7FB
:10A2300089FF00236364FBF7EBFE636E0022DB07FC
:10A24000A2811FD5A06DFCF71DFEFBF7E7FE284697
:10A2500070BDA3899905CBD4A06DFCF715FEB4F9A8
:10A260000C30002BC4D1656E15F0010505D000251A
:10A27000284670BDFBF7AEFEB3E7A06DFCF706FE07
:10A28000284670BDA06DFCF701FEDBE72169304672
:10A29000FCF758FFBDE700BFB1F90C202DE9F041F4
:10A2A0000C461107804647D4636842F40062002BD5
:10A2B000A2815EDDA56A002D58D00023D8F8006089
:10A2C000C8F8003093B212F4805256D10123E169EC
:10A2D0004046A847431C67D0A389A56A5F0705D5F8
:10A2E0006368C01A236B0BB1E36BC01AE1690246C5
:10A2F00000234046A847411C41D1D8F80030002B2C
:10A300003DD01D2B01D0162B56D1A3892269226086
:10A3100023F4006300216160A381216BC8F8006011
:10A3200021B304F14003994202D04046FCF70AFFF2
:10A3300000202063BDE8F0812669BEB193B2256894
:10A3400026609A070CBF63690023AD1BA3600BE076
:10A350002B463246E169676A4046B847B0F1000CC7
:10A36000A5EB0C05664417DD002DF1DC0020BDE8EF
:10A37000F081E36B002B9DDCF8E7206DAEE7B4F9CC
:10A380000C302269226023F40063A3810022DB04E5
:10A390006260C2D52065C0E7A38943F040034FF057
:10A3A000FF30A381BDE8F081D8F80030002B93D0B6
:10A3B0001D2B06D0162B04D0A38943F04003A381A4
:10A3C000D5E7C8F80060D1E738B50C46054608B1B6
:10A3D000436B03B3B4F90C0088B1636EDB0701D49F
:10A3E00081050FD528462146FFF756FF636EDA0731
:10A3F000054602D4A3899B0508D5284638BD0546E5
:10A40000284638BDA06DFCF73FFDEBE7A06DFCF7DB
:10A410003DFD284638BDFBF7DDFDDBE749B1FF2AEE
:10A4200002D80A70012070478A2303604FF0FF3082
:10A4300070470846704700BFF8B50D4614460646FB
:10A4400010B1436B002B4CD0B4F90C20A369A3606E
:10A45000170790B21BD52369CBB1EDB281042F460B
:10A4600022D522686169D31A994229DD0133A16896
:10A470000139A160511C2160157062699A4227D090
:10A48000A389DB0701D50A2D22D03846F8BD214625
:10A49000304600F029F808BBB4F90C20236990B2CB
:10A4A000EDB281042F46DCD442F40052A281626EE8
:10A4B000616922F4005262662268D31A9942D5DC9F
:10A4C00021463046FFF780FF40B922680123CEE7DE
:10A4D00021463046FFF778FF0028D6D04FF0FF37EF
:10A4E000D3E7FBF777FDAFE738B5314B1B6805467F
:10A4F0000C4613B15A6B002A4ED0B4F90C30180731
:10A500009AB21CD5216929B312F0010007D00020AE
:10A51000A06060694042A06139B1002038BD950754
:10A5200058BF6069A0600029F7D1120658BF0846DD
:10A53000F4D543F04003A3814FF0FF3038BDD1067E
:10A540002ED5520714D4216943F00803A3819AB28F
:10A550000029D9D102F42070B0F5007FD4D0214673
:10A56000284601F0BBF8B4F90C3021699AB2CBE768
:10A57000216B51B104F14002914204D02846FCF70E
:10A58000E1FDB4F90C300022226321690022C4E904
:10A59000001223F02403D7E71846FBF71BFDACE7B6
:10A5A000092243F040032A604FF0FF30A38138BDF9
:10A5B000143F012071B1034600EB010C01E063453B
:10A5C00006D01A46013311780029F8D1101A7047C5
:10A5D000181A704708467047004870477C3A0120B7
:10A5E0002DE9F0430E46264987B00F680446904691
:10A5F0001D4653B305AA3346019203212246CDF8E6
:10A600000080384600F060F9059B32689842844625
:10A61000C2F10002294609D2101A1CF8013B01F8C8
:10A62000013B059B634500EB0C02F6D8944224DD08
:10A63000A21A0A44302301F8013B9142FBD10023C6
:10A640001370284607B0BDE8F083BA6C00F123030D
:10A650009A4201DDFD6CCDE700F12409F96C4A4610
:10A6600038468DED020BFAF7A7F905460028E8D029
:10A67000C7E912909DED020BBCE70A46DFE700BF79
:10A68000143F012070B5054684B05BB11C4669B12A
:10A690000E4B2846D3F8E0602346B047431C0FD04A
:10A6A00004B070BD00F582740029F1D1074A234639
:10A6B000D2F8E06028460A4601A9B047431CEFD112
:10A6C00000228A2322602B6004B070BD8C390120E7
:10A6D00010B582B0049CCDE900344FF0FF3302F096
:10A6E0005BFB02B010BD00BF30B482B08DED000B3B
:10A6F000019A194C22F000430021A342016021DCA1
:10A70000009C1C431ED0154C144054B99FED107B87
:10A7100020EE077B8DED007B019A6FF0350122F072
:10A72000004322F0FF42DDE9004522F4E00242F05E
:10A730007F551B1545F40015A3F2FE33CDE9004506
:10A740000B4403609DED000B02B030BC704700BFAE
:10A750000000000000005043FFFFEF7F0000F07F8B
:10A7600000B50B4C25681446EE681A4685B00346C2
:10A770000D464CB107490095CDE901143046064914
:10A7800000F018FFF8F712F804490C46F3E700BF91
:10A79000143F0120E8280020F82800201C4F00204A
:10A7A0002DE9F04F03690C69A34283B0C0F28780A2
:10A7B000013C01F11405A30000F11408009355F8C1
:10A7C000243058F82420013381469A4208EB840053
:10A7D00005EB84070190B2FBF3F63BD34FF0000C7E
:10A7E000AE464046E24663465EF804BB02681FFA86
:10A7F0008BFC06FB0C334FEA134C4FEA1B4B06FB5A
:10A800000BCC9BB2AAEB03031FFA8CFA13FA82F368
:10A81000CAEB124202EB23429BB243EA0243774562
:10A8200040F8043B4FEA224A4FEA1C43DCD2009B2B
:10A8300058F8033073B9019B043B984504D307E0F3
:10A84000984504F1FF3403D253F80429002AF7D0C5
:10A85000C9F810404846FFF75FFA00282BDB0136A5
:10A860004146002355F8040BD1F800C082B29A1A71
:10A87000030C12FA8CF2C3EB1C4303EB224392B29B
:10A8800042EA0342AF4241F8042B4FEA2343E9D2A4
:10A8900058F8242008EB84036AB9043B984504D394
:10A8A00007E0984504F1FF3403D253F80429002A45
:10A8B000F7D0C9F81040304603B0BDE8F08F002053
:10A8C00003B0BDE8F08F00BF2DE9F04F2DED028BF6
:10A8D0008FB08DED020B0191816B1A9D059357ECA2
:10A8E000106B0446934641B1C26B4A60012393400A
:10A8F0008B60FEF759FF0023A363B7F10008B4BFD4
:10A90000012300232B60BE4BBCBF28F00048CDF8CC
:10A910000C8033EA080300F09F809DED028BB5EEBA
:10A92000408BF1EE10FA11D1059A012313601B9BA5
:10A93000002B00F03F82B34B1B9A1360013B009346
:10A9400000980FB0BDEC028BBDE8F08F0CAA0DA9EA
:10A950002046B0EE480BFFF73FFB5FEA1853054671
:10A9600040F09280DDE90C130B4403F23242202ABE
:10A9700040F3FA82C2F1400208FA02F803F21242EE
:10A98000D64048EA060207EE102AB8EE477B581E6A
:10A9900017EE906A53EC172B4FF0010AA6F1F873EB
:10A9A0009FED913B9FED927B9FED935B06EE900AAE
:10A9B00043EC122BB8EEE64BB7EE086B32EE466B6B
:10A9C000A6EE037BA4EE057BFDEEC76BB5EEC07B68
:10A9D000F1EE10FA16EE907A08D5B8EEE66BB4EE0A
:10A9E000476BF1EE10FA18BF07F1FF37162F00F290
:10A9F0004581854B03EBC70393ED007BB4EEC78B1A
:10AA0000F1EE10FA57D5091A0023B1F1010807F148
:10AA1000FF370A9300F1398100230693002F52DAA1
:10AA2000069B0497DB1B06937B420893019B092B33
:10AA30004FF000074ED8052B40F39D82043B019355
:10AA40000026019B9A1E032A00F22581DFE812F0FE
:10AA5000AA03A7039D037E03059AC8F3130842F2D5
:10AA60000F7358EA060813601ED11B9B002B00F0E1
:10AA70009185664B009308331B9A009813600FB0C2
:10AA8000BDEC028BBDE8F08F18EE906AC6F313069A
:10AA9000A3F2FF3053EC182B46F07F530C994FF084
:10AAA000000A43F440137BE71B9B002B40F03B83E1
:10AAB000574B009344E7091A0023B1F101080A93A8
:10AAC00000F1E380069300230893019B0497092B70
:10AAD000B844B0D900230126019307964FF0FF39FF
:10AAE0009B460021E163CDF82C902046FEF736FE10
:10AAF0000090002800F04085009BA363B9F10E0F81
:10AB000000F2DC80002E00F0D980049B002B40F383
:10AB1000DE833D4A03F00F0102EBC10292ED007BA0
:10AB20001A11DB0540F182833A4991ED086B02F07E
:10AB30000F02032088EE065B5AB13649D60704D5CA
:10AB400091ED006B013027EE067B521001F10801F8
:10AB5000F4D185EE076B0A9B3BB1B7EE007BB4EEF8
:10AB6000C76BF1EE10FA00F1AE8407EE900AB8EE72
:10AB7000E75BB1EE0C7BA5EE067B17EE902A51EC5D
:10AB8000170BA2F15071B9F1000F00F08883049EF9
:10AB90004A46079B002B00F04784B6EE003B1A4B59
:10ABA000FDEEC64B03EBC20CB8EEE47B36EE477B02
:10ABB0001CED026B83EE065B41EC160B14EE900A63
:10ABC00035EE465B0099B4EEC75B3030F1EE10FA1B
:10ABD00001F8010B00F3AC84B7EE002BB2EE044B8E
:10ABE0004FF0000C31E000BF61436F63A787D23F95
:10ABF000B3C8608B288AC63FFB799F501344D33F6C
:10AC00000000F07F19540020A802002050300020DE
:10AC10005C300020800200200CF1010C94454DDADC
:10AC200027EE047B25EE045BFDEEC76B16EE903A33
:10AC3000B8EEE63B303337EE437BB4EEC57BF1EE46
:10AC400010FA01F8013B00F1738432EE476BB4EE69
:10AC5000C56BF1EE10FADFD5009A049602E08A4245
:10AC600000F05084894611F8013D392BF7D00133AB
:10AC7000DBB20B70049B0133049355E1091A0123E5
:10AC8000B1F101080A937FF5C7AEC1F10103069344
:10AC90004FF00008C2E60026E66331462046FEF784
:10ACA0005DFD0090002800F06784009BA3634FF0D7
:10ACB000FF330B9399460123B34607930D9A002A5D
:10ACC00055DB04990E2952DCB74BBBF1000F03EBA7
:10ACD000C10393ED006B15DAB9F1000F12DC40F0FF
:10ACE000F282B1EE047B26EE077BB4EEC78BF1EE69
:10ACF00010FACA464E4600F26D82DDF800806FEA17
:10AD00000B0B70E288EE067BBDEEC77B009917EE59
:10AD1000103AB9F1010F03F13003B8EEC75B01F847
:10AD2000013BA5EE468B00F03483B2EE044B0123C9
:10AD300011E088EE067BBDEEC77B013317EE102ACB
:10AD40004B4502F13002B8EEC75B01F8012BA5EECE
:10AD5000468B00F01E8328EE048BB5EE408BF1EE9F
:10AD600010FAE6D1049B013304938946DCE0079B8B
:10AD700043B3019B012B40F37682089B09F1FF3A14
:10AD8000534580F23F82089BCDF820A0AAEB030236
:10AD900017444FF0000AB9F1000FC0F22583069B5B
:10ADA00009934B44C844069301212046FEF700FE58
:10ADB00006460CE07D4B009300980FB0BDEC028B73
:10ADC000BDE8F08F069BDDF820A0079E0993099B44
:10ADD0006BB1B8F1000F0ADD434506991A46A8BFCA
:10ADE0004246891A9B1A06910993A8EB0208089B10
:10ADF00063B1079B002B00F0A782BAF1000F00F3AC
:10AE00000482089BB3EB0A0240F0FF820121204636
:10AE1000FEF7CEFD002F824600F3AF80019B012B91
:10AE200040F38781002308930120002F40F0B18078
:10AE3000404410F01F0000F07A81C0F12002042A83
:10AE400000F3888040F0F681069B002B05DD294643
:10AE50001A462046FEF7E8FE0546B8F1000F05DD6C
:10AE6000514642462046FEF7DFFE82460A9B002BF3
:10AE700040F03F81B9F1000F40F32581079B002B83
:10AE800040F0A380049B01330493DDF80080012788
:10AE900007E0294600230A222046FEF78FFC0137EF
:10AEA000054651462846FFF77BFCB94500F13000C6
:10AEB00008F8010BEDDCB9F1000F009ACCBFCB46CE
:10AEC0004FF0010B034693440027294601222046F8
:10AED0000193FEF7A9FE51460546FEF71DFF002827
:10AEE00040F3AF811BF8013C009A0BF1FF3B04E0FB
:10AEF0005A4500F0B1811BF8013D392B0BF10109D6
:10AF0000F6D001338BF8003051462046FEF74CFC5A
:10AF100056B12FB1B74203D039462046FEF744FC64
:10AF200031462046FEF740FC29462046FEF73CFC11
:10AF3000002389F80030DDE904231A601B9B002BF5
:10AF40003FF4FEAC0098C3F800900FB0BDEC028B4C
:10AF5000BDE8F08FC0F11C00069B03440693099BDB
:10AF60000344099380446FE7C2F1200206FA02F21B
:10AF700007EE102A09E5012663E501463A46204618
:10AF8000FEF7F2FD019B012B824640F3C5810023B1
:10AF90000893DAF810200AEB82021069FEF7B8FC79
:10AFA000C0F1200044E700BFA80200201854002090
:10AFB000314600230A222046FEF700FC0B9B002BA3
:10AFC000064640F3CE8204979946099B002B05DD87
:10AFD00031461A462046FEF727FE0646089B002B00
:10AFE00040F0EB81B046029B009F03F001027B1E04
:10AFF0004B440893019B0A921343099351462846F8
:10B00000FFF7CEFB314683462846FEF785FE4246D3
:10B01000514681462046FEF7A1FEC26801460BF16B
:10B020003003002A42D1CDE906032846FEF774FE1C
:10B03000069902902046FEF7B7FB029A079B1AB9C1
:10B040000999002900F07E82B9F1000FC0F28381D6
:10B05000019949EA01090A9951EA090900F07B813D
:10B06000002A00F3C681089A3B7007F10109974254
:10B07000CB4600F0C481294600230A222046FEF771
:10B080009DFB4645054631464FF000034FF00A024E
:10B09000204612D0FEF792FB4146064600230A22C4
:10B0A0002046FEF78BFB4F468046A7E720460293DB
:10B0B000FEF77AFB029B0122C6E7FEF77FFB4F46B5
:10B0C000064680469AE7019B022B71DC079B002B0A
:10B0D0007FF47BAF049B5146013328460493FFF76E
:10B0E0005FFBDDF800B000F130030BF8013B0027F7
:10B0F000EBE651462846FEF70FFE0028BFF6BAAE33
:10B10000294600230A222046FEF758FB049B5F1EB7
:10B11000079B0546002B7FF44BAF0B9B002B40F3A6
:10B1200018829946B1E6BC4B00930333A4E41C207B
:10B1300012E7DDE9020100287FF474AEC1F31302C7
:10B14000002A00F0F480029B08936DE60123079328
:10B15000049B5B4403F10109B9F1010FCC460B9349
:10B16000B8BF4FF0010C0021BCF1170FE1637FF76E
:10B17000BCAC01200422520002F1140363450146D5
:10B1800000F10100F7D9E163AFE401230793BBF1BC
:10B19000000F52DDCDF82CB0D946DC46E3E70023A2
:10B1A0000793D5E700230793F1E7DDF82C90049788
:10B1B000B9F1000F7FF4A1AD51464B460522204660
:10B1C000FEF7FCFA014682462846FEF7A5FD002858
:10B1D0007FF793AD049B03F1010B009B312298464E
:10B1E00003F8012B009351462046FEF7DDFA0BF1E0
:10B1F0000103DDF800900493CDF80080002E7FF469
:10B200008FAE91E6A3EB0A0AC5E5314652462046C9
:10B21000FEF7AAFC2A46014606462046FEF7F6FB44
:10B22000294605462046FEF7BFFAEAE50220B0EEC1
:10B23000485B81E4C0F13C008EE64FF0010BD9463B
:10B240004FE403D1019BDB073FF54CAED9461BF819
:10B25000013D302BFAD057E6049B009A013304934A
:10B260003123137050E6BAF1000F00F0238102F28F
:10B270003342069B09931344DDF820A006939044C3
:10B2800092E507EE900AB1EE0C5BB8EEE77BA6EE16
:10B29000075B15EE902A51EC150BA2F1507141ECB1
:10B2A000150BB1EE047B36EE477BB4EEC57BF1EEB9
:10B2B00010FA00F33781B1EE455BB4EEC57BF1EED9
:10B2C00010FA7FF5FBAC4FF0000A564615E500F08A
:10B2D000F580049B51495A4202F00F0001EBC00176
:10B2E00091ED006B121128EE066B00F04281B0EE7A
:10B2F000467B4B4900260220D30705D591ED005B24
:10B300000130012627EE057B521001F10801F3D12F
:10B31000002E06FE076B1EE4029B002B7FF437AE67
:10B32000DDE90201C1F31302002A40F037813D4AF2
:10B330000A40002A00F0FA80069B0133069301239D
:10B3400008F1010808936FE52946089A2046FEF7A0
:10B350000BFC05465AE5002A12DD2946012220464B
:10B360000193FEF761FC51460546FEF7D5FC002827
:10B37000019B40F3E180392B00F0CA800BF13103CF
:10B38000B94609F8013B049B01333746049346460E
:10B39000BAE538EE088BB4EEC68BF1EE10FA0ADC93
:10B3A000B4EE468BF1EE10FA7FF4DCAC17EE103AF7
:10B3B000D8077FF5D7AC009A54E471682046FEF7B1
:10B3C000CDF90746002800F0DE80336902339A0089
:10B3D00006F10C010C30F6F70DFC3946012220462F
:10B3E000FEF722FC8046FEE5069BA3EB09030993CA
:10B3F000DAE4392B00F08C80B9460133C1E7049AB6
:10B4000001323746049246465FE529462046FEF75C
:10B41000ABFB0546FAE400BF5C300020A802002028
:10B42000800200200000F07F5E4BFDEEC65B03EB68
:10B43000C20C1CED023BB8EEE57B36EE477B41ECDF
:10B44000160B15EE901A23EE063B00983031012AB8
:10B4500000F8011B00F08380B2EE044B009B9918AA
:10B4600027EE047BFDEEC76B16EE903A303300F802
:10B47000013B8142B8EEE65B37EE457BF0D1B6EE9C
:10B48000006B33EE065BB4EEC75BF1EE10FA3FF5EE
:10B49000E3AB36EE436BB4EEC76BF1EE10FA7FF719
:10B4A0000DAC8946013919F8013C302BF9D0731CD9
:10B4B000049339E50C9AC2F13602DAE60220B0EEC6
:10B4C000486BFFF748BBB9F1000F3FF4DAAE0B9AB7
:10B4D000002A7FF7F3ABB2EE044B26EE046B01308B
:10B4E00007EE900A049BB8EEE75BB1EE0C7BA6EE8C
:10B4F000057B17EE90CA51EC170B5E1EACF1507134
:10B50000FFF747BB049B013304933123FFF7B1BB23
:10B51000049BBB4601330493392337460BF8013BA8
:10B520004646E1E44FF0000A564653E608927BE4B3
:10B53000731C04938946F7E47FF422AFDA077FF5A2
:10B540001FAF18E7392BE3D0B9F1000F3FF716AF63
:10B5500016E7019B022B3FF728AE0497BAE5014698
:10B560008DE7019B022B3FF720AEDDF82C9004976E
:10B570002BE50220FFF7EFBA0B4B0C48002240F2FC
:10B58000AF11FFF7EDF8084B08483A4640F2EF21BB
:10B59000FFF7E6F8064B0093FFF7D2B9029B08933A
:10B5A000F7E400BFA8020020402D002060300020FA
:10B5B000503000200EB410B583B005AB064C53F8E4
:10B5C000042B01930146206800F030F903B0BDE878
:10B5D000104003B0704700BF143F01202DE9F04F29
:10B5E0009368176883B09246002B70D081468A68B2
:10B5F00008680C46083743E0A38913F4906F2ED0F7
:10B60000D4E90416A0EB010806EB460606EBD67655
:10B6100008F1010076102844B042324684BF064645
:10B6200032465B0537D511464846F8F7EDFE0190E6
:10B6300000283AD042462169F6F7DCFAA289019B3C
:10B6400022F4906242F08002A281A6EB080203EB92
:10B6500008006661A260236120602E46A84642462B
:10B660005946FAF769FDDAF80830A2682068921B9B
:10B6700040445B1BA2602060CAF808303BB3083727
:10B6800057E902B5002DFAD0AA4216469046B3D922
:10B690002E46A846E3E74846F9F78EF90346002808
:10B6A000D3D121694846FBF74DFDA3890C2243F015
:10B6B0004003C9F800204FF0FF30A381002200238F
:10B6C000CAF80820CAF8043003B0BDE8F08F0020A3
:10B6D0000023CAF8043003B0BDE8F08F2DE9F04133
:10B6E0008B890C46990796B008D504F143030122D3
:10B6F000C4E90432236016B0BDE8F081B4F90E103D
:10B700000029064625DB6A4601F09AFA00281FDB6D
:10B71000019D05F47045A5F50055B5FA85F54FF482
:10B7200080686D094FF4006741463046F8F76CFEBB
:10B73000E0B1B4F90C30C4F8148043F08003206009
:10B740002061A38135BB3B43A38116B0BDE8F081E6
:10B75000A38913F0800519D04FF040080025414619
:10B7600030462F46F8F750FE0028E2D1B4F90C30ED
:10B770009A05C0D423F0030304F1430243F002030B
:10B780000121C4E90421A3812260B4E74FF4806859
:10B790002F46C9E7B4F90E10304601F067FA10B928
:10B7A000B4F90C30CFE7A38923F0030343F001037E
:10B7B0001BB2C8E72DE9F84F4B6E9C0490462DD57F
:10B7C0009368126843B38B46064602F1080959E9AB
:10B7D000025A5FEA9A0715D0043D002401E0A7420F
:10B7E0000ED055F8041F5A46304601F0F5F9431CB7
:10B7F00004F10104F3D10023C8E90133BDE8F88F57
:10B80000D8F808302AF0030AA3EB0A03C8F8083076
:10B8100009F10809002BDAD10020ECE701F00CF85F
:10B820000023C8E90133BDE8F88F00BF2DE9F04FD0
:10B830002DED028BC5B00DF1500A834608EE101AAB
:10B8400016460021082250461C460793FAF7F0FCE2
:10B85000BBF1000F04D0DBF83430002B00F0A086E1
:10B8600018EE102A536EDB0740F11385B2F90C1065
:10B870008AB295040BD418EE103A41F40051998124
:10B880005B6E8AB218EE101A23F400534B66100751
:10B8900040F1058118EE103A1B69002B00F0FF8083
:10B8A00002F01A030A2B00F00A810023CDE91933B4
:10B8B000CDE90D331BAA0C93189291460B93059377
:10B8C000B0464446A84BD3F8E450FBF75DF8224657
:10B8D000034612A9CDF800A05846A847002800F05A
:10B8E0004581C0F23981129A252A034601D01C44B1
:10B8F000E8E7B4EB0806054640F03C810023617898
:10B900008DF8433004F1010806934FF0FF371E46CF
:10B910002B2408F10108A1F120035A2B00F27881B1
:10B92000DFE813F0B50276017601B0027601760108
:10B9300076016A00760176017D028D027601880229
:10B940009702760192025B005B005B005B005B008C
:10B950005B005B005B005B0076017601760176019F
:10B96000760176017601760176015C02840076012B
:10B97000760176017601760176017601760176010F
:10B980007601E80076017601760133027601DA026B
:10B99000760176018B0576017601760176017601D6
:10B9A000760176017601760176015C0286007601E9
:10B9B00076017601CD0286007F007601C002760115
:10B9C000FD02EA00ED027F00760133027C0069058A
:10B9D000760176016B0576017C00A1F1300300222F
:10B9E00018F8011B02EB820203EB4202A1F13003C3
:10B9F000092BF5D906928EE75846FEF7EDFD436810
:10BA00000D931846FBF79CFA0E9005465846FEF734
:10BA1000E3FD83680B93002D40F0D68498F8001066
:10BA200077E798F8001046F0200672E746F0100617
:10BA3000B40640F18E81079B073323F007031A46B3
:10BA4000596852F8083B07920A460029C0F27084F0
:10BA5000791C00F0A28526F08001039153EA0201CF
:10BA600000F03F840A2B72F1000180F041853033F1
:10BA70008DF80F31039E012304930DF20F14049BE4
:10BA8000BB42B8BF3B460393002308939DF8433065
:10BA9000002B00F0CB80039B01330393C6E018EE2C
:10BAA000101A584618EE105AFEF71EFD002840F0F6
:10BAB0005286AA8902F01A030A2B7FF4F6AE18EE1A
:10BAC000101AB1F90E30002BFFF6EFAE4B6EDB070C
:10BAD00002D4970540F1128618EE101A234632461A
:10BAE000584600F069FE0590059845B0BDEC028B04
:10BAF000BDE8F08F46F0100616F0200200F0368107
:10BB0000079B073323F0070319465A6851F8083B8F
:10BB1000079126F480610391002100208DF84300F5
:10BB2000781C00F01082039820F0800653EA02008F
:10BB300040F00882002F40F03885002940F0D5837E
:10BB4000039B13F00103049300F0118430238DF85C
:10BB50000F310DF20F1492E7082200215046FAF738
:10BB600067FB01231C44ADE68C390120B4EB0806C9
:10BB700005461BD0199B1A9A01333244072BC9E999
:10BB800000861A9219931CDD002A00F0A68318EE95
:10BB9000101A18AA5846FFF70DFE20BB0DF16C09CC
:10BBA000059B33440593002D7FF4A8AE1A9B002B10
:10BBB00040F0C18518EE103A0022B3F90C3019920A
:10BBC00015E009F10809EBE718EE101A18AA584613
:10BBD000FFF7F0FD002800F0A680089B1BB1089934
:10BBE0005846FBF7AFFA18EE103AB3F90C3018EEDE
:10BBF000102A526E12F0010F9AB200F0A080500687
:10BC000000F1B285059845B0BDEC028BBDE8F08F20
:10BC10000029CBD000238DF843300123CDE9033335
:10BC20008DF8AC102BAC002308931F4616F00203CE
:10BC3000099302D0039B0233039316F084030A9303
:10BC400005D1069B039A9D1A002D00F37B82DDE946
:10BC50001903411C9DF8432082B101220133C9F828
:10BC6000042007290DF14302CDE91913C9F800207A
:10BC700000F34A82084609F108090131099AE2B144
:10BC800011AA0233C9F8002007294FF00202CDE9BA
:10BC90001913C9F8042040F35082002B00F04383AD
:10BCA00018EE101A18AA5846FFF784FD002894D100
:10BCB000DDE919030DF16C09411C0A9A802A00F094
:10BCC0008481049ABD1A002D00F3D781049AC9F823
:10BCD000004013440729CDE91913C9F8042040F3A3
:10BCE0006E81002B00F0758218EE101A18AA5846C3
:10BCF000FFF760FD00287FF470AF1A9B0DF16C090F
:10BD0000750705D5069A0399541A002C00F36B8227
:10BD1000DDE9052103988142ACBF52181218059243
:10BD2000002B7FF451AF089900231993002900F0EC
:10BD300049815846FBF706FA0DF16C09C1E59C05EF
:10BD40003FF55DAF18EE104AA06DFBF79FF8A28992
:10BD500055E7F006079A00F11F83710640F1198339
:10BD600032F9043B0792DA1711466EE616F010031B
:10BD7000079940F0098316F0400000F001831A464D
:10BD800051F8043B07919BB2C3E6079B1A46002378
:10BD90008DF84330134653F8044B0393002C00F006
:10BDA0001284532900F0658316F0100540F061837A
:10BDB0007B1C00F0B3843A4629462046FBF768F81E
:10BDC0000890002800F09F84031B039A049323EA41
:10BDD000E3732F4607920393089557E6432902D051
:10BDE000F50640F12D83079D0822002116A82BACF3
:10BDF000FAF71EFA16AB55F8042B21465846FEF703
:10BE000041FC03460133049000F0B384049B079582
:10BE100023EAE373039300238DF8433003E7079B82
:10BE200053F8042B0692002A80F29C82069A524212
:10BE3000CDE9062398F8001046F0040669E598F865
:10BE400000108DF8434064E598F8001046F0800635
:10BE50005FE5424612F8011B2A2900F09684A1F101
:10BE60003003092B90464FF000073FF654AD18F809
:10BE7000011B07EB870703EB4707A1F13003092BF1
:10BE8000F5D948E598F8001046F0010641E59DF81F
:10BE90004330002B7FF4C2AD202398F800108DF8BA
:10BEA000433036E598F800106C2903BF98F801106C
:10BEB00046F0200608F1010846F0100629E598F83A
:10BEC0000010682903BF98F8011046F4007608F1C5
:10BED000010846F040061CE546F010030393039B5F
:10BEE00013F0200200F00682079B073323F00703BC
:10BEF00019465A6851F8083B079101210DE6079A47
:10BF000046F00203039352F8043B079247F63002CF
:10BF1000ADF84420B84A0C9202210022FDE5B70694
:10BF200000F14882F50600F14683740600F1D583DE
:10BF3000B00540F14083079B059953F8042B079304
:10BF40001170BEE4039601293FF48CAD022944AC84
:10BF500011D10C9803F00F011B09415C04F8011D7D
:10BF600043EA0273120953EA0201F3D1039E44AB80
:10BF70001B1B049383E503F00701DB0843EA4273CC
:10BF8000D208303153EA0205204604F8011DF2D1EF
:10BF9000039EF307EBD53029E8D03023023804F8AC
:10BFA000013C44AB1B1A039E0493044667E5049BC3
:10BFB0001B9401221C931A9319920DF16C0909F13B
:10BFC00008099DE60DF16C097BE4069A039D551B5B
:10BFD000002D7FF776AE102D40F3BB83099418EE49
:10BFE000104A07E000F1020C09F108091046103D63
:10BFF000102D1EDD8149C9F80010421C103310219C
:10C00000072ACDE91923C9F80410EBDD18AA002B83
:10C0100074D0214658460DF16C09FFF7CBFB002880
:10C020007FF4DBADDDE91903103D102D00F1010CAB
:10C03000E0DC099C714AC9F804502B44BCF1070F9D
:10C04000CDE919C3C9F8002040F39481002B00F01A
:10C050001F8318EE101A18AA5846FFF7ABFB0028EA
:10C060007FF4BBAD049ADDE91903BD1A002D00F180
:10C0700001010DF16C097FF729AE102D29DD09941E
:10C08000102718EE104A07E000F1020C09F1080928
:10C090001046103D102D1ADD421C58491033072A56
:10C0A000C9E90017CDE91923EEDD18AA03B321462B
:10C0B00058460DF16C09FFF77DFB00287FF48DAD2C
:10C0C000DDE91903103D102D00F1010CE4DC099CA1
:10C0D00061464A4AC9F804502B440729CDE919138F
:10C0E000C9F8002000F3E78009F108090131EDE506
:10C0F0004FF0010C18460DF16C09CAE74FF0010C26
:10C1000018460DF16C0972E7002B00F0048118EE5F
:10C11000101A18AA5846FFF74DFB00287FF45DADB2
:10C12000DDE919030DF16C09411CA7E5022311AAF1
:10C130001C931B9201210DF16C09084609F10809B5
:10C14000411CBAE5102D40F3E582DDE919130F9487
:10C15000084618EE104A07E000F1020C09F1080940
:10C160001046103D102D1DDD2549C9F80010421C58
:10C1700010331021072ACDE91923C9F80410EBDD8B
:10C1800018AA03B3214658460DF16C09FFF712FBBC
:10C1900000287FF422ADDDE91903103D102D00F1D8
:10C1A000010CE1DC0F9C6046154AC9F804502B4491
:10C1B0000728CDE91903C9F8002000F3C18009F16F
:10C1C0000809411C46E518464FF0010C0DF16C09B9
:10C1D000C7E77607199353D5069A0399541A002C8A
:10C1E0004EDD0DF16C09102C40F3B082199918EE58
:10C1F000106A10250DE000BFC83F0020E42F012089
:10C20000F8300020881C09F108091146103C102C58
:10C210001ADD4A1CB3481033072AC9E90005CDE9E5
:10C220001923EFDD18AA33B331465846FFF7C2FA97
:10C2300000287FF4D2ACDDE91913103C102C01F179
:10C2400001000DF16C09E4DCA64AC9F8044023445E
:10C250000728CDE91903C9F800207FF759AD7BB154
:10C2600018EE101A18AA5846FFF7A4FA00287FF40F
:10C27000B4AC1A9B4CE5012019460DF16C09C5E7D9
:10C28000DDE9053203998A42ACBF9B185B18059320
:10C2900049E5B2F90C108F0518EE103A8AB23FF555
:10C2A000E8AA18EE105A986DFAF7EEFDB5F90C10E1
:10C2B0008AB2FFF7DEBA002B3FF479AE18EE101AFF
:10C2C00018AA5846FFF776FA00287FF486AC199929
:10C2D0001A9B01310DF16C09F8E419920DF16C090A
:10C2E0005EE4002F7FF4C3AB039E0027049744ACA9
:10C2F000FFF7C5BB039B13F0100354D1039A12F050
:10C30000400000F06B8107991A4651F8043B0791F1
:10C310009BB2012101E4099A002A64D11846012147
:10C320000DF16C09C9E4012118460DF16C09C4E452
:10C330005B4262EB420203962D200121FFF7EEBB28
:10C34000002B00F0888018EE101A18AA5846FFF744
:10C3500031FA00287FF441ACDDE919030DF16C09D5
:10C36000411C77E498F800100793FFF7D2BA44AC69
:10C37000FFF785BB09F108090CF101016046A0E453
:10C3800016F4007240F0978151F8043B0791FFF7D3
:10C39000C0BBB30500F1888152F8043B0792DA175D
:10C3A0001146FFF752BB079951F8043B0791012151
:10C3B000FFF7B3BB079B059853F8041B0793C217FD
:10C3C000C1E90002FFF77DBA0B9B002B3FF426ABBF
:10C3D0000B9B1B78002B3FF421AB98F8001046F420
:10C3E0008066FFF796BA022311AA1C931B920120C4
:10C3F0000DF16C09A2E6039671E53B4B0C9316F028
:10C40000200259D0079B073323F0070318465A68C8
:10C4100050F8083B0790F40709D553EA020006D00C
:10C420008DF84510302146F002068DF8441026F4B0
:10C43000806103910221FFF770BB2C4B0C93DEE768
:10C44000079B012153F8042B03918DF8AC2007932F
:10C4500004912BACDFE49DF84320002A40F03281A8
:10C46000099A002A7FF462AE184601210DF16C0989
:10C4700027E40021082216A81394F9F7D9FE791CA5
:10C4800000F0BC80002507942C460CE02BA95846F0
:10C49000FEF7F8F8421C204400F06B81B84208DC3B
:10C4A00000F070810446139A525916AB0435002AE5
:10C4B000ECD10494079CAFE016F0100307980CD160
:10C4C00016F0400405D01A4650F8043B07909BB282
:10C4D000A1E716F4007240F0E18050F8043B0790A9
:10C4E00099E700BFF8300020C83F0020E059002045
:10C4F0000399049744AC9E4608EE90BA01F4806616
:10C500004FF0000C234606E0BEF10A0F72F1000264
:10C5100039D3A6462A46A6491EEB020040F1000088
:10C520000F46A1FB001424F0030101EB9401401A13
:10C53000BEEB00014FF0CC3562F1000405FB01F5C4
:10C5400007FB0455A1FB07410D44052704F0010139
:10C55000A1FB071B09186408303103F8011C44EAE9
:10C56000C5740CF1010C013B6D08002ECCD00B9969
:10C5700009786145C8D1BCF1FF0FC5D0BEF10A0FE3
:10C5800072F100026CD21C4644AB1B1B049F039E3D
:10C59000049318EE90BAFFF772BA0396FFF762BAE7
:10C5A0005846F9F717FDFFF75BB9012903967FF4A9
:10C5B000CDACFFF75CBA079B059953F8042B1160CB
:10C5C0000793FFF77EB9062F3B46039A794C0792F3
:10C5D00028BF062304930393FFF725BB039B07990A
:10C5E00013F4007214BF51F8043B51F8043B079157
:10C5F0001CBF0246DBB20121FFF78FBA16AB0093D6
:10C600000023194613AA5846FEF762F80346013381
:10C61000049000F0AE801394049B002B30D0632B69
:10C6200063DC002308932BAC0822002116A8F9F73D
:10C63000FFFD049D16AB009313AA2B4621465846D6
:10C64000FEF746F8854240F0AB80039B049A0793BF
:10C650000023A3541F4622EAE2730393FFF716BA9E
:10C660000E9A0D999B1A18460893F9F7FFFE0B993D
:10C67000089B4A780AB101310B914FF0000C48E752
:10C68000039B0793049B03931F460893FFF7FEB990
:10C69000012118460DF16C09FFF713BB50F8043B5C
:10C6A00007902246DBB2B6E612F9043B0792DA178E
:10C6B0001146FFF7CAB951F8043B07910246DBB2B5
:10C6C000FFF727BA01231C9301210DF143031B93AC
:10C6D0000DF16C090B46FFF7CDBA079B059953F88E
:10C6E000042B07931180FFF7ECB8591C5846F7F755
:10C6F0008BFE044600283CD0089095E7886DFAF739
:10C70000C5FBFFF7E9B9039B0793CDE90377089FC2
:10C71000FFF7BCB919981A9B013045E5039B0793B5
:10C720002046FAF70DFC20EAE0732F4604900393AD
:10C730000895FFF7ABB918EE101A18AA5846FFF77C
:10C7400039F800283FF436AAFFF74DBA199801309E
:10C750007AE58C466EE46B6ED90705D4AB899A05F1
:10C7600002D4A86DFAF792FB4FF0FF330593FFF761
:10C7700049BA18EE102AB2F90C3043F04003938105
:10C78000FFF735BA079C049746E7079B98F8011016
:10C7900053F8047B0793904647EAE777FFF7B9B869
:10C7A00018EE102A938943F040039381FFF715BADE
:10C7B000CDCCCCCCDC30002070B50C468989ADF5F1
:10C7C0008E6D21F00201ADF81410616E1B91E189AC
:10C7D000ADF81610E1690991616A0B911CA90291EB
:10C7E00006914FF4806106460491079118A8002134
:10C7F000CDE900320891FAF743FBDDE9003202A9E6
:10C800003046FFF713F8051E07DB02A93046FDF797
:10C81000DBFD002818BF4FF0FF35BDF814305B0674
:10C8200003D5A38943F04003A3811898FAF72AFBA4
:10C8300028460DF58E6D70BD9368002B00F0858045
:10C840002DE9F04FB1F90C300C461907804683B042
:10C85000174698B225D523691BB310F002033D6833
:10C860002DD04FF0000ADFF8C0B25646B9465E45FB
:10C870003346524628BF5B464046002E52D0E169FF
:10C88000676AB847002856DDD9F808301B1A824479
:10C89000361AC9F80830002BE9D1002003B0BDE8F2
:10C8A000F08F21464046FDF71FFE002840F03881FA
:10C8B000B4F90C303D6898B210F00203D1D110F0F9
:10C8C000010944D14E46009746B38205D4F808B01A
:10C8D00040F18580B3455A4600F2B48010F4906F61
:10C8E00040F0C180206801924946F9F725FCA36811
:10C8F000019AA3EB0B012368A1601344B2462360A5
:10C900000026009A9368A3EB0A03D1449360002B9E
:10C91000C3D0B4F90C0080B2002ED6D1D5E9009670
:10C920000835D1E7D5E900A60835A0E721464046FD
:10C93000FDF74AFD88B3B4F90C3043F040034FF0E3
:10C94000FF30A38103B0BDE8F08F002070471E4682
:10C95000BA469946184600951F4666B3002832D05D
:10C960004A46D4E904132068A568B24228BF32467B
:10C97000884204D905EB030B5A4500F3A780934284
:10C9800064DCE169656A3A464046A847B0F1000BAD
:10C99000D1DDB9EB0B09C9D00120DAF80830A3EBDF
:10C9A0000B035F44A6EB0B06CAF80830002B3FF4DC
:10C9B00074AF002ED2D1009A566813460832009206
:10C9C000002EF8D01F6832460A213846FAF760FA7E
:10C9D000002800F09C800130A0EB0709C0E7206828
:10C9E0002369984216D86269B24213D86FF00043A7
:10C9F000B34228BF3346E16993FBF2F3676A02FB57
:10CA000003F340464A46B847B0F1000A93DDA6EB6F
:10CA10000A0676E7B345DA4628BFB246524649468B
:10CA2000F9F78AFBA3682268A3EB0A035244A360C8
:10CA30002260002BEBD121464046FDF7C5FC0028C3
:10CA4000E5D078E72068B34632464CE73946019294
:10CA5000F9F772FB019AA3689B1AA3602368134439
:10CA60002360934695E723682169A3EB010B636973
:10CA700003EB430A0AEBDA7A0BF101034FEA6A0A85
:10CA800033445345524684BF9A46524643052CD5FB
:10CA900011464046F7F7B8FC00283BD05A462169BA
:10CAA0000190F5F7A7F8A289019B22F4906242F069
:10CAB0008002A28103EB0B002361AAEB0B03C4F8F5
:10CAC00014A0A3602060B34632460CE739465A46AC
:10CAD000F9F732FB23685B44236021464046FDF7AB
:10CAE00073FC00283FF455AF25E74046F7F764FF95
:10CAF00003460028DED121694046FAF723FBB4F94A
:10CB00000C300C2223F08003C8F8002015E7721CBB
:10CB1000914626E70C22B4F90C30C8F800200CE747
:10CB20004FF0FF30BAE600BF00FCFF7F2DE9F04771
:10CB300082B0824688461446F9F726FF012803D1C1
:10CB400008F1FF33FE2B36D90DF10409424604F1FA
:10CB50005C0349465046FDF795FD421C064632D01F
:10CB600020B39DF804C0002509E023685A1C226008
:10CB700083F800C00135B54218D219F801CFA36877
:10CB8000013B002BA360F0DAA769BB426146224655
:10CB9000504602DBBCF10A0FE7D1FDF74DFC431C08
:10CBA000E8D10646304602B0BDE8F087464630463A
:10CBB00002B0BDE8F0875FFA88FC8DF804C0064635
:10CBC0000DF10409CFE7A389304643F04003A38168
:10CBD00002B0BDE8F08700BF30B5536E13F0010F0F
:10CBE000B2F90C30144683B005469AB201D19805CB
:10CBF0001CD5900406D4626E43F4005342F40052F4
:10CC0000A381626622462846FFF790FF636EDA072B
:10CC1000054602D4A3899B0502D5284603B030BD42
:10CC2000A06DFAF733F9284603B030BDA06D01912D
:10CC3000FAF72AF9B4F90C3001999AB2D9E700BF92
:10CC400070B50C46084D03460026204611461C468A
:10CC50002E60F5F79FFD431C00D070BD2B68002BA4
:10CC6000FBD0236070BD00BFA4D5012038B5074DAF
:10CC70000022044608462A60F5F792FD431C00D0C6
:10CC800038BD2B68002BFBD0236038BDA4D5012014
:10CC90002DE9F04F8BB0DDE9158A149F0391814691
:10CCA00005921E46B8F1000F5CD0039B002B5ED0AE
:10CCB000059B1D68002F6AD0741E4EB3039B04931E
:10CCC000043D002601950BE0039B2BBB019B1A68DA
:10CCD000002A3AD0BC455CD2013C631C664617D0A2
:10CCE000D8F800300293019BDAF8E05053F8042F93
:10CCF000019307A943464846D8F804B0A847421C08
:10CD00003AD000EB060CBC45DED9029BC8E9003BDB
:10CD100030460BB0BDE8F08F00280EDD049B019D6E
:10CD200018445A1E07A900F1FF3E11F8013B02F812
:10CD3000013F7245F9D101950490059B1A680432B0
:10CD40001A60019B1A68002AC4D1039B0BB1059B92
:10CD50001A600CF1FF3600223046C8F800200BB0F4
:10CD6000BDE8F08F039B00F58678002BA0D1059BD2
:10CD70004FF0FF371D689FE706468A2100223046A4
:10CD8000C9F80010C8F800200BB0BDE8F08F3E468F
:10CD9000BEE76646BCE700BF10B584B0054C0698F8
:10CDA000009007980190044800680294FFF770FF14
:10CDB00004B010BD8C390120143F012081F00041E6
:10CDC00002E000BF83F0004330B54FEA41044FEA70
:10CDD000430594EA050F08BF90EA020F1FBF54EA0B
:10CDE000000C55EA020C7FEA645C7FEA655C00F0A7
:10CDF000E2804FEA5454D4EB5555B8BF6D420CDD78
:10CE00002C4480EA020281EA030382EA000083EAFA
:10CE1000010180EA020281EA0303362D88BF30BD9A
:10CE200011F0004F4FEA01314FF4801C4CEA1131F0
:10CE300002D0404261EB410113F0004F4FEA03334F
:10CE40004CEA133302D0524263EB430394EA050FDA
:10CE500000F0A780A4F10104D5F1200E0DDB02FA49
:10CE60000EFC22FA05F2801841F1000103FA0EF2DD
:10CE7000801843FA05F359410EE0A5F120050EF1A3
:10CE8000200E012A03FA0EFC28BF4CF0020C43FAD4
:10CE900005F3C01851EBE37101F0004507D54FF0E1
:10CEA000000EDCF1000C7EEB00006EEB0101B1F531
:10CEB000801F1BD3B1F5001F0CD349085FEA300077
:10CEC0004FEA3C0C04F101044FEA445212F5800F82
:10CED00080F09A80BCF1004F08BF5FEA500C50F11F
:10CEE000000041EB045141EA050130BD5FEA4C0C02
:10CEF000404141EB0101013C28BFB1F5801FE9D25F
:10CF000091F0000F04BF01460020B1FA81F308BF81
:10CF10002033A3F10B03B3F120020CDA0C3208DD4D
:10CF200002F1140CC2F10C0201FA0CF021FA02F128
:10CF30000CE002F11402D8BFC2F1200C01FA02F198
:10CF400020FA0CFCDCBF41EA0C019040E41AA2BFBD
:10CF500001EB0451294330BD6FEA04041F3C1CDA85
:10CF60000C340EDC04F11404C4F1200220FA04F0A5
:10CF700001FA02F340EA030021FA04F345EA03014F
:10CF800030BDC4F10C04C4F1200220FA02F001FA11
:10CF900004F340EA0300294630BD21FA04F0294693
:10CFA00030BD94F0000F83F4801306BF81F480112C
:10CFB0000134013D4EE77FEA645C18BF7FEA655C9F
:10CFC00029D094EA050F08BF90EA020F05D054EA71
:10CFD000000C04BF1946104630BD91EA030F1EBF76
:10CFE0000021002030BD5FEA545C05D1400049417A
:10CFF00028BF41F0004130BD14F580043CBF01F56D
:10D00000801130BD01F0004545F0FE4141F4700152
:10D010004FF0000030BD7FEA645C1ABF194610462D
:10D020007FEA655C1CBF0B46024650EA013406BF2E
:10D0300052EA033591EA030F41F4002130BD00BFED
:10D0400090F0000F04BF0021704730B54FF48064AA
:10D0500004F132044FF000054FF0000150E700BF2B
:10D0600090F0000F04BF0021704730B54FF480648A
:10D0700004F1320410F0004548BF40424FF0000177
:10D080003EE700BF42004FEAE2014FEA31014FEABA
:10D0900002701FBF12F07F4393F07F4F81F0605109
:10D0A000704732F07F4208BF704793F07F4F04BF54
:10D0B00041F40021704730B54FF4607401F0004531
:10D0C00021F000411CE700BF50EA010208BF704791
:10D0D00030B54FF000050AE050EA010208BF704782
:10D0E00030B511F0004502D5404261EB41014FF4EB
:10D0F000806404F132045FEA915C3FF4D8AE4FF0F3
:10D1000003025FEADC0C18BF03325FEADC0C18BFD5
:10D11000033202EBDC02C2F1200300FA03FC20FA26
:10D1200002F001FA03FE40EA0E0021FA02F1144473
:10D13000BDE600BF000000005FF800F0B11F006016
:10D140005FF800F05D1F00605FF800F08917006075
:04D15000F8B500BF6F
:08D15400AC69FF7F010000003F
:10D15C0000000000000000000000000000000000C3
:10D16C0000000000000000000000000000000000B3
:10D17C0000000000000000000000000000000000A3
:10D18C000000000000000000000000000000000093
:10D19C000000000000000000000000000000000083
:10D1AC000000000000000000000000000000000073
:10D1BC000000000000000000000000000000000063
:10D1CC000000000000000000000000000000000053
:10D1DC000000000000000000000000000000000043
:10D1EC000000000000000000000000000000000033
:10D1FC000000000000000000000000000000000023
:10D20C000000000000000000000000000000000012
:10D21C000000000000000000000000000000000002
:10D22C0000000000000000000000000000000000F2
:10D23C0000000000000000000000000000000000E2
:10D24C0000000000000000000000000000000000D2
:10D25C0000000000000000000000000000000000C2
:10D26C0000000000000000000000000000000000B2
:10D27C0000000000000000000000000000000000A2
:10D28C000000000000000000000000000000000092
:10D29C000000000000000000000000000000000082
:10D2AC000000000000000000000000000000000072
:10D2BC000000000000000000000000000000000062
:10D2CC000000000000000000000000000000000052
:10D2DC000000000000000000000000000000000042
:10D2EC000000000000000000000000000000000032
:10D2FC000000000000000000000000000000000022
:10D30C000000000000000000000000000000000011
:10D31C000000000000000000000000000000000001
:10D32C0000000000000000000000000000000000F1
:10D33C0000000000000000000000000000000000E1
:10D34C0000000000000000000000000000000000D1
:10D35C0000000000000000000000000000000000C1
:10D36C0000000000000000000000000000000000B1
:10D37C0000000000000000000000000000000000A1
:10D38C000000000000000000000000000000000091
:10D39C000000000000000000000000000000000081
:10D3AC000000000000000000000000000000000071
:10D3BC000000000000000000000000000000000061
:10D3CC000000000000000000000000000000000051
:10D3DC000080E03779C34143176E05B5B5B8934665
:10D3EC00F5F93FE9034F384D321D30F94877825A31
:10D3FC003CBF737FDD4F1575000000000000F03F4F
:10D40C000000000000002440000000000000594013
:10D41C000000000000408F40000000000088C34066
:10D42C0000000000006AF8400000000080842E41DB
:10D43C0000000000D01263410000000084D7974127
:10D44C000000000065CDCD41000000205FA002422D
:10D45C00000000E876483742000000A2941A6D42A2
:10D46C00000040E59C30A2420000901EC4BCD64295
:10D47C0000003426F56B0C430080E03779C3414340
:10D48C0000A0D8855734764300C84E676DC1AB43B6
:10D49C00003D9160E458E143408CB5781DAF1544D4
:10D4AC0050EFE2D6E41A4B4492D54D06CFF08044AF
:10D4BC00F64AE1C7022DB544B49DD9794378EA44C4
:10D4CC0022AE28D7982F8A42CD65EF23914437712D
:10D4DC002F3B4DECCFFBC0B5BCDB8981A5DBB5E99F
:10D4EC0038B548F35BC2563919D005B6F111F1596C
:10D4FC009B4F19AFA4823F9218816DDAD55E1CAB9D
:10D50C00420203A398AA07D8BE6F7045015B831231
:10D51C008CB2E44EBE853124E2B4FFD5C37D0C55EC
:10D52C006F897BF2745DBE72B196163BFEB1DE80E4
:10D53C003512C725A706DC9B942669CF74F19BC1D5
:10D54C00D24AF19EC1699BE4E3254F388647BEEF72
:10D55C00B5D58C8BC69DC10F659CAC77CCA10C242A
:10D56C0075022B596F2CE92D83E4A66EAA84744A9C
:10D57C00D4FB41BDDCA9B05CB5531183DA88F976D4
:10D58C00ABDF66EE52513E981032B42D6DC631A809
:10D59C003F21FB98C82703B0E40EEFBEC77F59BFED
:10D5AC00C28FA83DF30BE0C625A70A934791A7D5D8
:10D5BC006F8203E05163CA06706E0E0A6729291444
:10D5CC00FC2FD246850AB72726C9265C38211B2E8C
:10D5DC00ED2AC45AFC6D2C4DDFB3959D130D3853B9
:10D5EC00DE63AF8B54730A65A8B2773CBB0A6A76CC
:10D5FC00E6AEED472EC9C2813B358214852C729262
:10D60C006403F14CA1E8BFA2013042BC4B661AA8DE
:10D61C009197F8D0708B4BC230BE5406A3516CC797
:10D62C001852EFD619E892D110A96555240699D64F
:10D63C002A20715785350EF4B8D1BB3270A06A1010
:10D64C00C8D0D2B816C1A41953AB4151086C371EBF
:10D65C0099EB8EDF4C774827A8489BE1B5BCB034DA
:10D66C00635AC9C5B30C1C39CB8A41E34AAAD84EBC
:10D67C0073E363774FCA9C5BA3B8B2D6F36F2E6883
:10D68C00FCB2EF5DEE828F74602F17436F63A57849
:10D69C0072ABF0A11478C884EC39641A0802C78CF8
:10D6AC00281E6323FAFFBE90E9BD82DEEB6C50A40A
:10D6BC001579C6B2F7A3F9BE2B5372E3F27871C693
:10D6CC009C6126EACE3E27CA07C2C021C7B886D1C4
:10D6DC001EEBE0CDD67DDAEA78D16EEE7F4F7DF58C
:10D6EC00BA6F1772AA67F006A698C8A2C57D630A1E
:10D6FC00AE0DF9BE04983F111B471C13350B711B63
:10D70C00847D0423F577DB289324C7407BABCA3296
:10D71C00BCBEC9150ABE9E3C4C0D109CC4671D4373
:10D72C00B6423ECBBED4C54C2A7E65FC9C297F59A3
:10D73C00ECFAD63AAB6FCB5F1758474A8C19446C4E
:10D74C0040520020686300206CCC000000000000F8
:10D75C0086CAE7670000000000000000000000001F
:10D76C0000000000000000000000000000000000AD
:10D77C00BC89D897B2D29C3C33A7A8D523F649399B
:10D78C003DA7F444FD0FA5329D978CCF08BA5B25BD
:10D79C00436FAC642806681100000101000101010F
:10D7AC00010201010202010203010203020204024E
:10D7BC000205020205030206030207030207040323
:10D7CC0007040307050407050407060507060607F3
:10D7DC00060607070707070080817B7B0500000012
:10D7EC0000004700000000000000000000000008DE
:10D7FC000000000000000000000000000D0E0F05EE
:10D80C00070C010003060402C4590020CC59002067
:10D81C00D0590020D859002080817E7E0500000060
:10D82C000000470080817979050000000000470066
:10D83C0080817EFD080000000000000000CC00008C
:10D84C0080817EFA080000000000000000CC00007F
:10D85C0000000000010106000000000000000000B4
:10D86C0000000000000000000000000000000000AC
:10D87C00000000000000000000000000000000009C
:10D88C00000000000000000000000000000000008C
:10D89C00000000000000000000000000000000007C
:10D8AC00000000000000000000000000000000006C
:10D8BC00000000000000000000000000000000005C
:10D8CC00000000000000000000000000000000004C
:10D8DC00000000000000000000000000000000003C
:10D8EC00000000000000000000000000000000002C
:10D8FC00000000000000000000000000000000001C
:10D90C00000000000000000000000000000000000B
:10D91C0000000000000000000000000000000000FB
:10D92C0000000000000000000000000000000000EB
:10D93C0000000000000000000000000000000000DB
:10D94C0000000000000000000000000000000000CB
:10D95C0000000000000000000000000000000000BB
:10D96C0000000000000000000000000000000000AB
:10D97C0001005E0000000100010000001400002006
:10D98C00000000000000000000000000000000008B
:10D99C00000000000000000000000000000000007B
:10D9AC000F000000040300000000000002000076DD
:10D9BC000303585858585858585858585858585885
:10D9CC0058585858585858585858585858585858CB
:10D9DC0058582058585858585858585858585858F3
:10D9EC0058585858585858585858585858585858AB
:10D9FC00585858130300002E00330024001D00203B
:10DA0C00585858585858585858585858585858588A
:10DA1C00585858585858585858585858585858587A
:10DA2C00002B000203040000160303007A00000020
:10DA3C0014030300010100000800000200000000B4
:10DA4C00000D00080006040308040401000D001E6C
:10DA5C00001C040305030603080708080809080A44
:10DA6C00080B08040805080604010501060100005E
:10DA7C00000000FE00FE0000FE0000001603030084
:10DA8C00FE0100008C0303585858585858585858E1
:10DA9C0058585858585858585858585858585858FA
:10DAAC005858585858585820585858585858585822
:10DABC0058585858585858585858585858585858DA
:10DACC00585858585858585800021303010000FE73
:10DADC00003300260024001D002058585858585870
:10DAEC0058585858585858585858585858585858AA
:10DAFC0058585858585858585858000A000400029A
:10DB0C00001D002B00030203040023000000000092
:10DB1C0002010600000000000000000000000000F0
:10DB2C0000000000000000000000000000000000E9
:10DB3C0000000000000000000000000000000000D9
:10DB4C0000000000000000000000000000000000C9
:10DB5C0000000000000000000000000000000000B9
:10DB6C0000000000000000000000000000000000A9
:10DB7C000000000000000000000000000000000099
:10DB8C000000000000000000000000000000000089
:10DB9C000000000000000000000000000000000079
:10DBAC000000000000000000000000000000000069
:10DBBC000000000000000000000000000000000059
:10DBCC000000000000000000000000000000000049
:10DBDC000000000000000000000000000000000039
:10DBEC000000000000000000000000000000000029
:10DBFC000000000000000000000000000000000019
:10DC0C000000000000000000000000000000000008
:10DC1C0000000000000000000000000000000000F8
:10DC2C0000000000000000000000000075D500009E
:10DC3C00A5D5000064000000983A0000E80300003D
:10DC4C0000000000010000000300000002000000C2
:10DC5C0000000000A05A0020AC5A0020C05A00203E
:10DC6C001C4F00201C4F00201C4F00201C4F00207C
:10DC7C001C4F00201C4F00201C4F00201C4F00206C
:10DC8C001C4F00201C4F00201C4F00201C4F00205C
:10DC9C001C4F00201C4F00201C4F00201C4F00204C
:10DCAC001C4F00201C4F00201C4F00201C4F00203C
:10DCBC001C4F00201C4F00201C4F00201C4F00202C
:10DCCC001C4F00201C4F00201C4F00201C4F00201C
:10DCDC001C4F00201C4F00201C4F00201C4F00200C
:10DCEC001C4F00201C4F00201C4F00201C4F0020FC
:10DCFC001C4F00201C4F00201C4F00201C4F0020EC
:10DD0C001C4F00201C4F00201C4F00201C4F0020DB
:10DD1C001C4F00201C4F00201C4F00201C4F0020CB
:10DD2C001C4F00201C4F00201C4F00201C4F0020BB
:10DD3C001C4F00201C4F00201C4F00201C4F0020AB
:10DD4C001C4F00201C4F00201C4F00201C4F00209B
:10DD5C001C4F00201C4F00201C4F00201C4F00208B
:10DD6C001C4F00201C4F00201C4F00201C4F00207B
:10DD7C001C4F00201C4F00201C4F00201C4F00206B
:10DD8C001C4F00201C4F00201C4F00201C4F00205B
:10DD9C001C4F00201C4F00201C4F00201C4F00204B
:10DDAC001C4F00201C4F00201C4F00201C4F00203B
:10DDBC001C4F00201C4F00201C4F00201C4F00202B
:10DDCC001C4F00201C4F00201C4F00201C4F00201B
:10DDDC001C4F00201C4F00201C4F00201C4F00200B
:10DDEC001C4F0020503E0020CC5A0020D45A00205A
:10DDFC00E05A0020005B00200C5B0020743E0020E9
:10DE0C001C5B00202C5B00201C4F00201C4F0020B2
:10DE1C001C4F00201C4F00201C4F00201C4F0020CA
:10DE2C001C4F00201C4F00201C4F00201C4F0020BA
:10DE3C001C4F00201C4F00201C4F00201C4F0020AA
:10DE4C001C4F00201C4F00201C4F0020405B00206A
:10DE5C001C4F00201C4F00201C4F00201C4F00208A
:10DE6C001C4F00201C4F00201C4F00201C4F00207A
:10DE7C001C4F00201C4F00201C4F00201C4F00206A
:10DE8C001C4F00201C4F00201C4F00201C4F00205A
:10DE9C001C4F00201C4F00201C4F00201C4F00204A
:10DEAC001C4F00201C4F00201C4F00201C4F00203A
:10DEBC001C4F00201C4F00201C4F00201C4F00202A
:10DECC001C4F00201C4F00201C4F00201C4F00201A
:10DEDC001C4F00201C4F00201C4F00201C4F00200A
:10DEEC001C4F00201C4F00201C4F00201C4F0020FA
:10DEFC001C4F00201C4F00201C4F00201C4F0020EA
:10DF0C001C4F00201C4F00201C4F00201C4F0020D9
:10DF1C001C4F00201C4F00201C4F00201C4F0020C9
:10DF2C001C4F00201C4F00201C4F00201C4F0020B9
:10DF3C001C4F00201C4F00201C4F00201C4F0020A9
:10DF4C001C4F00201C4F00201C4F00201C4F002099
:10DF5C001C4F00201C4F00201C4F00201C4F002089
:10DF6C001C4F00201C4F00201C4F00201C4F002079
:10DF7C001C4F0020485B00205C5B0020005C0020F4
:10DF8C00705B00207C5B00208C5B00201C4F002011
:10DF9C00985B0020AC5B00201C4F00201C4F002025
:10DFAC001C4F00201C4F00201C4F00201C4F002039
:10DFBC001C4F00201C4F00201C4F00201C4F002029
:10DFCC001C4F00201C4F00201C4F00201C4F002019
:10DFDC001C4F00201C4F00201C4F00201C4F002009
:10DFEC001C4F00201C4F00201C4F00201C4F0020F9
:10DFFC001C4F00201C4F00201C4F00201C4F0020E9
:10E00C001C4F00201C4F00201C4F00201C4F0020D8
:10E01C001C4F00201C4F00201C4F00201C4F0020C8
:10E02C001C4F00201C4F00201C4F00201C4F0020B8
:10E03C001C4F00201C4F00201C4F00201C4F0020A8
:10E04C001C4F00201C4F00201C4F00201C4F002098
:10E05C001C4F00201C4F00201C4F00201C4F002088
:10E06C001C4F00201C4F00201C4F00201C4F002078
:10E07C001C4F00201C4F00201C4F00201C4F002068
:10E08C001C4F00201C4F00201C4F00201C4F002058
:10E09C001C4F00201C4F00201C4F00201C4F002048
:10E0AC001C4F00201C4F00201C4F00201C4F002038
:10E0BC001C4F00201C4F00201C4F00201C4F002028
:10E0CC001C4F00201C4F00201C4F00201C4F002018
:10E0DC001C4F00201C4F00201C4F00201C4F002008
:10E0EC001C4F00201C4F00201C4F00201C4F0020F8
:10E0FC001C4F00201C4F00201C4F00201C4F0020E8
:10E10C001C4F0020C05B0020CC5B0020DC5B00209F
:10E11C00F05B0020FC5B0020085C00201C5C0020F5
:10E12C002C5C00204C5C00205C5C0020685C0020B7
:10E13C00705C0020805C0020945C0020A85C0020B7
:10E14C00C05C0020543E0020D85C0020EC5C002019
:10E15C001C4F00201C4F0020FC5C0020105D002098
:10E16C00285D0020305D00201C4F0020445D002005
:10E17C001C4F0020585D0020705D00201C4F0020BB
:10E18C00845D00201C4F00201C4F00201C4F0020E1
:10E19C001C4F00201C4F00201C4F00201C4F002047
:10E1AC001C4F00201C4F00201C4F00201C4F002037
:10E1BC001C4F0020A45D00201C4F00201C4F002091
:10E1CC001C4F00201C4F00201C4F00201C4F002017
:10E1DC00C85D00201C4F00201C4F00201C4F00204D
:10E1EC001C4F00201C4F00201C4F00201C4F0020F7
:10E1FC001C4F00201C4F00201C4F00201C4F0020E7
:10E20C001C4F00201C4F00201C4F00201C4F0020D6
:10E21C001C4F00201C4F00201C4F00201C4F0020C6
:10E22C001C4F00201C4F00201C4F00201C4F0020B6
:10E23C001C4F00201C4F00201C4F00201C4F0020A6
:10E24C001C4F00201C4F00201C4F00201C4F002096
:10E25C001C4F00201C4F00201C4F00201C4F002086
:10E26C001C4F00201C4F00201C4F00201C4F002076
:10E27C001C4F00201C4F00201C4F00201C4F002066
:10E28C001C4F00201C4F00201C4F00201C4F002056
:10E29C00E85D0020005E0020185E0020285E002053
:10E2AC00345E0020485E0020585E0020745E002022
:10E2BC008C5E0020A45E00201C4F0020B45E002069
:10E2CC00C45E00201C4F00201C4F00201C4F00205F
:10E2DC001C4F00201C4F00201C4F00201C4F002006
:10E2EC001C4F00201C4F00201C4F00201C4F0020F6
:10E2FC001C4F00201C4F00201C4F00201C4F0020E6
:10E30C001C4F00201C4F00201C4F00201C4F0020D5
:10E31C001C4F00201C4F00201C4F00201C4F0020C5
:10E32C001C4F00201C4F00201C4F00201C4F0020B5
:10E33C001C4F00201C4F00201C4F00201C4F0020A5
:10E34C001C4F00201C4F00201C4F00201C4F002095
:10E35C001C4F00201C4F00201C4F00201C4F002085
:10E36C001C4F00201C4F00201C4F00201C4F002075
:10E37C001C4F00201C4F00201C4F00201C4F002065
:10E38C001C4F00201C4F00201C4F00201C4F002055
:10E39C001C4F00201C4F00201C4F00201C4F002045
:10E3AC001C4F00201C4F00201C4F00201C4F002035
:10E3BC001C4F00201C4F00201C4F00201C4F002025
:10E3CC001C4F00201C4F00201C4F00201C4F002015
:10E3DC001C4F00201C4F00201C4F00201C4F002005
:10E3EC001C4F00201C4F00201C4F00201C4F0020F5
:10E3FC001C4F00201C4F00201C4F00201C4F0020E5
:10E40C001C4F00201C4F00201C4F00201C4F0020D4
:10E41C001C4F00201C4F00201C4F00201C4F0020C4
:10E42C00E45E002009000000000000000000000075
:10E43C0000000000000000000000000000000000D0
:10E44C00000000004755492020200000424E4F207C
:10E45C0020200000475053312020000047505332F9
:10E46C002020000050474E20202000004147202053
:10E47C00202000004E545249502000005253323399
:10E48C00322000004C6F6F7020200000494D555F0A
:10E49C00482000004E4D45415F48000052616469C0
:10E4AC006F2000005542585F482000005544505FD3
:10E4BC005320000044414320202000004D4143489C
:10E4CC00202000004C45445320200000455350337D
:10E4DC00322000004B455941202000004572726FDC
:10E4EC00723A2025730000005375626E65742043E8
:10E4FC0068616E67650000000D0A2D205361766916
:10E50C006E6720746F20454550524F4D20616E64EC
:10E51C002072657374617274696E67205465656EE0
:10E52C00737900000D0A202D2D2D2D2D2D2D2D2D27
:10E53C000D0A25730D0A4350552054656D703A2011
:10E54C0020252E3166C2B0430D0A4350552053701E
:10E55C006565643A2025694D687A0D0A4750532049
:10E56C00426175643A202025690000000D0A41675C
:10E57C00494F2049503A20202025692E25692E2507
:10E58C00692E2569000000000D0A4D6F64756C65DD
:10E59C002049503A2025692E25692E25692E25699A
:10E5AC00000000000D0A424E4F3038782061766131
:10E5BC00696C61626C652076696120536572696172
:10E5CC006C2F525643204D6F646500000D0A2A20B3
:10E5DC004E6F20494D5520617661696C61626C65A6
:10E5EC00202A00000D0D0A202D2D2D2D2D2D2D2D29
:10E5FC002D000000537465657220436F6E66696769
:10E60C00000000000D0A496E766572745741532064
:10E61C00000000000D0A497352656C617941637406
:10E62C006976654869676820000000000D0A4D6F27
:10E63C00746F724472697665446972656374696F4C
:10E64C006E2000000D0A53696E676C65496E70751B
:10E65C0074574153200000000D0A437974726F6E99
:10E66C0044726976657220000D0A537465657253A5
:10E67C0077697463682000000D0A537465657242F3
:10E68C007574746F6E2000000D0A536861667445D2
:10E69C006E636F64657220000D0A497344616E6687
:10E6AC006F737320000000000D0A50726573737550
:10E6BC00726553656E736F72200000000D0A43750E
:10E6CC007272656E7453656E736F72200000000079
:10E6DC000D0A4973557365595F41786973200000C1
:10E6EC000D0A50756C7365436F756E744D617820AF
:10E6FC00000000000D0A4D696E53706565642000C2
:10E70C0053746565722053657474696E6773000089
:10E71C000D0A204B702000000D0A206869676850B4
:10E72C00574D20000D0A206C6F7750574D2000007C
:10E73C000D0A206D696E50574D2000000D0A207394
:10E74C007465657253656E736F72436F756E747317
:10E75C00200000000D0A207761734F6666736574A4
:10E76C00200000000D0A2041636B65726D616E46DE
:10E77C006978200047505331000000004750533255
:10E78C000000000052454C6A0000000052454C72DB
:10E79C0000000000424E4F000D0A0A4C6F6F7020B3
:10E7AC0020206370753A20006B487A000D0A47559B
:10E7BC0049202020206370753A2000000D0A424E3B
:10E7CC004F5F5220206370753A2000000D0A4750AD
:10E7DC0053312020206370753A2000000D0A4750F9
:10E7EC0053322020206370753A2000000D0A5047E8
:10E7FC004E202020206370753A2000000D0A4153F2
:10E80C0020202020206370753A2000000D0A4E5401
:10E81C0052495020206370753A2000000D0A4E4D6D
:10E82C0045415F50206370753A2000000D0A554237
:10E83C00585F5020206370753A2000000D0A554433
:10E84C00505F5320206370753A2000000D0A4C4530
:10E85C0044532020206370753A2000000D0A4D614E
:10E86C0063682020206370753A2000000D0A455320
:10E87C0050333220206370753A2000000D0A4B454E
:10E88C0059412020206370753A2000000D0A525324
:10E89C0032333220206370753A2000002047474104
:10E8AC0020757064617465202825692900000000BA
:10E8BC0020474E53207570646174652028256929A2
:10E8CC00000000002048505220757064617465206F
:10E8DC00000000000D0A496E697469616C697A69FF
:10E8EC006E67204D616368696E652F53656374694B
:10E8FC006F6E204F75747075747300000D0A2D20A7
:10E90C0076352E3064205043413936383520493223
:10E91C00432050574D20494F20657874656E6465CF
:10E92C007220636F6E74726F6C73202835292044CB
:10E93C0052563832343320666F72205365637469D3
:10E94C006F6E2F4C6F636B2F417578206F757470E1
:10E95C00757473000D0A20202D2053656374696F44
:10E96C006E732F4C6F636B2F417578205043413978
:10E97C0036383520000000000D0A202020202D20E4
:10E98C00416C6C204C4F434B2F4155582F536563B2
:10E99C0074696F6E20445256732073657420746FC3
:10E9AC0020736C656570202848692D5A206F75742A
:10E9BC0070757473290000000D0A2D20456E61627C
:10E9CC006C696E67204C4F434B204452562C206F81
:10E9DC00757470757420636F6E74726F6C6C656493
:10E9EC00206279204175746F73746565722F4C6F5A
:10E9FC00636B2042746E00000D0A2D20456E61621F
:10EA0C006C696E6720415558204F75747075740091
:10EA1C00472D474741000000472D474E530000004B
:10EA2C00472D565447000000472D48505200000017
:10EA3C004B535854000000000D0A0A2A2A2A20457C
:10EA4C00535033322053657269616C2043522F4C02
:10EA5C004620646574656374656420627574204E29
:10EA6C004F5420612076616C69642050474E2028F9
:10EA7C005B305D2F5B315D20627974657320213DC5
:10EA8C00203132382F31323929202A2A2A0000002D
:10EA9C000D0A202020203E002533692000000000B4
:10EAAC000D0A2A556E657870656374656420636819
:10EABC00617261637465727320696E204E4D4541BD
:10EACC0020706172736572202D204E6F726D616CB7
:10EADC0020617420737461727475702A0D0A202D74
:10EAEC00204E4D4541205061727365722045727203
:10EAFC006F72436F64653A2000000000554450204B
:10EB0C0053656E6420746F204167494F20666169BC
:10EB1C006C65642E0D0A00000D0A0A4175746F5362
:10EB2C007465657220736574757000000D0A2D2074
:10EB3C002A2A20454550524F4D207265736574202A
:10EB4C00746F2064656661756C747321202A2A00C9
:10EB5C000D0A2D206C6F6164656420736574746993
:10EB6C006E67732F636F6E6669672066726F6D20B8
:10EB7C00454550524F4D00000D0A2D204175746FC4
:10EB8C00537465657220656E61626C65642C2073CC
:10EB9C006574757020636F6D706C65746500000032
:10EBAC000D0A53657474696E672043505520757354
:10EBBC006167652064656275673A20000D0A5365CC
:10EBCC007474696E67205247422062726967687478
:10EBDC006E6573733A2000000D0A4D616368696EAF
:10EBEC00652064656275674C6576656C3A2000003B
:10EBFC000D0A53657474696E67204E4D4541322081
:10EC0C0064656275673A20000D0A53657474696E09
:10EC1C0067204E4D45412064656275673A200000BF
:10EC2C000D0A0A2A20526573657474696E67206830
:10EC3C00692F6C6F207374617473202A00000000BC
:10EC4C000D0A53657474696E67205072696E742076
:10EC5C0053746174733A20000D0A4C4F434B206976
:10EC6C007320696E20536C656570206D6F64652C24
:10EC7C002073656E64696E672077616B65207369BC
:10EC8C00676E616C000000000D0A4C4F434B20690D
:10EC9C007320696E205374616E646279206D6F64A9
:10ECAC00652C2077616974696E6720666F722072BB
:10ECBC00657365742C2073656E64696E672072656C
:10ECCC007365742070756C73650000000D0A4C4FF1
:10ECDC00434B20697320696E20416374697665200B
:10ECEC006D6F64652C2069737375696E6720536C46
:10ECFC00656570207369676E616C00000D0A4C4F7E
:10ED0C00434B2000755300000D0A41555820697380
:10ED1C0020696E20536C656570206D6F64652C20C6
:10ED2C0073656E64696E672077616B6520736967C4
:10ED3C006E616C000D0A41555820697320696E2074
:10ED4C005374616E646279206D6F64652C207761F9
:10ED5C006974696E6720666F722072657365742CB6
:10ED6C002073656E64696E672072657365742070BC
:10ED7C00756C7365000000000D0A415558206973CD
:10ED8C0020696E20416374697665206D6F64652C13
:10ED9C002069737375696E6720536C656570207399
:10EDAC0069676E616C0000000D0A41555820000027
:10EDBC000D0A2D2053656374696F6E2044525638CA
:10EDCC003234332000000000666F756E6400000062
:10EDDC002A4E4F5420666F756E64212A0000000085
:10EDEC000D0A2D20524742204452563832343320DB
:10EDFC00000000000D0A0A2A2A2A20556E7265634B
:10EE0C006F676E697A656420555342207365726929
:10EE1C00616C20696E7075743A202200222000000B
:10EE2C000D0A4B6579612068656172746265617465
:10EE3C002064657465637465642120456E61626C41
:10EE4C00696E67204B6579612063616E6275732012
:10EE5C0026207573696E67207265706F72746564B5
:10EE6C00206D6F746F722063757272656E7420669C
:10EE7C006F7220646973656E6761676500000000DE
:10EE8C000D0A4D6F746F722064697361626C6564F6
:10EE9C0000000000202D20736574204153206F6604
:10EEAC00660000000D0A4F76657220766F6C7461F7
:10EEBC00676500000D0A48617264776172652070A5
:10EECC00726F74656374696F6E0000000D0A4532D1
:10EEDC0050524F4D000000000D0A556E64657220B3
:10EEEC00766F6C74616765000D0A4E2F410000004F
:10EEFC000D0A4F7665722063757272656E74000030
:10EF0C000D0A4D6F6465206661696C757265000051
:10EF1C000D0A4C6573732070686173650000000006
:10EF2C000D0A4D6F746F72207374616C6C0000006D
:10EF3C000D0A526573657276656400000D0A4861AE
:10EF4C006C6C206661696C75726500000D0A437506
:10EF5C007272656E742073656E73696E6700000063
:10EF6C000D0A32333220646973636F6E6E6563749D
:10EF7C00656400000D0A43414E20646973636F6E33
:10EF8C006E656374656400000D0A4D6F746F7220BA
:10EF9C007374616C6C656400206661756C742072AE
:10EFAC0065706C792000000020766F6C7461676569
:10EFBC00207265706C7920002074656D70657261CB
:10EFCC0074757265207265706C792000207665729C
:10EFDC0073696F6E207265706C79200020756E6B92
:10EFEC006E6F776E207265706C7920004F4E00004A
:10EFFC004F4646000D0A574F524B20696E70757480
:10F00C00282569293A202573000000000D0A2536B1
:10F01C0069000000205465656E73792041444328D3
:10F02C0078332E3233293A253569000066775F67CD
:10F03C0065745F73657474696E6773006765745F7C
:10F04C0073657474696E67733A2025732C25642C70
:10F05C0025642C25642C25642C25732C2564000038
:10F06C0066775F7365745F73657474696E6773003C
:10F07C00696E636C7564652F6D6748616E646C6551
:10F08C0072732E68000000007365745F736574748E
:10F09C00696E67733A2025732C25642C25642C2506
:10F0AC00642C25642C25732C2564000066775F7313
:10F0BC00657474696E67733A2025732C25642C254E
:10F0CC00642C25642C25642C25732C2564000000ED
:10F0DC0025342E316600000025000000203C3E2027
:10F0EC00000000000D0A0A435055207370656564DA
:10F0FC002073657420746F3A202569204D487A0D71
:10F10C000A0000002450414E44412C002450414F31
:10F11C0047492C002C0000000D0A2A2A486561641E
:10F12C00696E6720646174612065787069726564CA
:10F13C002A2A0D0A00000000202020202020202058
:10F14C0020202020202020202020202A2A2A207243
:10F15C00656C706F734E454420776173206D6973D5
:10F16C00736564206F72206C61746521202A2A2AD1
:10F17C0020282569290D0A000D0A4D616368696E06
:10F18C0065204F7574707574732075706461746547
:10F19C00000000000D0A2D2050696E202532693ABE
:10F1AC002025692000000000202A53657269616CDB
:10F1BC00475053312062756666657220636C6561D9
:10F1CC00726564212D4E6F726D616C2061742073B9
:10F1DC007461727475702A00202A53657269616CAF
:10F1EC00475053322062756666657220636C6561A8
:10F1FC00726564212D4E6F726D616C206174207389
:10F20C007461727475702A0D0A0000000D0A0A5799
:10F21C00726974696E672049502061646472657309
:10F22C00732064656661756C747320746F2045453A
:10F23C0050524F4D0D0A00000D0A0A57726974693D
:10F24C006E67204750532064656661756C7473203B
:10F25C00746F20454550524F4D0D0A000D0A0A4C53
:10F26C006F616465642049502061646472657373D6
:10F27C002066726F6D20454550524F4D0D0A0000AF
:10F28C000D0A2D2041444320636865636B3A0000EE
:10F29C007564703A2F2F25642E25642E25642E312B
:10F2AC0032363A38383838007564703A2F2F256466
:10F2BC002E25642E25642E3132363A323233330009
:10F2CC00756470536574757000000000696E636C32
:10F2DC007564652F75647048616E646C6572732E0D
:10F2EC00680000004C697374656E696E6720666F08
:10F2FC0072204167494F206F6E205544502038389A
:10F30C00383800004167494F206F6E20554450201B
:10F31C003838383820646964206E6F74206F7065DB
:10F32C006E0000004C697374656E696E6720666FC1
:10F33C0072205254434D206F6E205544502032326F
:10F34C00333300005254434D206F6E2055445020EF
:10F35C003232333320646964206E6F74206F7065B1
:10F36C006E0000007564703A2F2F00002E32353578
:10F37C003A39393939000000436F6E6E6563746534
:10F38C006420746F204167494F0000005472796902
:10F39C006E6720746F20636F6E6E65637420746F7C
:10F3AC00204167494F0000000D0A426567696E20D5
:10F3BC0043414E203320736574757020666F722044
:10F3CC004B65796100000000496E697469616C6974
:10F3DC00736564204B6579612043414E425553203F
:10F3EC004020000062707300C0A8057E00C0A80514
:10F3FC000100C0A805FF00000F0E0D030700000060
:10F40C00000104050A09000025642E25642E2564DC
:10F41C002E2564000A0908070605040302010000F2
:10F42C0020505654207570646174652000000000F3
:10F43C000D0A476F74206D657373616765204944CD
:10F44C003A00000020636C733A0000002052454CD7
:10F45C0020757064617465202825692900000000FE
:10F46C000D0A2A2A2A20676E73734669784F6B211E
:10F47C00200000000D0A2A2A2A2064696666536F50
:10F48C006C6E2120000000000D0A2A2A2A207265C9
:10F49C006C506F7356616C69642120002020202011
:10F4AC0063617272536F6C6E3A2000000D0A0A2A67
:10F4BC002A2A2A2A2A2A2A2A2A2A2A2A2A2A2A2AA0
:10F4CC002A2A20524F4C4C204A554D502025362E7E
:10F4DC003266202D3E2025362E3266202A2A2A2AF4
:10F4EC002A2A2A2A2A2A2A2A2A2A2A2A2A2A2A2A70
:10F4FC002A2A2A2A0D0A0A002075627820307842BE
:10F50C0035000000203078363200000020307800C2
:10F51C00204C3100204C3200206341002075627871
:10F52C002063726341206661696C656400000000B1
:10F53C00206342002075627820637263422066610A
:10F54C00696C6564000000000968693A2025692827
:10F55C0025692900096C6F3A20256928256929003D
:10F56C0009487A3A2025342E31662825342E316606
:10F57C002900000020202000732028006D000000CE
:10F58C000A4368616E67696E67202573204C454499
:10F59C002066726F6D207374616765202531692058
:10F5AC00746F2025316900006F7666000D0A2A2AD7
:10F5BC002A20424E4F206D69737365642075706408
:10F5CC00617465202A2A2A00202A2A2A20424E4FBA
:10F5DC002073657269616C20696E70757420627538
:10F5EC006666657220686164200000002062797490
:10F5FC006573206C6566746F76657221202A2A2AE1
:10F60C00000000000D0A2D20726169736554696D4C
:10F61C00653A20000D0A2D206C6F77657254696D68
:10F62C00653A20000D0A2D2072656C617941637476
:10F63C00697665486967683A200000000D0A2D203C
:10F64C006879644C696674456E61626C653A200039
:10F65C000D0A2D2075736572313A20000D0A2D208C
:10F66C0075736572323A20000D0A2D207573657220
:10F67C00333A20000D0A2D2075736572343A200040
:10F68C000D0A2D2050696E20000000000D0A307804
:10F69C000000000028000000292D00002025326900
:10F6AC0020446174613E0000253369000D0A2A2A4A
:10F6BC002A20554450204D616368696E6520436F64
:10F6CC006D6D7320726573756D6564202A2A2A002E
:10F6DC003A4F4646000000003A444F574E00000097
:10F6EC003A5550003A524947485400003A4C454666
:10F6FC00540000003A53544F5021212100000000C7
:10F70C003A474F4F4400000048656C6C6F2066729E
:10F71C006F6D204167494F004D616368696E6520CC
:10F72C005265706C790000000D0A4D616368696E5A
:10F73C0065206E6F7420696E697469616C697A6595
:10F74C00640000005363616E2052657175657374BB
:10F75C000000000036342053656374696F6E2044DA
:10F76C00617461004C6566742073706565643A2041
:10F77C00000000002052696768742073706565642E
:10F78C003A20000053656374696F6E2044696D7391
:10F79C00000000004D616368696E652050696E2041
:10F7AC00436F6E66696700000D0A4E6577204D61E8
:10F7BC006368696E6520636F6E6669672073617636
:10F7CC00656420746F20454550524F4D0000000079
:10F7DC004D616368696E6520436F6E6669670000F2
:10F7EC004D616368696E65204461746100000000BE
:10F7FC000D0A755475726E3A200000000D0A677080
:10F80C007353706565643A2000000000203E2000B0
:10F81C000D0A6879644C69667428313A4420323A8E
:10F82C0055293A20000000000D0A7472616D6C6954
:10F83C006E6528313A5220323A4C293A20000000A9
:10F84C000D0A67656F53746F7028303A4F4B203137
:10F85C003A53544F50293A20000000000D0A7365AA
:10F86C006320312D383A20002073656320392D3107
:10F87C00363A20000D0A303A0000000020313A00E0
:10F88C005330310053303200533033005330340096
:10F89C005330350053303600533037005330380076
:10F8AC005330390053313000533131005331320071
:10F8BC00533133005331340053313500533136005A
:10F8CC004879645570000000487964446E0000006B
:10F8DC005472616D520000005472616D4C00000056
:10F8EC0047656F53746F70002D2D47505320446142
:10F8FC0074612D2D0000000048656164696E673AE3
:10F90C0020000000526F6C6C4475616C3A20000052
:10F91C002D2D494D5520446174612D2D00000000A2
:10F92C00636F7272656374696F6E48656164696E4A
:10F93C00673A2000726F6C6C3A2000002D2D4F75C9
:10F94C007470757420446174612D2D00696D754758
:10F95C0050535F4F66667365743A2000726F6C6C1F
:10F96C0044656C74613A2000726F6C6C44656C7405
:10F97C0061536D6F6F74683A20000000696D7543B8
:10F98C006F727265637465643A20000000000000B9
:10F99C0000000000DD930000C50400004D9A00003B
:10F9AC00410600002D8100004506000049060000BC
:10F9BC0000000000000000003DE80100710F020093
:10F9CC006D0F0200690F0200650F0200A5EB01002C
:10F9DC00A9EB0100610F0200000000000000000014
:10F9EC00A5E601000DE90100A9E0010001E201001A
:10F9FC00C9E001006DE10100F1E0010085E20100C8
:10FA0C001DE20100A5E00100000000000000000064
:10FA1C0001B800002DB80000B5B70000FDB700001C
:10FA2C00B9B70000C5B70000E5B700000000000042
:10FA3C000000000045E801002C2066756E637469B7
:10FA4C006F6E3A2000000000617373657274696F09
:10FA5C006E2022257322206661696C65643A2066EB
:10FA6C00696C6520222573222C206C696E6520251B
:10FA7C0064257325730A00006D675F7068795F6990
:10FA8C006E69740075706C6F61645F68616E646C34
:10FA9C0065720000676C75655F6F74615F77726982
:10FAAC0074655F6669726D776172655F75706461AC
:10FABC0074650000707265705F75706C6F616400C6
:10FACC00676C75655F6F74615F626567696E5F66B1
:10FADC0069726D776172655F757064617465000041
:10FAEC006D675F746C735F696E6974006D675F74CA
:10FAFC006C735F7365727665725F726563765F684F
:10FB0C00656C6C6F000000006D675F746C735F63F5
:10FB1C006C69656E745F726563765F636572745F42
:10FB2C0076657269667900006D675F746C735F76D9
:10FB3C0065726966795F636572745F7369676E611C
:10FB4C0074757265000000006D675F746C735F768E
:10FB5C0065726966795F636572745F73616E0000CC
:10FB6C006D675F6465725F64656275675F6365721C
:10FB7C00745F6E616D6500006D675F746C735F70B0
:10FB8C00617273655F636572745F64657200000017
:10FB9C006D675F746C735F636C69656E745F7265BF
:10FBAC0063765F63657274006D675F746C735F720C
:10FBBC006563765F7265636F726400006D675F7476
:10FBCC006C735F68657864756D7000006D675F7449
:10FBDC00637069705F6472697665725F696D787263
:10FBEC00745F747800000000687474705F65765FF1
:10FBFC0068616E646C657200676C75655F737461C7
:10FC0C0072745F7265626F6F740000006D675F7471
:10FC1C006C735F636C69656E745F726563765F6845
:10FC2C00656C6C6F000000006D675F6F74615F65E1
:10FC3C006E640000666C6173685F65726173650069
:10FC4C006D675F696D7872745F77726974650000B7
:10FC5C006D675F73656E64006163636570745F6389
:10FC6C006F6E6E00726561645F636F6E6E00000094
:10FC7C006D675F74637069705F6472697665725FDB
:10FC8C00696D7872745F706F6C6C00006D6F6E676D
:10FC9C006F6F73655F696E6974000000676C7565E2
:10FCAC005F73746172745F736176650074785F64FE
:10FCBC006863705F726571756573745F73656C00F2
:10FCCC0072785F646863705F636C69656E74000062
:10FCDC0072785F697000000072785F61727000006A
:10FCEC006D675F74637069705F72780074785F64BD
:10FCFC006863705F726571756573745F726500001F
:10FD0C006F6E73746174656368616E676500000083
:10FD1C0074785F646863705F646973636F7665722F
:10FD2C00000000006D675F74637069705F706F6CCA
:10FD3C006C0000006D675F6D67725F706F6C6C00BC
:10FD4C006D675F77735F6362000000006D675F63D0
:10FD5C006F6E6E6563745F7265736F6C766564004D
:10FD6C006D675F74637069705F696E697400000021
:10FD7C00736574746D6F75740000000074785F7433
:10FD8C00637000007472696D5F6C656E000000003A
:10FD9C006D675F6D67725F696E6974006D675F6C2C
:10FDAC00697374656E0000006D675F77735F7365D0
:10FDBC006E6400006D6F6E676F6F73655F73657453
:10FDCC005F687474705F68616E646C657273000058
:10FDDC006D675F636F6E6E65637400006D675F6364
:10FDEC006C6F73655F636F6E6E0000006D675F69AB
:10FDFC006F6275665F726573697A65007572695FAB
:10FE0C00746F5F7061746832000000006874747005
:10FE1C005F6362006D675F6F74615F666C617368CE
:10FE2C005F656E64000000006D675F6F74615F66F4
:10FE3C006C6173685F777269746500006D675F6FE2
:10FE4C0074615F666C6173685F626567696E000000
:10FE5C006D675F6572726F7200000000646E735F95
:10FE6C00636200006D675F73656E646E73726571BB
:10FE7C00000000006D675F646E735F706172736584
:10FE8C00000000006D675F746C735F73656E6400D7
:10FE9C0042616C6C6F632073756363656564656444
:10FEAC00000000002F566F6C756D65732F646174C4
:10FEBC00612F6A656E6B696E732F776F726B7370DF
:10FECC006163652F474E552D746F6F6C6368616964
:10FEDC006E2F61726D2D31312F7372632F6E6577BA
:10FEEC006C69622D63796777696E2F6E65776C69C3
:10FEFC00622F6C6962632F7374646C69622F676420
:10FF0C00746F612D6765746865782E63000000005E
:10FF1C0000000000000000000000000000000000D5
:10FF2C0000000000000000000000000000000000C5
:10FF3C0000000000000000000000000000000000B5
:10FF4C0010111213141516171819000000000000D8
:10FF5C00001A1B1C1D1E1F000000000000000000EA
:10FF6C000000000000000000000000000000000085
:10FF7C00001A1B1C1D1E1F000000000000000000CA
:10FF8C000000000000000000000000000000000065
:10FF9C000000000000000000000000000000000055
:10FFAC000000000000000000000000000000000045
:10FFBC000000000000000000000000000000000035
:10FFCC000000000000000000000000000000000025
:10FFDC000000000000000000000000000000000015
:10FFEC000000000000000000000000000000000005
:04FFFC000000000001
:02000004600397
:1000000000000000000000000000000000000000F0
:100010000000000000000000000000002F566F6C80
:10002000756D65732F646174612F6A656E6B696E9F
:10003000732F776F726B73706163652F474E552D09
:10004000746F6F6C636861696E2F61726D2D3131F1
:100050002F7372632F6E65776C69622D6379677792
:10006000696E2F6E65776C69622F6C6962632F739E
:1000700074646C69622F6D707265632E630000009A
:10008000303132333435363738396162636465660E
:100090006768696A6B6C6D6E6F7071727374757678
:1000A0007778797A0000000000202020202020208E
:1000B0002020282828282820202020202020202018
:1000C0002020202020202020208810101010101028
:1000D0001010101010101010100404040404040474
:1000E000040404101010101010104141414141410E
:1000F00001010101010101010101010101010101F0
:1001000001010101101010101010424242424242FF
:1001100002020202020202020202020202020202BF
:100120000202020210101010200000000000000067
:1001300000000000000000000000000000000000BF
:1001400000000000000000000000000000000000AF
:10015000000000000000000000000000000000009F
:10016000000000000000000000000000000000008F
:10017000000000000000000000000000000000007F
:10018000000000000000000000000000000000006F
:10019000000000000000000000000000000000005F
:1001A000000000000000000000000000496E6669C9
:1001B0006E697479000000004E614E002F566F6C1E
:1001C000756D65732F646174612F6A656E6B696EFE
:1001D000732F776F726B73706163652F474E552D68
:1001E000746F6F6C636861696E2F61726D2D313150
:1001F0002F7372632F6E65776C69622D63796777F1
:10020000696E2F6E65776C69622F6C6962632F73FC
:1002100074646C69622F64746F612E630000000067
:100220006E660000696E697479000000616E0000FE
:10023000494E46004E414E00286E756C6C290000F8
:1002400041DB010020202020202020202020202011
:10025000202020202020202020202020202020209E
:1002600020202020FFFFFFFFFFFF00000000000014
:100270006410B71DC8206E3BAC30D9269041DC76A7
:10028000F4516B6B5861B24D3C7105502083B8ED51
:1002900044930FF0E8A3D6D68CB361CBB0C2649B75
:1002A000D4D2D38678E20AA01CF2BDBD082000019A
:1002B000FFFFFFFFFFFFFFFFFFFFFFFF000000004A
:1002C000000000000000000001000000FFFFFFFF31
:1002D000512563FCC2CAB9F3849E17A7ADFAE6BCE8
:1002E000FFFFFFFFFFFFFFFF00000000FFFFFFFF1A
:1002F00096C298D84539A1F4A033EB2D817D0377C0
:10030000F240A463E5E6BCF847422CE1F2D1176B5A
:10031000F551BF376840B6CBCE5E316B5733CE2B2D
:10032000169E0F7C4AEBE78E9B7F1AFEE242E34F5C
:100330004B60D2273E3CCE3BF6B053CCB0061D6599
:10034000BC86987655BDEBB3E7933AAAD835C65A22
:10035000D90D0100A1010100B50301006DFE0000EF
:1003600000000042C8801F40B8821F400800000003
:1003700000000042C4801F40B4821F4004000000FF
:1003800000C0004224801F4014821F401000000063
:1003900000C0004228801F4018821F40200000003B
:1003A00000C000422C801F401C821F404000000003
:1003B00000C0004234801F4024821F400001000022
:1003C0000040004264811F4054831F40000400002D
:1003D0000040004280811F4070831F4000000200E7
:1003E000004000427C811F406C831F4000000100E0
:1003F0000040004268811F4058831F4000080000F1
:10040000004000423C811F402C831F40010000003F
:100410000040004244811F4034831F40040000001C
:100420000040004240811F4030831F400200000016
:100430000040004248811F4038831F4008000000F0
:100440000000004204811F40F4821F4000000400AD
:100450000000004208811F40F8821F400000080091
:100460000000004218811F4008831F4000008000E8
:100470000000004214811F4004831F400000400020
:100480000000004200811F40F0821F400000020077
:1004900000000042FC801F40EC821F400000010071
:1004A0000000004224811F4014831F40000000040C
:1004B0000000004228811F4018831F4000000008F0
:1004C000000000421C811F400C831F4000000001FF
:1004D0000000004220811F4010831F4000000002E6
:1004E00000000042EC801F40DC821F400010000032
:1004F00000000042F0801F40E0821F40002000000A
:100500000000004234811F4024831F40000000404F
:100510000000004238811F4028831F4000000080F7
:100520000080004294801F4084821F40000004002D
:1005300000C0004290801F4080821F400000008069
:1005400000800042A8801F4098821F400000800069
:1005500000800042A4801F4094821F4000004000A1
:10056000004000426C811F405C831F40001000006F
:1005700000C0004230801F4020821F4080000000E9
:1005800000400042B0811F40A0831F4000000020B7
:1005900000400042AC811F409C831F4000000010BF
:1005A0000040004284811F4074831F40000004000B
:1005B0000040004288811F4078831F4000000800EF
:1005C000000000422C811F401C831F4000000010CF
:1005D0000000004230811F4020831F4000000020A7
:1005E000000000420C811F40FC821F4000001000F0
:1005F0000000004210811F4000831F4000002000C7
:1006000000800042C8811F40B8831F400080000066
:1006100000800042C4811F40B4831F40004000009E
:1006200000800042C0811F40B0831F4000200000B6
:1006300000800042BC811F40AC831F4000100000BE
:1006400000800042D0811F40C0831F400000020094
:1006500000800042CC811F40BC831F40000001008D
:1006600000C0004274801F4064821F4000000001EF
:1006700000C0004280801F4070821F4000000008C0
:1006800000C0004284801F4074821F4000000010A0
:1006900000C000426C801F405C821F400000400090
:1006A00000C000427C801F406C821F40000000049C
:1006B00000C0004278801F4068821F400000000296
:1006C00000C0004288801F4078821F400000002048
:1006D000444E532074696D656F757400556E65786E
:1006E00070656374656420444E5320726573706F47
:1006F0006E73653A00000000256C75202573206933
:100700007320254D00000000257320444E53206CBB
:100710006F6F6B7570206661696C65640000000026
:10072000256C7520616C7265616479207265736FE8
:100730006C76656400000000737472617920444E29
:1007400053207265706C7900444E53206572726F4D
:1007500072000000310000002F6170692F0000005E
:1007600035000000CEFBFFFFCB03000001000000BE
:100770000000000034000000CEFBFFFFCB030000B0
:10078000010000000000000025732073697A6520D5
:10079000256C752C206F6B3A202564006374783AC1
:1007A0002025702025702F256C7500006C69622F44
:1007B0006D6F6E676F6F73652F6D6F6E676F6F73A1
:1007C000655F676C75652E63000000005061737390
:1007D000656420706172616D65746572733A205B47
:1007E000252E2A735D000000746578742F706C618B
:1007F000696E3B20636861727365743D7574662D24
:1008000038000000544C5320726563762065727284
:100810006F720000726573706F6E73650000000088
:10082000485454502070617273652C20256C7520DB
:100830006279746573000000256C752064657461CD
:100840006368696E6720485454502068616E646C18
:10085000657200006368756E6B656400496E766151
:100860006C6964205472616E736665722D456E63A7
:100870006F64696E67000000436F6E74656E742D5F
:100880006C656E6774680000436F6E74656E7420EB
:100890006C656E677468206D697373696E67206636
:1008A000726F6D2025730000496E76616C6964205B
:1008B0006368756E6B000000436F6E6E65637469EC
:1008C0006F6E0000636C6F736500000075706C6F75
:1008D000616400006F7461002F6170692F2A2F23FB
:1008E0000000000066696C653A205B25735D20732B
:1008F000697A653A20256C752066703A202570006B
:1009000046696C65206F70656E206572726F720A41
:1009100000000000436F6E74656E742D547970652D
:100920003A206170706C69636174696F6E2F6A73CD
:100930006F6E0D0A43616368652D436F6E74726F4D
:100940006C3A206E6F2D63616368650D0A000000CC
:100950002F6170692F6F6B00747275650A0000005B
:100960002F776562736F636B657400002F61706928
:100970002F68656172746265617400007B256D3A51
:10098000256C757D0A00000076657273696F6E00D4
:100990006F626A6563740000646174610000000046
:1009A000242E2573000000007B254D7D0A000000E9
:1009B00061727261790000007374617274000000EA
:1009C0007B256D3A256C6C752C20256D3A256C6C59
:1009D000752C20256D3A5B254D5D7D0A00000000D9
:1009E00073697A6500000000616374696F6E0000CE
:1009F000637573746F6D00004150492074797065A0
:100A000020257320756E6B6E6F776E0A00000000F4
:100A10002F7765625F726F6F742F0000256C7520F1
:100A2000252E2A7320252E2A7320256C75202D3E15
:100A300020252E2A7320256C750000002D2D2D2DCC
:100A40002D424547494E204345525449464943416A
:100A500054452D2D2D2D2D0A4D4949424D544342CB
:100A6000326141444167454341676B416C75716B2D
:100A7000676575562F7A5577436759494B6F5A49C1
:100A80007A6A304541774977457A45524D41384732
:100A900041315545417777490A545739755A3239AA
:100AA00076633255774868634E4D6A51774E5441AC
:100AB000334D54517A4E7A4D325768634E4D7A51C8
:100AC000774E5441314D54517A4E7A4D32576A41E6
:100AD000524D513877445159440A5651514444417A
:100AE0005A7A5A584A325A584977575441544267A9
:100AF0006371686B6A4F5051494242676771686B16
:100B00006A4F50514D4242774E434141536F336FCC
:100B10004569472B4275547435790A5A527966777C
:100B20004E7230432B53502B344D30524732705954
:100B30006B6232762B69766270666937324E486B2B
:100B40006D5869462F6B62485874676D53726E2FEB
:100B5000506554716941384D2B6D670A4268596A76
:100B600044582B7A6F786777466A415542674E56EC
:100B7000485245454454414C67676C7362324E6835
:100B80006247687663335177436759494B6F5A49D7
:100B90007A6A304541774944527741770A52414950
:100BA00067545857394D49545153777A71624E54AE
:100BB0007855556474394463422B387050555462EB
:100BC000575A70695863413236474D594349426913
:100BD00059772B4453464D4C486D6B48460A2B358C
:100BE00055334E5857336756434C4E396E7444351F
:100BF000444178384C54473873420A2D2D2D2D2D01
:100C0000454E442043455254494649434154452D9D
:100C10002D2D2D2D0A0000002D2D2D2D2D42454767
:100C2000494E2045432050524956415445204B459A
:100C3000592D2D2D2D2D0A4D4863434151454549D0
:100C40004156646F38554153637847376A69754E2A
:100C50005932555A45534E582F4B504838714A30E7
:100C60007530674F4D4D73417A59576F416F474308
:100C7000437147534D34390A417745486F555144C4
:100C800051674145714E364249687667626B3765F8
:100C9000636D55636E3844613941766B6A2F7544D4
:100CA0004E45527471574A4739722F6F7232365817
:100CB0003475396A52354A6C0A346866354778317A
:100CC00037594A6B71352F7A336B366F6750445002
:100CD000706F4159574977312F73773D3D0A2D2D5C
:100CE0002D2D2D454E442045432050524956415408
:100CF00045204B45592D2D2D2D2D0A000D0A2A2A50
:100D00002A20554450204D616368696E6520436F09
:100D10006D6D73206C6F737420666F72200000001D
:100D2000732C2073657474696E6720616C6C206F1E
:100D3000757470757473204F464621202D204E6FB8
:100D4000726D616C20696620414F47206973206E87
:100D50006F742072756E6E696E6720776974682093
:100D600061206669656C64206F70656E2E202A2A8A
:100D70002A0000000D0A2A2A20554450204D6163A4
:100D800068696E6520436F6D6D73206C6F7374209E
:100D9000666F72203273202A2A0D0A006C6F63611D
:100DA0006C686F7374000000256C7520256C6420DE
:100DB000636C6F73656400006E756C6C2075726C8B
:100DC00000000000256C7520254D202D3E20254D6E
:100DD00000000000256C7520415250206C6F6F6B35
:100DE00075702E2E2E0000005504030055040600D9
:100DF00055040A0055040B0025733A20434E3D2547
:100E00002E2A732C20433D252E2A732C204F3D255E
:100E10002E2A732C204F553D252E2A7300000000EA
:100E2000476F7420257520616E73776572732C206F
:100E300069676E6F72696E67206265796F6E642094
:100E400031307468206F6E6500000000696E6600C6
:100E50002D696E66000000006E616E00256C7520C5
:100E6000256C642025730000417574686F72697A7F
:100E70006174696F6E3A20426173696320000000FB
:100E8000256C75206F6F6D2025642D3E2564200034
:100E900022256C6C642E256C6C64220048545450DE
:100EA0002F000000436F6E74656E742D4C656E6785
:100EB000746800003230340050555400504F535481
:100EC00000000000485454502F312E31202564205A
:100ED00025730D0A2573436F6E74656E742D4C6512
:100EE0006E6774683A2020202020202020202020B7
:100EF000200D0A0D0A000000252D31306C75000010
:100F00004578636565646564207061746820736901
:100F10007A650000496E76616C696420706174685E
:100F200000000000256C7520252E2A73202D3E2000
:100F30002573202564000000485454502F312E3171
:100F400020333031204D6F7665640D0A4C6F63613C
:100F500074696F6E3A20252E2A732F0D0A436F6E27
:100F600074656E742D4C656E6774683A20300D0A96
:100F70000D0A00002F696E6465782E68746D6C0030
:100F80002F696E6465782E7368746D6C00000000C4
:100F90002F696E6465782E68746D6C2E677A000018
:100FA000466F7262696464656E0A00004F4B000010
:100FB0005265717565737465642052616E67652052
:100FC0004E6F74205361746973666961626C650069
:100FD0005061727469616C20436F6E74656E740049
:100FE000436F6E74656E742D456E636F64696E67D2
:100FF0003A20677A69700D0A00000000416363655A
:1010000070742D456E636F64696E670025732E677B
:101010007A00000049662D4E6F6E652D4D61746338
:101020006800000052616E676500000062797465B7
:10103000733D0000436F6E74656E742D52616E6770
:10104000653A206279746573202A2F256C6C640DD3
:101050000A000000436F6E74656E742D52616E67F6
:10106000653A20627974657320256C6C752D256C4A
:101070006C752F256C6C750D0A0000004854545097
:101080002F312E312025642025730D0A436F6E7495
:10109000656E742D547970653A20252E2A730D0AD9
:1010A000457461673A2025730D0A436F6E74656E4F
:1010B000742D4C656E6774683A20256C6C750D0A4A
:1010C0002573257325730D0A00000000484541442F
:1010D000000000004E6F7420666F756E640A000099
:1010E000535349206E6F7420656E61626C656400B5
:1010F000256C6C642D3E256C6C6400007472756503
:10110000000000006E756C6C0000000066616C737E
:10111000650000007564703A000000004F4F4D20DC
:101120002573000030313233343536373839616257
:101130006364656600000000252D366C6C64202514
:10114000642025733A25643A257300004472697659
:1011500065723A20696D7872742C204D41433A20B3
:10116000254D00007564703A2F2F382E382E382EFA
:10117000383A3533000000007564703A2F2F5B3227
:101180003030313A343836303A343836303A3A380A
:101190003838385D3A3533004E6574776F726B209E
:1011A000697320646F776E0044484350206469730C
:1011B000636F7665722073656E742E204F75722092
:1011C0004D41433A20254D004152502074696D65D0
:1011D0006F757400256C752061636B202578202560
:1011E00078000000436F6E6E656374696F6E2074E3
:1011F000696D656F75740000256C75206B65657091
:10120000616C697665000000256C75202E2E202506
:1012100063256325632563256320256C7520256C74
:101220007500000074782065727200003501013786
:10123000020103FF000000005377617070696E6760
:1012400020706172746974696F6E732C2073697A8F
:10125000652025752028257520736563746F72736A
:1012600029000000446F204E4F5420706F77657244
:10127000206F66662E2E2E004F544120616C7265E1
:1012800061647920696E2070726F67726573732E66
:101290002043616C6C206D675F6F74615F656E6485
:1012A00028290000465720256C75206279746573E3
:1012B0002C206D617820256C7500000053746172DC
:1012C00074696E67204F54412C206669726D776196
:1012D00072652073697A6520256C75004669726DA8
:1012E0007761726520256C7520697320746F6F209B
:1012F00062696720746F2066697420256C75000030
:1013000046696E697368696E67204F54413A2025BB
:10131000730000004352433A2025782F25782C2073
:1013200073697A653A20256C752F256C752C2073AE
:1013300074617475733A2025730000004F54412086
:101340006973206E6F7420737461727465642C20ED
:1013500063616C6C206D675F6F74615F6265676964
:101360006E28290025237820257020256C75202DD6
:101370003E20256400000000232D2D2D2D2D4245FB
:1013800047494E20232D2D2D2D2D232D2D2D2D2D57
:10139000454E4420232D2D2D2D2D2300080C0A0D04
:1013A000095C220062666E72745C22004B535A38EC
:1013B0007800000044503833383637004450383312
:1013C00038343800445038333832350044503833DC
:1013D000780000004C414E383778000052544C38A9
:1013E00032303100756E6B6E6F776E005048592049
:1013F00049443A202523303478202523303478207E
:1014000028257329000000005B25783A25783A25C5
:10141000783A25783A25783A25783A25783A257821
:101420005D000000254D3A256875000025303278B2
:101430003A253032783A253032783A253032783AC7
:10144000253032783A25303278000000444E53205F
:101450007365727665722055524C206973204E5523
:101460004C4C2E2043616C6C206D675F6D67725F22
:10147000696E6974282900007265736F6C766572F5
:10148000000000007265736F6C7665204F4F4D0051
:10149000256C75207265736F6C76696E6720252EDA
:1014A0002A7320402025732C2074786E69642025CF
:1014B00068750000444E532073656E6400000000A0
:1014C0006E657420646F776E000000007374696C41
:1014D0006C207265736F6C76696E672E2E2E00001D
:1014E000982F8A4291443771CFFBC0B5A5DBB5E98F
:1014F0005BC25639F111F159A4823F92D55E1CAB03
:1015000098AA07D8015B8312BE853124C37D0C5590
:10151000745DBE72FEB1DE80A706DC9B74F19BC1D8
:10152000C1699BE48647BEEFC69DC10FCCA10C24C8
:101530006F2CE92DAA84744ADCA9B05CDA88F976AC
:1015400052513E986DC631A8C82703B0C77F59BF16
:10155000F30BE0C64791A7D55163CA066729291442
:10156000850AB72738211B2EFC6D2C4D130D3853DF
:1015700054730A65BB0A6A762EC9C281852C7292A1
:10158000A1E8BFA24B661AA8708B4BC2A3516CC7CF
:1015900019E892D1240699D685350EF470A06A1008
:1015A00016C1A419086C371E4C774827B5BCB03457
:1015B000B30C1C394AAAD84E4FCA9C5BF36F2E68F5
:1015C000EE828F746F63A5781478C8840802C78C84
:1015D000FAFFBE90EB6C50A4F7A3F9BEF27871C687
:1015E00066756C6C0000000068616C6600000000AD
:1015F0004C696E6B2069732025754D2025732D6411
:1016000075706C65780000004672616D6520746FBE
:101610006F206269672C20256C6400004E6F206487
:10162000657363726970746F727320617661696C3F
:1016300061626C65000000004D4143206E6F7420B4
:101640007365742E2047656E6572617465642072DF
:10165000616E646F6D3A20254D0000006D69700069
:1016600064726976657220696E6974206661696C5E
:10167000656400004152503A2074656C6C20254D21
:1016800020776527726520254D000000256C7520A8
:10169000415250207265736F6C76656420254D2031
:1016A0002D3E20254D000000526563656976656416
:1016B00020667261676D656E746564207061636B2E
:1016C0006574000055445020254D3A256875202D3D
:1016D0003E20254D3A256875206C656E20257500E5
:1016E0004C656173653A2025752073656320282554
:1016F0006C6C6429000000006D61785F7265637630
:101700005F6275665F73697A65207265616368659B
:101710006400000054435020254D3A256875202D63
:101720003E20254D3A256875206C656E2025750094
:1017300070656572205253540000000069676E6F37
:1017400072696E67206475706C696361746520707E
:101750006B74000053455120213D2041434B3A20FA
:10176000257820257820257800000000256C75203C
:10177000534551202578202D3E202578000000007B
:10178000256C7520696D6D2041434B20256C7500DB
:10179000256C7520616363657074656420254D0058
:1017A000556E6B6E6F776E20657468207479706506
:1017B00020257800544C5320312E332C2073657231
:1017C00076657220436572746966696361746556F3
:1017D0006572696679000000544C5320312E332C19
:1017E00020636C69656E7420436572746966696311
:1017F000617465566572696679000000746C7320C7
:10180000616C65727420256400000000676F7420AD
:101810007061636B65742074797065203078253051
:1018200032782F3078253032780000006E6F7420C7
:1018300061207365727665722068656C6C6F2070CC
:1018400061636B6574000000626164206B657920E0
:1018500065786368616E67652067726F75700000F8
:10186000626164206B65792065786368616E676585
:10187000206C656E677468006320783235353139C5
:1018800020736563000000006261642073657276F6
:1018900065722068656C6C6F00000000657870658B
:1018A000637465642073657276657220657874650B
:1018B0006E73696F6E732062757420676F74206D2C
:1018C000736720307825303278000000676F74200D
:1018D00063657274696669636174652072657175A8
:1018E00065737400657870656374656420736572F0
:1018F00076657220636572746966696361746520D8
:1019000062757420676F74206D736720307825309E
:10191000327800006365727469666963617465207A
:101920006C69737420746F6F2073686F7274000039
:1019300066756C6C20636861696E206C656E677497
:10194000683A2025642C20636861696E206C656E9E
:101950006774683A20256400636572746966696318
:1019600061746520636861696E206C656E67746878
:10197000206D69736D617463680000006661696C55
:10198000656420746F207061727365204341206329
:101990006572746966696361746500004341207310
:1019A000657269616C3A20254D00000063657274B0
:1019B0006966696361746520657874656E73696FC3
:1019C0006E7320617265206E6F7420737570706F16
:1019D00072746564000000006661696C656420745F
:1019E0006F207061727365206365727469666963E4
:1019F00061746500551D11006661696C6564207431
:101A00006F207061727365206365727469666963C3
:101A100061746520746F20657874726163742053FB
:101A2000414E000063657274696669636174652084
:101A30007375626A65637420616C7465726E61743B
:101A4000697665206E616D6573206973206E6F74B1
:101A5000206120636F6E7374727563746564206FA8
:101A6000626A6563740000006661696C6564207475
:101A70006F2076657269667920686F73746E616D28
:101A8000650000006661696C656420746F2076658E
:101A900072696679206365727469666963617465E9
:101AA00020636861696E0000746F6F206D616E79EC
:101AB0002063657274696669636174657320696E19
:101AC0002074686520636861696E00006661696CF6
:101AD000656420746F2076657269667920434100E1
:101AE000434120776173206E6F7420696E207468A3
:101AF0006520636861696E2C20627574207665725A
:101B0000696669636174696F6E20776974682062C1
:101B100075696C74696E20434120706173736564EC
:101B200000000000657870656374656420736572F9
:101B30007665722063657274696669636174652095
:101B40007665726966792062757420676F74206D9E
:101B50007367203078253032780000007365727624
:101B60006572206365727469666963617465207665
:101B7000657269667920697320746F6F2073686F6E
:101B800072743A2025642062797465730000000045
:101B9000696E76616C6964206365727476657269DA
:101BA0006679207369676E6174757265206C656E05
:101BB0006774683A2025642C2065787065637465C5
:101BC00064202564000000006365727469666963BF
:101BD00061746520766572696669636174696F6EA8
:101BE0002C20616C676F3D253034782C2073696739
:101BF0006C656E3D25640000696E76616C696420D9
:101C00007075626C6963206B657900006661696C50
:101C1000656420746F20766572696679205253413D
:101C20002063657274696669636174652028636501
:101C30007274766572696679290000006365727452
:101C40006966696361746520766572696669636156
:101C500074696F6E207375636365737366756C204A
:101C600028525341290000007665726966696361F4
:101C700074696F6E206D6573736167652069732089
:101C80006E6F7420616E2041534E2E3120444552B8
:101C90002073657175656E63650000006D6973730F
:101CA000696E672066697273742070617274206F48
:101CB0006620746865207369676E6174757265006B
:101CC0006D697373696E67207365636F6E642070EE
:101CD000617274206F6620746865207369676E6135
:101CE00074757265000000006661696C656420743B
:101CF0006F2076657269667920454320636572744A
:101D000069666963617465202863657274766572BB
:101D10006966792900000000636572746966696309
:101D200061746520766572696669636174696F6E56
:101D3000207375636365737366756C20284543294A
:101D400000000000756E737570706F7274656420AA
:101D500063657274766572696679207369676E610E
:101D60007475726520736368656D653A2025782007
:101D70006F662025642062797465730065787065EC
:101D800063746564207365727665722066696E6936
:101D9000736865642062757420676F74206D736763
:101DA0002030782530327800756E65787065637400
:101DB000656420636C69656E742073746174653A40
:101DC00020256400544C53204F4F4D00746C7331E8
:101DD000332064657269766564000000746C733149
:101DE000332073206170207472616666696300003D
:101DF000746C733133206B6579000000746C73313F
:101E00003320697600000000746C73313320632046
:101E1000617020747261666669630000732061708E
:101E200020747261666669630000000025733A20C1
:101E3000254D000073206B657900000073206976E2
:101E400000000000732066696E69736865640000B5
:101E5000632061702074726166666963000000002F
:101E600063206B6579000000632069760000000044
:101E7000632066696E697368656400006873207327
:101E8000656372657400000068656C6C6F20686142
:101E900073680000746C733133207320687320748E
:101EA0007261666669630000746C7331332063206D
:101EB000687320747261666669630000746C7331C4
:101EC000332066696E697368656400007320687307
:101ED00020747261666669630000000063206873A5
:101EE000207472616666696300000000746C732080
:101EF0006F6F6D00686F73746E616D6520746F6FC6
:101F0000206C6F6E670000004345525449464943B8
:101F1000415445004661696C656420746F206C6FA4
:101F20006164206365727469666963617465000049
:101F30004E6F2063657274696669636174652070B1
:101F4000726F76696465640043657274696669637B
:101F50006174652070726F76696465642077697456
:101F6000686F757420612070726976617465206B8A
:101F70006579000045432050524956415445204B55
:101F80004559000045432070726976617465206B85
:101F9000657920746F6F2073686F727400000000A1
:101FA00045432070726976617465206B65793A20CB
:101FB00041534E2E31206261642073657175656EE8
:101FC0006365000002010104200000004543207009
:101FD000726976617465206B65793A2041534E2EA3
:101FE000312062616420646174610000505249567E
:101FF000415445204B455900504B43533820707293
:102000006976617465206B657920666F726D6174A5
:10201000206973206E6F7420737570706F727465B1
:102020006400000045787065637465642045432052
:1020300050524956415445204B4559206F7220500B
:10204000524956415445204B45590000636572740E
:1020500020732F6E3A20254D000000007369672021
:10206000616C676F20286F6964293A20254D000054
:102070002A8648CE3D0403020000000073696720F1
:10208000616C676F3A204543445341207769746817
:1020900020534841323536002A864886F70D010123
:1020A0000B00000073696720616C676F3A20525320
:1020B000412077697468205348413235360000006A
:1020C0002A8648CE3D0403030000000073696720A0
:1020D000616C676F3A2045434453412077697468C7
:1020E00020534841333834002A864886F70D0101D1
:1020F0000C00000073696720616C676F3A205253CF
:102100004120776974682053484133383400000017
:1021100073696720616C676F3A20756E73757070B4
:102120006F72746564204F49443A20254D000000C9
:1021300074627320686173683A20254D00000000C6
:10214000697373756572000032353031303130306B
:10215000303030305A000000696E76616C6964205E
:1021600076616C69646974792064617465733A207E
:102170006265666F72653D254D2061667465723DCE
:10218000254D00007375626A65637400706B206191
:102190006C676F20286F6964293A20254D00000084
:1021A0002A8648CE3D03010700000000706B2061C5
:1021B0006C676F3A20454344534120736563703226
:1021C00035367231000000002A8648CE3D030108F2
:1021D00000000000706B20616C676F3A204543443B
:1021E000534120736563703338347231000000004E
:1021F0002A8648CE3D020100706B20616C676F3A01
:10220000204543207075626C6963206B657900001E
:102210002A864886F70D010101000000706B2061DD
:102220006C676F3A2052534100000000756E737561
:1022300070706F7274656420706B20616C676F3AA8
:1022400020254D007369673A20254D00544C5320DA
:10225000414C455254207061636B65742072656314
:102260006569766564000000756E657870656374F5
:102270006564207061636B657400000077726F6E37
:10228000672073697A650000256C7520256C6420D1
:10229000256C6420256C64202563202563000000E4
:1022A0006E6F74206120636C69656E742068656C64
:1022B0006C6F207061636B65740000006261642064
:1022C00073657373696F6E206964206C656E0000BE
:1022D00062616420636C69656E742068656C6C6F04
:1022E00000000000524E47007320783235353139F6
:1022F0002073656300000000657870656374656431
:102300002046696E6973682062757420676F742057
:102310006D7367203078253032780000756E6578EF
:10232000706563746564207365727665722073747A
:102330006174653A20256400746C7320636572745F
:10234000206F6F6D00000000636572742076657207
:10235000696669636174696F6E206572726F72007D
:1023600069676E6F726520736563703338362066F7
:102370006F72206E6F770000756E737570706F727C
:10238000746564207075626C6963206B6579206C7C
:10239000656E6774683A2025640000002F776562D7
:1023A0005F726F6F742F696E6465782E68746D6CE0
:1023B0002E677A007773733A0000000068747470B7
:1023C000733A00006D717474733A000073736C3A61
:1023D00000000000746C733A0000000074637073B6
:1023E0003A000000687474703A0000006D717474F3
:1023F0003A000000575320504F4E4700256C75207F
:10240000575320434C4F534500000000756E6B6ED0
:102410006F776E205753206F7020256400000000F6
:102420006E6F7420687474700000000031303100E9
:1024300077732068616E647368616B652065727282
:102440006F7200005753206F75743A202564205B2B
:10245000252E2A735D0000005365632D5765625376
:102460006F636B65742D4B657900000057532075C1
:102470007067726164652065787065637465640A6D
:10248000000000005365632D576562536F636B65F1
:10249000742D50726F746F636F6C00003235384565
:1024A000414641352D453931342D343744412D399C
:1024B0003543412D43354142304443383542313173
:1024C00000000000485454502F312E31203130315B
:1024D00020537769746368696E672050726F746FF8
:1024E000636F6C730D0A557067726164653A20778B
:1024F0006562736F636B65740D0A436F6E6E65631F
:1025000074696F6E3A20557067726164650D0A5385
:1025100065632D576562536F636B65742D4163630B
:102520006570743A2025730D0A0000005365632D11
:10253000576562536F636B65742D50726F746F6370
:102540006F6C3A20252E2A730D0A000053746172B5
:1025500074696E672048545450206C697374656EBA
:1025600065720000687474703A2F2F302E302E3050
:102570002E303A38300000004D6F6E676F6F736514
:1025800020696E697420636F6D706C6574650000FE
:102590004E6F204150492077697468206E616D65E7
:1025A000205B25735D00000053657474696E6720BD
:1025B0005B25735D206661696C65643A206E6F749B
:1025C00020696D706C656D656E7465640000000057
:1025D00052454144592C2049503A20254D000000D5
:1025E0002020202020202047573A20254D000000A1
:1025F0002020202020204D41433A20254D0000007E
:10260000476F7420495000004C696E6B2075700054
:102610004C696E6B20646F776E000000050000004F
:10262000190000007D00000007080C0B06050F00D4
:102630000D0E0102838407080C0B06050F000D0E1A
:1026400001028384FFFFFFFFFFFFFFFFFFFF818287
:10265000090A00007B254D7D000000002567000071
:102660002573256D3A000000696E7400646F756211
:102670006C650000626F6F6C00000000737472691B
:102680006E670000256D00000101000401000004D8
:1026900001320101013202010110010101110101A8
:1026A00001120102010302060103010601120202E6
:1026B00002000001020200010201000102100001FB
:1026C00002220001022300010000000000000000BF
:1026D00002210001022000010000000000000000B3
:1026E0000130010101310101010200040103000474
:1026F0000000000000000000012102010121010191
:1027000000000000000000000000000001100201B5
:102710000000000000000000011301060113020682
:1027200000000000000000000000000000000000A9
:102730000101020101010101010002010100010189
:10274000010202010102010100000000000000007E
:102750000000000001230201000000000000000052
:10276000012001018C4401206C44012048440120D7
:10277000AC4401202C3E002004000000045F002037
:1027800018000000205F002003000000045F00200C
:1027900018000000245F002003000000285F0020D4
:1027A00017000000405F002002000000445F00208E
:1027B0001E000000645F002003000000445F002052
:1027C0001E000000685F0020030000006C5F002016
:1027D00009000000785F0020030000007C5F0020FB
:1027E00009000000885F0020030000008C5F0020CB
:1027F0000A000000985F0020040000008C5F0020A9
:102800000A000000A05F002004000000A85F002074
:1028100009000000B45F002003000000B85F002042
:1028200008000000C45F002003000000C85F002013
:102830000D000000D85F0020030000008C3600204F
:1028400019000000DC5F002003000000E05F0020B2
:102850000F000000F05F002003000000F45F002084
:102860000800000000600020030000000460002059
:102870001200000018600020030000001C6000200F
:1028800018000000E860002002000000386000200E
:10289000100000004C600020030000005060002089
:1028A0000C0000006C60002004000000606000204C
:1028B0001000000074600020030000007860002019
:1028C0000F00000088600020030000008C600020E2
:1028D0000A00000098600020030000009C600020B7
:1028E00009000000A860002004000000B060002083
:1028F0000A000000C860002003000000BC60002047
:102900000F000000CC60002005000000045F0020E4
:1029100018000000D460002003000000D8600020F0
:1029200012000000EC60002003000000F0600020B6
:1029300009000000FC600020040000000461002089
:102940000A0000001C61002003000000106100204C
:102950000F0000002061002003000000246100201F
:102960000A0000000000000000000000256C752037
:102970002564202D3E20256C6C7800000D0A0A0A83
:102980002A2A2A2A2A2A2A2A2A2A2A2A2A2A2A2AA7
:102990002A2A2A2A2A0D0A5374617274696E6720E2
:1029A00073657475702E2E2E0D0A00004669726DC7
:1029B000776172652076657273696F6E3A200000E8
:1029C0007265626F6F74000073657474696E67730B
:1029D000000000000D0A496E697469616C697A69CA
:1029E0006E6720524742204C4544204F75747075E5
:1029F000747300000D0A2D20524742205043413984
:102A000036383520000000000D0A2D2A204E6F2098
:102A1000424E4F2D30383520696E20525643206D7E
:102A20006F6465206465746563746564202A0000C2
:102A30000D0A0A424E4F2D3038352052564320643D
:102A400065746563746564000D0A2D207961773AB9
:102A50002569202C2070697463683A2569202C2030
:102A6000726F6C6C3A25690D0A0D0A000D0A0A2A6C
:102A7000204D616368696E6520636F6E66696720CB
:102A8000726573657420746F2064656661756C741B
:102A900020286E657720454550524F4D207665724F
:102AA00073696F6E29202A000D0A0A4D61636869F7
:102AB0006E6520636F6E666967206C6F6164656424
:102AC0002066726F6D20454550524F4D000000004A
:102AD0000D0A0A456E64206F662073657475702C4C
:102AE0002077616974696E6720666F722047505362
:102AF0002E2E2E0D0A000000020101020101040227
:102B00000302040603010103020C04031902031962
:102B100002043203027D03010203010203010100EA
:102B20005057525F45544800475053005354454551
:102B300052000000554E55534544000030313233A9
:102B400034353637383941424344454600000000A9
:102B50006F6B00006661696C0000000025702069E1
:102B600073206E6F74206F6E206120736563746FC5
:102B70007220626F756E64617279000053656374D0
:102B80006F72207374617274696E6720617420259E
:102B90007020657261737572653A202573000000BC
:102BA000256C75206973206E6F7420616C69676E87
:102BB000656420746F20256C75000000496E766195
:102BC0006C696420666C6173682077726974652033
:102BD000616464726573733A20257000466C61739A
:102BE0006820777269746520256C75206279746538
:102BF0007320402025703A2025732E00436F6E7499
:102C0000696E756500000000537769746368696ECA
:102C1000672050726F746F636F6C730050726F63D4
:102C2000657373696E670000437265617465640063
:102C30004163636570746564000000004E6F6E2D23
:102C4000617574686F726974617469766520496E24
:102C5000666F726D6174696F6E0000004E6F204385
:102C60006F6E74656E740000526573657420436FF7
:102C70006E74656E740000004D756C74692D53742C
:102C80006174757300000000416C726561647920A5
:102C90005265706F7274656400000000494D2055E4
:102CA000736564004D756C7469706C652043686F62
:102CB00069636573000000004D6F766564205065A0
:102CC000726D616E656E746C7900000053656520ED
:102CD0004F746865720000004E6F74204D6F646918
:102CE00066696564000000005573652050726F7856
:102CF0007900000054656D706F72617279205265C1
:102D000064697265637400005065726D616E656E12
:102D100074205265646972656374000042616420C6
:102D20005265717565737400556E617574686F7264
:102D3000697A6564000000005061796D656E7420E9
:102D4000526571756972656400000000466F7262B9
:102D5000696464656E0000004E6F7420466F756E86
:102D6000640000004D6574686F64204E6F742041EC
:102D70006C6C6F77656400004E6F7420416363650F
:102D8000707461626C65000050726F7879204175D3
:102D90007468656E7469636174696F6E20526571E1
:102DA0007569726564000000526571756573742001
:102DB00054696D656F757400436F6E666C696374FA
:102DC00000000000476F6E65000000004C656E67F4
:102DD000746820526571756972656400507265632C
:102DE0006F6E646974696F6E204661696C6564001A
:102DF0005061796C6F616420546F6F204C61726711
:102E000065000000526571756573742D5552492037
:102E1000546F6F204C6F6E6700000000556E737525
:102E200070706F72746564204D65646961205479B7
:102E3000706500004578706563746174696F6E2019
:102E40004661696C6564000049276D2061207465E6
:102E500061706F74000000004D697364697265638E
:102E6000746564205265717565737400556E707277
:102E70006F6365737361626C6520456E7469747904
:102E8000000000004C6F636B656400004661696C74
:102E9000656420446570656E64656E63790000004A
:102EA00055706772616465205265717569726564F9
:102EB00000000000507265636F6E646974696F6E24
:102EC000205265717569726564000000546F6F204F
:102ED0004D616E79205265717565737473000000E1
:102EE000526571756573742048656164657220462A
:102EF00069656C647320546F6F204C617267650064
:102F0000436F6E6E656374696F6E20436C6F73659B
:102F10006420576974686F757420526573706F6EA2
:102F200073650000556E617661696C61626C652045
:102F3000466F72204C6567616C20526561736F6EDD
:102F400073000000436C69656E7420436C6F736599
:102F5000642052657175657374000000496E746574
:102F6000726E616C20536572766572204572726F65
:102F7000720000004E6F7420496D706C656D656E57
:102F8000746564004261642047617465776179000B
:102F90005365727669636520556E617661696C610F
:102FA000626C6500476174657761792054696D656D
:102FB0006F757400485454502056657273696F6E73
:102FC000204E6F7420537570706F727465640000CA
:102FD00056617269616E7420416C736F204E656733
:102FE0006F74696174657300496E737566666963B1
:102FF00069656E742053746F72616765000000002C
:103000004C6F6F70204465746563746564000000E4
:103010004E6F7420457874656E646564000000002E
:103020004E6574776F726B2041757468656E746954
:10303000636174696F6E20526571756972656400B1
:103040004E6574776F726B20436F6E6E656374208C
:1030500054696D656F7574204572726F720000005F
:10306000746578742F68746D6C3B2063686172734B
:1030700065743D7574662D380000000068746D003D
:1030800063737300746578742F6373733B20636894
:1030900061727365743D7574662D38006A73000043
:1030A000746578742F6A6176617363726970743BBA
:1030B00020636861727365743D7574662D38000015
:1030C0006D6A730067696600696D6167652F67697E
:1030D00066000000706E6700696D6167652F706E35
:1030E000670000006A706700696D6167652F6A702C
:1030F000656700006A70656700000000776F6666AC
:1031000000000000666F6E742F776F666600000027
:1031100074746600666F6E742F747466000000002D
:1031200073766700696D6167652F7376672B786DBD
:103130006C000000747874006176690076696465DB
:103140006F2F782D6D73766964656F0063737600F9
:10315000746578742F63737600000000646F6300F9
:103160006170706C69636174696F6E2F6D73776FD6
:1031700072640000657865006170706C69636174E9
:10318000696F6E2F6F637465742D73747265616DF2
:10319000000000006170706C69636174696F6E2F6C
:1031A000677A69700000000069636F00696D61678C
:1031B000652F782D69636F6E000000006170706C80
:1031C00069636174696F6E2F6A736F6E000000002F
:1031D0006D6F7600766964656F2F717569636B74C6
:1031E000696D65006D703300617564696F2F6D7076
:1031F000656700006D703400766964656F2F6D70CF
:10320000340000006D706567000000007669646539
:103210006F2F6D70656700006170706C6963617419
:10322000696F6E2F706466007368746D6C000000C7
:1032300074677A006170706C69636174696F6E2F76
:103240007461722D677A0000776176006175646938
:103250006F2F7761760000007765627000000000D4
:10326000696D6167652F7765627000006170706CD1
:1032700069636174696F6E2F7A69700033677000DB
:10328000766964656F2F3367707000006669726DD0
:10329000776172655F7570646174650073617665EE
:1032A000000000006770735F7061737300000000BE
:1032B0006770735F73796E630000000062645F691A
:1032C0007031000062645F697032000062645F699F
:1032D0007033000062645F69703400006676657266
:1032E00073696F6E000000004C435F434F4C4C41CC
:1032F000544500004C435F435459504500000000C2
:103300004C435F4D4F4E4554415259004C435F4E24
:10331000554D4552494300004C435F54494D4500CB
:103320004C435F4D45535341474553006C69622FF1
:103330006D6F6E676F6F73652F6D6F6E676F6F73F5
:10334000652E63004D5455206973206C6F7765724C
:10335000207468616E206D696E696D756D2C2063D7
:10336000617070696E6720746F20256C75000000B5
:1033700055445020646174616772616D20657863A3
:1033800065656473204D54552E205472756E6361CB
:1033900074696E672069742E000000004448435031
:1033A000207265712073656E7400000054435020D4
:1033B000254D3A256875202D3E20254D3A25687506
:1033C00020666C202578206C656E20257500000035
:1033D0006C69622F6D6F6E676F6F73652F6D6F6EA7
:1033E000676F6F73655F696D706C2E63000000001E
:1033F000256C75206368756E6B3A20256C752F25DA
:103400006C752C20256C752F256C752C206F6B3AF4
:103410002025640055706C6F6164206572726F7254
:103420000A000000256C7520646F6E652C20256CE9
:103430007520627974657300256C75206F6B0A00C6
:10344000000100003C4101201200000000060000C5
:10345000F42100600A0000000002000090210060DA
:1034600062000000000700002C21006062000000E4
:10347000EE0300002044012012000000000004EED2
:10348000F84301202800000000030000282100600C
:10349000000000000103090410210060000000008A
:1034A00002030904F820006000000000030309047F
:1034B0001446012000000000000000000000000091
:1034C000000000001F8B0800000000000003AC7D1E
:1034D0006D77DA48D2E8E7FB2F409BCB4843830166
:1034E000DB79116973124F32C94CE264E3647627C9
:1034F000ACD747406334161291848DC7F0FCF65B5D
:103500002FDD2D097076F639774E06B5FAB5BABAC1
:10351000AABAAABA5A7E5E9F24E3FC6EA16AB37C63
:103520001E9D3CD7BF2A989C3C9FAB3CA88D674111
:103530009AA95C3ACB7CDA7AEAE8DC38982BE9DCA9
:1035400084EA7691A4B9531B2771AE62A8751B4E0D
:10355000F2999CA89B70AC5AF4226A611CE6611037
:10356000B5B2711029D96D77A097288CAF6BA98A55
:10357000A413425BA7364BD5543A517295B4B39B12
:103580002BA7862041D93CB8520790D15CCD236847
:1035900095E577913A692F1751920B7ED47E3409C5
:1035A0007FA4A649AAEC6B30CD557A3F4A56AD2C84
:1035B000FC338CAFFC51924E54DA829C0DD7B92764
:1035C00000FD7918B7F404FA5378B6A6C13C8CEE26
:1035D000FCEC2ECBD5BCB50C452B582C22D5E20CDF
:1035E00071AEAE1255FBF2567C4A46499E88372A88
:1035F000BA5179380E6A676AA9C48B14262BCEA0FB
:10360000A4761EC499C8E0A795A9349C8A17D84D02
:10361000ED348992B4F66A9EFC11DABEB65FCFEF44
:10362000E6A344F752AADF07BCA9D64C8557B3DC02
:10363000EFB68F6122AD3CCC23759FAB55DE0AA25D
:10364000F02AF6C7301195F25460EACAEF3E5DAC3D
:10365000F8F5965B3EE974B0E56D1A2CEE216F74B7
:103660001DE6AD25800860466A9CFB7112ABFE4EDC
:10367000C622C9602193D887750BF2F046611FC935
:103680008D4A01E5AD650CB8BDB75582519644CB66
:103690009CAA7011569C46C9AD3F0B271315EB250C
:1036A000A88D83F826C8F44A743B9DFFDB37B3C36B
:1036B000F424CC165170E78FA2647CBD1F80601586
:1036C00066FBC78DD4958A277B30330FD2AB10EAC7
:1036D0002EF3A48CA5A30512462B8C11C9F795A136
:1036E0008BFCDA8FB684335ADB15F2F49E0768A59B
:1036F0003C91C7DC2F8353CB67F7E5A578CC4B61B2
:103700000B4F7EBC07442135451AE839E02B52FDAA
:103710008746D52D2105A35E03A2352AD5DC62128A
:1037200092158860A2FD5130BEBE4A13589BD63810
:103730000A17FE22984C8049903BEAE11CB93A886E
:10374000F362563810201C00D47CA519C6777CA7DC
:10375000BF17E0A22D504FEEEA0E3C04F4268896E7
:10376000058291B6B032B288CA60FE1A145FAF0704
:10377000E723DEC6CB344B527F9184B88CD5C92762
:10378000D329344D16C138CCEFFCF621B744E2BD45
:10379000D7F55BEA0600CE98968BE9FB7FEBD07FEE
:1037A000DD5E7F2F15F1A0AD9528D2777BBBBC0DD8
:1037B000A3A805E232BE527E9E02D383349AEFF66E
:1037C000D9CF9385DFE9476A9AFBB4F4B33F6B5BCB
:1037D000C3DCE4B5F2605A6E696A5AAC6A93209B06
:1037E000A949ED6F8F3B4F264F476586D9E9EF6EAC
:1037F000A7BFD5BD9583799ECCF775583063090175
:103800008BFD88DC3F6B1EC2EFD460CEE1A46F66F7
:10381000104CC265E61F03637F1F2D7F9D3A91FB0D
:1038200079F5855DF0E2DD4C7927E76E2767A19B8E
:1038300055C9F2F9016F39CF0F784B1C25933B78AE
:10384000E147364EC345AEB7AA79325946CA3999CF
:103850002EE3314EACA65C2572118BC8BBFF30FA4B
:1038600003C19AA82970C3C7345900BFDC51F1FDC8
:103870009502E12A6083F523A1E2E55CA5C1285207
:103880007EBD2380C1A6E1D5D2BC6FBCCD4D90D604
:10389000A847791525A320FA3C0B3311CAFB8D48A4
:1038A000F12791517B11A463157D52DF9661AA9E89
:1038B0001D8D7BFD78194552268D86EB26D200E7BB
:1038C0002AEF3E9CBA0AB6E65AE8A52A5FA69018E7
:1038D000AA8BB65A2172B3BE294DBD7B1A56A6508B
:1038E000DA9F007E7355A33466C7F23E9CF84AE81F
:1038F00056FEFD66D32FF5266391B7412E446E6CBC
:103900003A06F06DDA2B9234B748BE4AD324759D3F
:10391000D320069151036C4D6A8CD7DA0F4E533584
:103920009D1F1CAF9FCFD2E4B616B5C7C904D0FE09
:10393000FEC34F5FDEBDBA3CFBF0F9F2F5872F679F
:103940003F3922DA78ED545D85B055A7A5098BDCA7
:10395000BB47B865BE117BF024134FB81D91D8A6A4
:103960009EEB8C6FFEF8F4DA11B60FC0BD770F082E
:10397000A84522EC2B37B7737252855B9C235C4FB2
:103980009EFCE9894AD9385541AE4E515CAE72AEC3
:1039900072B65505952E2EF975AB04F6E0F31C9A18
:1039A000732940B553FC6A3A05DAD2E5C96EF927A6
:1039B00035D585D96EE17B354F7469B05B5A815935
:1039C0002DB72A8C827C3CD3659FB6CA32D80602BA
:1039D0003D25B58D109C53B9BCB78D0DCEBFF68873
:1039E000C45291884C046229C6622A16622626E2D5
:1039F000525C89B9B841A21FC9E18558C90314FBBB
:103A00006BB572077EB6BE5AC7EBC5FA91B74E17B3
:103A1000B3F5551A4ED6C96DB69EC7E3759CDFAE99
:103A2000810587E3D9C5FACF2459FF1BE4D23A8434
:103A3000D50E0E4271275FA46970D70E337AF62D2A
:103A400027DF32F580607389E8912F724F0D632074
:103A500026F83114AF36B6C57B6430D568282434D7
:103A600090956740ABD537A0B3396844A7B3309A77
:103A700040E5A2E9358B0D663B20349C3E4CB48F6B
:103A8000A3273CB273ADEE1CE0E94104E327173EE7
:103A900090DF94DE437ECFE08752C8C5B0EF8354F9
:103AA0000171DD8E547C05FA450F4441D61EE3C0FA
:103AB000008CDC293F1CA4CCB3B644F43C3FF68414
:103AC000636084B150E625D31A4C0AE54B5D2A1495
:103AD0006EC132CA51BA659E05762BFF260927B5FD
:103AE0008E941241443810D26A1DC8F10C464F0121
:103AF00017994024E02825249D1AD92A4246140803
:103B000040040944D1023BF173013802C10A980113
:103B1000C17A7979ED630F9030CF91DF815F655E77
:103B2000C79C00999BE5E9729C8396C1B042D98DF0
:103B3000CF32341C349B991F424EE8B7BAF058C2BA
:103B4000FE6D40D5550C3E92F64D4C6BAE132E706B
:103B50006E5AC0FF0EE9C3908D5D8BA2FC15535CBD
:103B60000E02BE4D1392F08E2F6366491062B6EEC0
:103B700023AE0B4BCD30E49EEDF8F27200A5F010B1
:103B8000F81336BB1E4DA56F29B99F3FC7926BBD79
:103B9000F6FDBCD9F4744775E9C6920A87F98567C2
:103BA000E61543863203D08B46C03EE268630221AD
:103BB000E0610B90CF71FA6E1D7B9F0015D053D63C
:103BC0003B30CAB2BD586633286E34EA2F203B6DB5
:103BD00036D7EB711D881B886404FAC018041ACA12
:103BE0005A50063CDCD3C67B4BD6EBA9E7BE281166
:103BF000CC0B97E9C4928D4851AA1026966DD8FF38
:103C00007377E1F59584F42C9CE6AED7F70C743904
:103C100064327A60E3D544914A3724FC7850E9064F
:103C20007F8050511205F88378F988C045F2D60597
:103C300019157A544D86F8DBEC8A1DE2883CF1D6E2
:103C4000A5564CEC908AB997361ADA1928B5EACB02
:103C5000A7B7E2B0D7C03E9683617AC1049B095EE4
:103C6000F414D01C7A7E2AEA75D7D4F204C8F4A8DA
:103C70001899D2B4A098082F6424BEB8C85EBA9A26
:103C8000AACBB4D128E92F39E30CF0D52F880268EC
:103C90000FEA5A82C09731CB464C2ACE688F824CAD
:103CA000498230969D7EFC3C2F53595CA1B2889A84
:103CB0005C8320B59D123440FEDB1D527E7F041BC9
:103CC000EAF5C6103940B9D900063D6196E92447A6
:103CD0003AD26BEAF5898C64A7A0859FDC2D2AE097
:103CE000BD85275BDE6056326A3470CCEBF57A24F2
:103CF0006E01123D01A29A8A6E519145459FC02FD7
:103D00009A7416722A66800A6C4A5CC59B0D2C1A3E
:103D10001053A79F3E0FFB40EB9EC64906E23B4572
:103D20007C38A3248954103B75C35519645A5E2B03
:103D300072070050DA9C0968CA4C9B5E48076419F8
:103D40007043C191D97AED808E390255A592370A18
:103D5000C136CC2B79246A8C2C94F29C7A1A9CBAAA
:103D600025AA2B7E3CFFCECD3C287D27EE8D30F35F
:103D7000B3CD4EAD42FC977B6F3432807874D281E4
:103D80000E329219424B3D788218875F10E303FA96
:103D9000D5544F5CE767C85652D1EB88A63D02EE7A
:103DA0000A98EE5A5D901A201EB030DC592B5E291D
:103DB0005CFF041AD22092E515B4A74DDDCA531951
:103DC000ACD701F02A24B022408B7954B7D180C9F6
:103DD000B8BD4640EC66C522B68D4E347D07D54A47
:103DE00083AEDFF1687F0C650CBB482AE366B71F22
:103DF0009EC8CE7A9D3EB71446F21C7329E1224C30
:103E000021D243B9ABFD30596DBE1FB65A1B685C59
:103E1000F45AF495FE777DA5489B1BC372ADEEC6A0
:103E2000453D7E2980BD40CC2D5A2D01BDC6C331F4
:103E3000F6EA52876BD9038E640402FE0C2671DD0C
:103E4000066EAB2BE5B8D19841BB7DA4AC51EB66B7
:103E5000DCD191E7F9B0032C21672CE5B2D51D40E8
:103E6000431F934D48369BBE3B3E59521EBC88A211
:103E700091E75B46A04D0FE6BE20C433BF4DCBFC9F
:103E800086D0EFC109CD4549140320A61EB901CC47
:103E9000A92C1F2B94840324ED653C87BD2847D9AA
:103EA000AE9320A0042C768EE48B7D866DB03851C5
:103EB0000D6C346C12489584DD7AFDD20D35C768DF
:103EC000FCD525354629CB4401AC0306700CADFE6C
:103ED00001A6F7171EC4CBD3BBFBFD45AEB719A394
:103EE000AA8E7B6E8283000FC4DE2664918A3BC358
:103EF000474210D20A8F745D4253682812B11502EE
:103F000092408D75F1897307D1B1BB7E39934E1FF5
:103F10004ADFF39EE009829FFAE679EA7D74E306C0
:103F2000B0F958752FDAB860308A1550D6AD07123F
:103F3000B3D35F3CBFED2F8A659A90FE713D5C1054
:103F4000A1CD2412929C20830F6EFCD5905217EBCA
:103F5000F58DA0945C88B97C0BB39D804CAF8A7AB8
:103F60007149CDA008570548111F75A9DFDC193F1D
:103F70005F7282D763024BCFCA09D5A221C6EBF587
:103F800025141842BF32FBD725F471252F3D71D47B
:103F900098103DAE6724F219D8EB41B177ECA5A299
:103FA0003DBA9446EA3D0B0E5A24DA3740E1DCBBB9
:103FB00046B444846ED8808B052B701D6F72DEF280
:103FC00063A80CFFE79AEBEA11E9984118676E8C39
:103FD000588E81EE730F3504C85269FE929CECBC7A
:103FE000B02266D60604F0BA7AFD49528BB1CFB83A
:103FF0001D839E7A1E8E22D837FAB7B029282D103D
:10400000A1F0A9848544CDE77349C8C41B7702CBCE
:1040100003CAE29EF94F34784C37C02E7340E2DC7D
:1040200047442FE565792C8F5666D990AD27C56436
:1040300089E6AEC4B250023E6A8F005700A566BD45
:1040400046CD8DD651E196A8F7DD429B5DAFDD3BB5
:10405000E0A18102D562AEDCB22B853BDB787E6EBF
:10406000D45720F962AC0FC6A4735AD8DFB073815D
:104070009DA8DC7A82723D703C701CB0B47C052A2D
:10408000B72C65994DDBF218E07DD5CE5586C2651B
:1040900010FB71D359AC9C62C04F3B2A495FF94871
:1040A00058E4CC42184894ECE8073128BD54A53DAB
:1040B000CEB2CF6867C47D15656A6FE58834F76A4C
:1040C000F5483A0E900AC98F1CEDBFC843DAC214F6
:1040D00080FCC1D407E0A01E6DB145D5D8831E6316
:1040E0009C39085C7854EB6301287A084D0DA1498E
:1040F0003426411BA2451A762FBC54E65A414DD5B1
:1041000022029DD99D09E751D7C1D580CC3C799732
:10411000DCAAF414C49EEBA16D0ACB9CC4AF93F14E
:1041200032FBB024EDA7C8784B9D0EB61AB5B32864
:10413000845E7BB8D02609A615483A8034022B9DB0
:10414000DE867913F71C110FA241DC5E82D6BAF429
:104150005D4C4CA034984C5EA1F7F41D3A99620571
:104160007317E9E0CABF14296D58EC1578A846B159
:1041700018B33C5FF80707B7B7B7EDDBC376925EBD
:104180001DF43A9D0E9E9401DCA157C6C1C10ACF11
:10419000DADC376B7FE61DA077C52B8AB233302F70
:1041A0001E416EE670E7845B72FF22B10172D9B7DF
:1041B0006C5ED0D1C0C908A0D34974F8EA641E8CE3
:1041C000DE820DB6D2AF93E4368E9260A25FD3E466
:1041D000F67CC1BA2CBC8D93A8F49602BBE9E4220C
:1041E00059E05911BF116928DADEB6B922664BA031
:1041F000A68AFD6DB3477400E1694D0E5275DC313E
:1042000080248113A1FBE1117222E3FC450EF43DF1
:104210005AE66850F8C49EA51C6181920854D7B232
:104220002A90A4E5BACF25A3BEF01912A791EDAE4E
:10423000853C884A7A1BB2C86DAA92AE09591EFC09
:104240002F27CDA65D0E787F0ED4A3C5A41569A037
:104250006B901B7EA09F08369A42053C6F4B76CE32
:1042600077AC9C116CB8D7E2549C8B17E2A3F82072
:104270003E8BB7E28B7829193C84CD0ADDBCACB605
:104280007B25CF47BFDB7BDA8849EEA296C646681E
:10429000CC4628D8C54BBDEB931CBE007568215198
:1042A0001319C1FEB200B8B570DA5DBA97ACD64C3E
:1042B000DD1574C016C1B57420912758C301D2789A
:1042C00009DB74DBE6B4D9112B4E250CF1D2784B07
:1042D0006897014B6EB8C03DFB429CCBC5E0747043
:1042E000CA3DB6E930CAC7223F22A37B3C184950D9
:1042F0002E5867A10CB233700B7FE5BBD7032E9805
:10430000C958DDD65EBA2B71EEF96E39EF15E58925
:1043100059C5827A29661A38F9C613A78DC6693B32
:104320005B8EDC19D6630FCF0A5219FA7A815E755B
:104330008A24CACC3A7DCE05C21083DD3E2168D0E6
:1043400067425933F43A4022436FA827AE590F9180
:104350005429237D069E52776ACBEB80A12B95FFD3
:10436000A4D2F0464DC8CDFC3A4DE6E485B38D4C61
:104370002B9B411E0D4A8258BDE54CF17047EECA99
:104380005446A54BCF555C996EA9F006B494896745
:10439000A1FE1E540CF7ACAAE8BE678D7B5FAE5B36
:1043A0009A6DA9FCA770621B01FA78D7DE535E48AC
:1043B000DCBF04DD0A78E4F201203FA9B18236BAFD
:1043C000E6770A997AEA081862DD7496CD92653428
:1043D0003935ADBE2C26B42A24D01E2835B887FE28
:1043E000D6EB9C104DF47CE3150E9B1BF6E9DDD05B
:1043F000FA6E1122D38FD0A4D665355E7331A5AF86
:10440000591FE7F4AE5AA4B46F4FA26E245E80BA6F
:10441000FAE23951A9D1575F80BE5A5900281BBE14
:10442000B8F0FA869699BA75F506D8655CCFB3925E
:104430007F2FAA0D6EF6669790F2106914ED2D6825
:10444000765ADEFDBEBA2E895298251A5155862D10
:10445000708A861613BC026C8A8F240353F141764E
:10446000C4352FC87EBC8B8F8DC647B42217D2C8E7
:1044700010B356A260233DA6273E039E3F57F1FC92
:10448000791F9E3F97F0CC7A15E8EEFFCB312B8059
:104490006B6D7FC6FED366F3C3F3DEB1579D9AC141
:1044A0003AB0129D80E8932632B36F5D123111F657
:1044B000BA55EEA2148145AB4F8A85832AE771B0C5
:1044C0000006D0A689593D77FE7029AE177A0C25D3
:1044D000FA02EFDCB7927B5BC07E44BB1EF0D43B9C
:1044E000C3F00BF48A0C167AB7B0EEAD853778EBD3
:1044F0000FDF5EECD9620170B2AD73CB28688E74A9
:104500001F771F226731D2E2F515E147F26987D59F
:104510006A480940EEE5330AB6B9EA32E333DC769D
:104520003E5371C1D0CBB51C0FBA8F3B3E6CC9FD59
:1045300025D95A4B6B6BA163B46C97794B59CDC895
:104540008619D879A0C17D98BA4B8FD52DCDF64B61
:1045500026121CE78B34A745FD2FAD56DF7BEF6697
:10456000C32FA09E5385078444DFF81ED012E29A21
:104570008CDF0C8DCF42360DDC6DC9A23BF37CA3E2
:1045800046EC3A5E0DF259BBA91E138EA039136E8C
:10459000A145DC96B41B8795E6DB4128BFA756FBF7
:1045A000CE3C00ADF8C18ADD67CF9E1EBC872AF4E1
:1045B000F3FE9DE387B0913F54F5D9C18A0E7D8DFE
:1045C0008F27E3059CA287F8B945EE941DE5EEA57B
:1045D000CC8653720797D552547F2E25285BB7405F
:1045E0003DB783CB76948C8308357A00D23F9468AC
:1045F000171B1B1B84B1BC14D80B3BC3D887BEB19F
:104600008AA72A1D20DD1ACD6E0296101E00B6F96B
:10461000081B2D3C3CBA74577852B255F82A52F810
:104620007676EE86E256ACDA216E87C061001A2EED
:10463000FC1C1D62F000553A43BEC3DD24B36E2757
:10464000ED1EBCF546F0BB5AAF9778560A7C1AF0BF
:10465000ABAB5F56C5769C21D9E8734A7D8086A0B6
:1046600041DF76B9D10F545F1A41C16792233C32C2
:1046700066248329661059C1F76808E82E1722E6D8
:10468000E918E602104ACA2239F1A768988C7079B5
:104690002EE508EA08C78806A09169C99A9A606859
:1046A0004C9A2CB3E8EE5CE56F6330E9DE7C06FAE9
:1046B000C05A3379692BD6B9CB15BBF91C1A092B13
:1046C000A11DC5E7A3BF5116D60143753C53E36B4B
:1046D00035A9D638D599D40F4AE7300670D11DA038
:1046E000BD589722F43616FC957729573BB00F2614
:1046F000F2D2FF1ED8830556B0000EAEF0B504CF3F
:10470000600E19CBBDE71497EB35220BD615520C72
:10471000D7A520F4851E7B68D159864E659494C038
:104720002192B5584CAED7A54C05624A83E4118559
:10473000D857696A795AFC0C2F2C8E67A4911455AE
:10474000D15BC15BC0C41B4CFCE1C48873346AC13B
:10475000F28D397287B8FEFB8CECB30CCA06D9B067
:1047600073E193F06A341EB9B1E878249844990C47
:10477000A785FC9C1AF90954D687B94399C6AC4061
:1047800043E72A555986C39BDDE86A8FC1AA1B946B
:10479000CE57AED6EB2B4412F40A332E3AAACB5B9B
:1047A0002841B79E932CF4CADC725D5C04CFACC97F
:1047B0009559136016BBB2A270BE351AF3BAE99EC2
:1047C0005BCC4D0BCF9ECC6D5CBD099464346E8F79
:1047D000DA84252370124EA76AA2ED40815624ED9B
:1047E00061031ECA2F39ECBE18279A39BC8E808D02
:1047F000A3E7E680AD1F01EFBE74E3617421E261BF
:10480000B3691F1E6D3C63963F63903F0A9D34550C
:104810005D158FDAD1C140FBCB8CC8864CAA3DAE6A
:104820003EC5320735DA5DB73AED636083970E9E79
:104830005F1AB0B525BBEF9C5CC77AC8BD67E8803E
:104840008D7E84F2101260CD44861072A27AC894D4
:10485000E8B1D03BAA32070A32DFEBF42FE07A63EB
:10486000E0321E501D5D600C56AE6FABFFB91D955A
:104870008287E7B9B4BB009D93DB2DC124F4A6E089
:1048800009048157803CA522C463DF7DBE1A6F8076
:10489000B3F3C9814CE7AEECEA2ECED6DFE20A4A8A
:1048A000B78E7880528F38FCDA7DC7E26D88DE855E
:1048B0001025FF0D2C46E5EC9C5A0C86F1851FF265
:1048C00018797B1AA619EB9726E4252F6F25E68425
:1048D0009D5BC6D00E0F4B54A5219F9EE331BA823B
:1048E0004481AF33762FEB18398C2FC9A5038F5332
:1048F000A7396F36310E4509506A330CF8F3B78289
:10490000D4B6C34290D804988637E1A452B9389DF2
:104910002FAFE196CA8CCE2FF24A8010172EF928BD
:10492000D18D8655C5BEFAB264E9D86319137BB23E
:104930007BB854AE1EF37ECE95F71AA495F8C32229
:10494000B885775514289CC2C5072E7F158C675BE8
:10495000BC47A6534760FC0830991E6939AAF41B6E
:10496000A38F15127D8E5B547BE1EEEFCFAE4C072B
:10497000C1E08047178FB0504D657D03395C94C20C
:10498000768A20A0B65926D2E2DB6685CB8E28191E
:104990006F523962F7B148903694BFADD016428E4F
:1049A0004EA8FB1C73D1275DD01C06821584E468D9
:1049B0003C646E2AC38A77CE283EE93E7F05C559FE
:1049C000D25924289494EB3E5C8F8E33123A299C62
:1049D000987D2CAC18C1A7286AF868733B17A60409
:1049E0001B37FAB16C0F893DA2268B27D4922A4738
:1049F0001D35DF7078A7DA6C80E93BC0F3E5A52DA3
:104A0000791CEB521949A8CAF3DE88572577A0997B
:104A1000DD561C28C73EC5DAEA232A22479949A158
:104A2000AB93480BDB0E4CAE6F12EC032B6A3C14BD
:104A30001AE72A90CD5437F64441EE804D28BC0544
:104A4000DD4019742A3B363A6272F306163C5988E7
:104A50002031CFC9870C72BE323F2093B17A88B71C
:104A600074679C24BE2986999983AA073AD6AECA50
:104A700077A0AA83D09DEE93D540EAF3305303FD8F
:104A80002C354683B43D0233D23565A07C24D18DCC
:104A900002FBDD8725F91CCE55B2CC312666BFE47A
:104AA00003C8D13DDCCA4D6A2374148F98C903F73B
:104AB0002387A19F060BA8AFBC476B9D7A74108A11
:104AC00009D4B9949F5D3430AEF009FAD71C34058F
:104AD0005CF23FC457F15AFC43FCFE5038481F4F6C
:104AE0009474900E471576FBA5A00C3C5EA58A0930
:104AF0008650349B1782E374C06485766B990CBA38
:104B00007E0F4FAAA8F0C2F373D040D28B3E9862BA
:104B100018AC897D67FE917EE95E481D161E6418FB
:104B20002EEB6216720A1848FE3155A22C69F2412A
:104B30006E5377D8C963DB89C96CCAACE9383E3497
:104B40000AD17A592CA23BD8947EA700CA580C1DD2
:104B50008728ED820E7269E941B7435575C0A0F709
:104B60007C9843DAEAC1EC054E498222E7EB9A9938
:104B700055E940B8FF933693F7C142FC2ADDEDBDFD
:104B80002897FF4429C214657725D88272DBEA9FF3
:104B9000C8932E6F3F000C94FCAEDFA8A542653E83
:104BA000A73AB034159A368BC211F05DD02160520D
:104BB00029FE2412E6006B51AE8D6E513AA12423DA
:104BC0003C2C8EBCFEFDAFECC77FC5F0B3368947E9
:104BD0000757781CE9798384270C8C028A2C5AD0D9
:104BE000A68BD01BB8BAF0900A01829EE7F7B88670
:104BF000D36EB7812F30FA53993E8EA05AC7D68014
:104C000092BA2D3A161D01CC08234427F218E3046A
:104C10004163A9036FE2AA471E59CC5431828A210D
:104C2000CA8E483E2699511440E7A6C0234C6C40DA
:104C30005476FA0198B59A580324D600DA684C6481
:104C4000A03C6618C162A97B090D96CFD530B8305B
:104C50006D96D006764CC8192E2F04351C38CF71AE
:104C60006AF9C0C50E00D3C9058C7AE8F96153E62C
:104C700044CC50A5D5D2D3774E7465B340504FE69F
:104C8000CD106DA27400FAA24C07B864DCFA07E7F5
:104C900007C9A7AE3F70B314326D17381E7403589E
:104CA000427345DA8E8F452C43DDB97340D9E8371E
:104CB0007C7E0CFD505B86BFD9BDF0B813B38E89E6
:104CC0004C000EEC3411E685F1D9036C4658002BEC
:104CD000E6D41C0DD4FF31897FC536955680EB3163
:104CE0001AEC104EDD6202003D127A10C33E84C100
:104CF0000D470778A208AF1E025B9AD8C5EE20F7D1
:104D00009125371E4BD06B4FFC063CF9338AE16F7F
:104D100000F82FF21B0A44F1777AA6422948B01511
:104D200025544E9963A16248E8F023A122CA2DC2FE
:104D3000D955C8E2167361D7A687FB1548EA3754E0
:104D4000A871387DB7E32B94BC01FEA1276A2A3EE7
:104D5000000195E1B1B1ECAD4EC83D679D9AF442BA
:104D600058C54D1FDF40292F1463959636F2DF801A
:104D70004AAAA2D8984200E31FA027F7C82910B575
:104D80008128410D673BCEC5A71CAA4B7D2E89B853
:104D9000DC154458E96C40BF487C984021114341E0
:104DA0004E46601F83AE62DDDD991CC614030B12F4
:104DB000F58212E342338279781B9D2BBF8AFAD7A2
:104DC000F6D2D31B86DC861EFD38DC1C50A6F59C73
:104DD0003AE33394B60051340D23D8C3DC5DF5A615
:104DE0004E71D1E30D4D3DC4C3DDF46E5F35AC753E
:104DF000B6315187F574BD36460C8A5386A7CFBBB2
:104E0000150F4CCA076AD9F68ACE5E2D9B7CCAD094
:104E1000B5C1A462D4F5E924874A289AFCCCC442DF
:104E2000E7A4B8531D6232D871513F4EAD7FAE0436
:104E3000CF7A9D6CFA803FA97192028DEDB51480F6
:104E400075BEEE3BBDE9EFCDDDB70C46EF311495F5
:104E5000F6530371A8ABC1EE116D12B44BB7E1DC90
:104E60008807E0026DD5EC858883F51A1FC0D297BC
:104E7000A27C87432565F34FD3F2A1D7AF7F633D73
:104E8000534DC835F206EAE0091F2116580544A51E
:104E9000F8AAE9432B68186150749B5578E758A825
:104EA000C0DD31D7EEB507C047151A244BA979B03C
:104EB00007AA22486A1F502E73F01B0C2323A788D1
:104EC000E28C52A7CB82E7BE1A3B6748148CDCA663
:104ED0004779560AC51AE35D868109C920C7008F44
:104EE000067B624E87E25F5140964D430EE52C0DE6
:104EF0003A760B7D40F595FCB908DBD7E4FB915D74
:104F0000266F3872C422D510BC5A78624FEEAC942A
:104F10008BC762856552CA15DFC8A192535574F7D5
:104F20009044AE681F5FF9E0E49746E3173417A991
:104F3000C596B2ABF8D8E35A3FD8474EA0CFA5CD1F
:104F40000170D0F713717C1975935606FA7BA3F1A3
:104F500077D4E2FFD0423B97EE57E2468A5978D3A6
:104F6000C7ADF135EC485FF95885C0FF6A1239C901
:104F7000A1070CED337378CBC200261BCA32DF8346
:104F8000E4E1B0872A52F31D84DA71014658D8D77C
:104F9000F22B4E84B7ACCA5C145E915265CB1DA651
:104FA000D1CF19416FD094B10B66361B1783BC7FEC
:104FB000364652A3F10F98EA37D0F5BE2D5596BF6D
:104FC00088C379809DBF4E8339EA81EE3F1E2AC493
:104FD0000B23DB5B08506F89B9C6910A526DB8E0AC
:104FE0007D0D8C0F1D07F15845D59ED0562B4C1CBE
:104FF0005AFC48963262D1ED74BC3E8599E6722F18
:1050000030C4F49EABC61E23EFCDC3CB14EA457A61
:1050100083FE705E23BB3A8869ED9121AD608BFE03
:10502000F25DDFA661955D3699499DFFE0A685E5B5
:10503000EBB59AB16786F926DE3B8A62B5C3559A0D
:105040002E3036202FD82AB66C0543C3E2B3254054
:10505000C4BFDC76D2606FB085ABD8128D8835D9ED
:10506000680FE21B2D5C1EC421CD7981505B7F2926
:1050700050DE6663049FD9E4584FA2685D02CFDB1F
:10508000D0806AAF69BC77594B0AD8A224332DC4AB
:10509000FBDCA11A4D63030650A227BE966F7F1159
:1050A000C64D5F7DAE8CBFEE76BD49D9C6AE033B23
:1050B000184B81E2BA3889EED62DCF78D9454C2EDF
:1050C000FFF8A2ECDE5697E56EF7052E0F9009FC6F
:1050D0009C2EF8AA2BBAC9681BCFFFEB8B95EA660A
:1050E000CB559006F13558E8F800EB9BDF4FF47B89
:1050F0000B33E834BB95F3B3D4D168AB232A97289C
:10510000D4B1AD547AFFD1076B838EAF56AEC95C74
:1051100004F9CC6BCF0358C73BAFFD4712C62E9E98
:1051200024E9E2D220ABCA3D3F6B83BAFFFED741F0
:10513000730DFF3FF2D8F66C678B28CC5D3067CAE1
:10514000B8BD2B5A3BBE438EAE5990BEC8DD8E37DC
:10515000E8369D1F9B03C71ED6DB32B3ACADAE074E
:1051600052EDC83F66CCDFE2C9A77A4FA71AD7F441
:105170007BCA7B947A27EF9769E4AB472E30997A04
:1051800025CF5CF5CE2B2DD2237375CEDCF4739A2C
:105190002E7AB64E81F14EE9CC19EB0D4A695F9734
:1051A000A16B99959177A55ABBB92E585DF88D10D2
:1051B000BC1D3F29CE0A6DD745BFB71EE13E2679FB
:1051C0000E786B62843008E6F18C5E4BB83BAFB86A
:1051D0000C30A2852FA2A9F7E55B68EA3D90593B08
:1051E00005C1AC3E2774EB10843228B0D67751EA63
:1051F000F185568EEB88EB3C8D7E5577C844F839A7
:105200001C9D0CA25CA7481BD1E9D132CF93D82BAF
:10521000D4E91C2C3F9563A43C9E07056451166796
:10522000F7B8DD5D95834F39EAD6D36120B3202BE3
:1052300015E1B1782BA64FA13814E3552D3625265C
:1052400076147AD8D6F4514D2A0F67373FBE1E2701
:10525000D55E60E8D654B58067C551DDA4FBCF4963
:105260009E1E00A91FD089633D01EDDFE65E0E3270
:10527000154D1F1D849EBD37654F2FE94A028508D5
:1052800098A0734313B8657A8821A058AA64C39C78
:1052900029C21B72ABB6604100C5BAE778E28A53F7
:1052A0007F3FCC2F40F38F3FE1F2A3556ECD359D6C
:1052B000E86E48A9C01B8A22C4885F3D1630236A65
:1052C0001C8E603A1F861703FA05BD602F21835D8F
:1052D0009127E95DA3A113C3B0E9F0ADFE8B7D7901
:1052E0006E716D0EAF350229D315C7DC2B2EF64239
:1052F00093C5DBF95C4D4268815183C1157108AEDD
:10530000E643652E9D7B42E19EFADBD51629C51446
:10531000FFC4C20FB200171CD585682E6EB1035CA6
:10532000241A7E82D5EA8338DFDAE8EDC45D903650
:10533000F6D52BB9CEB5ECC195035E4111B4F10A97
:105340004F3287D38AFBBDA698BF470BE9902D8AC1
:105350003D8763E43DE8D6F8F25972F338ED243E18
:10536000A52F96540B4DEE4618AAD8396DCBE547BC
:10537000B7D4C21C01598151844AD3D91A791A363B
:10538000420B984A6F8C03EB6320346C8CEACBE7BA
:105390006D0569564EF816C0E8F82C39FF5DBC6FF4
:1053A0002276C35FFD9206CB6D41BA952A9A38D713
:1053B000723D5A5082A0AF7EC243E69FE8E8E07497
:1053C000BDDEB9BB8051F1197F9EA2D401CA5E58DF
:1053D00049D4EB765B8CA3707C0D9CF30229FBBD5A
:1053E000D6DCD15D4CCCC4B85D4ADC4CA849E58C18
:1053F0005E47CFDB7D06F0001A8F91DEB82FC5DB4C
:10540000DB435CDE1E3CD48A0D1ABA5BF8D22780DF
:10541000654CEC5367083E7D8C82E7F13007DCBBBE
:1054200061578794D98C79425D6F7B882DBA7D70E6
:105430004D1EAE08505F6D9D17C3566CF47235F269
:10544000F8DEB3BA29DCBC7ADF2B6F7BC6C9069BBA
:105450009FD8F561E9237E79E00EFC7F0DDCE1BF8A
:10546000FF76F1A3E70DDCBFB57FF4068F0E68531E
:1054700060311EE246001A9D16F97807C78C9A49DA
:105480007C357A4D03B60CF64F6715FF34BBA1335C
:105490007441EB9A127690643851F875972F9FDE1D
:1054A0005A9E7797E849BD90FB4AF45D9CAE51C582
:1054B000242E35A0051536A37385E4E2875D0272BC
:1054C00073A2068BA0B1C4883D98D2CA2A4FC25E8F
:1054D00099D5D16263138B9753CC0BA96312D385F3
:1054E0004AA66F56706E49D5F3D7C3E68F830BABD0
:1054F000EB8999A45ECC56A84B0F60FF56571E9EB1
:10550000C600746222FF6766E9C9693A183D5FCE3A
:10551000F9D1C1F32D8CC0C1EAB802F5AB46A38E18
:10552000CE94CE49A9DE00F582090017A188E6B025
:105530003FBCA83A5CECC5255E9F5BAF2FBD7BAA44
:10554000A03466A7ACECEED6371807BDD58414DAC4
:105550006B2B009A8E11AA0CAE837FEAB4D11BF597
:105560001A2FE6D4F9F023819D0ECFA8ACA26D5E70
:10557000D81FAAF7C02110E8C506242B9D536E71D1
:10558000840E8B10E8B030321D0895F4033CB22332
:10559000E18AF7BC59467F748BB37C3C9DA6AFA6CD
:1055A000D0B6FF0067F01769F8145819E04A9F3C1D
:1055B000E1AB8AFCAC7CDB042F35CB3DF9781EF0E7
:1055C0009F3EEA12E0A752AC8A94D3F753EC6E8365
:1055D00061675087BEF9A2B78ABDDF7D09FE37DF5C
:1055E0007D3975CDCD78419B27DE960F3161EEC6B2
:1055F0007A1B3740E73ADA7373DECA1241D4AD3210
:105600001F4602414047E0F7F84D16F3050D35F50A
:10561000ADAB02B08E97F533FC1200EA7020D4A037
:10562000AB7776ADA4EE13D592305966BEA9298C1E
:10563000B33312482A7E3428530E07F05840603F97
:10564000CA78B74839FE256B07635490653418460D
:1056500017FEF0A27434A6ECD72A96A82FAAEBE185
:10566000F2024F02F699E961A311964E49AF5DF53A
:10567000CA0682887BBE5F9461443B28377DFC7EEE
:1056800094FA28F9FB8EB88763789E02405AFCD1C1
:1056900024BC8957181D1F5C56D33F9F7401299F56
:1056A00001141E6443DD08346C08E8BE2585B0CFC4
:1056B000DFA88A21C5B78535C6D5DB66B3A816EB4A
:1056C0006A1130614217D0DA89F532B4A70DD93AA0
:1056D0001475172F75E1A57575864E29F495C4EDDF
:1056E000B15BF6EFA082809FF922B77F2C238A2935
:1056F000566F258C07D0025D9B788E624E9F8CED95
:10570000F1F9A463555AD7EBABCF00208E51E46D6D
:1057100040930692BCBB47446C78D29FB16F1AE0AD
:105720000B8A66DBED4BDDADE591C8983DD80C0DDD
:10573000AFB8BF6D69E46833A15F231A80667B1F31
:10574000FA1D718EDF10F2A376266243ABF46D363C
:10575000F3B2B214EC83CA65F1090DE82C296BC7CA
:1057600078200809F225C00B7EB505161A05026AD5
:10577000F280129FEEADE7ED109DB221CCA474C172
:105780002E263F27E831A867970B1654B0C01EDBC2
:1057900031F9C7714C8C7233CBA607E7B1691CCDC8
:1057A00060058EDE58CDF3C67C5108C7A784ED870F
:1057B000DE72B9D3F8CF72080E28E6D45BA9FCCC10
:1057C000585C06DF59416E39C530C5B483B6CFDBAE
:1057D000214D098FBDF16DE692ED6AB3F71862C5F0
:1057E000287FFC85513403609771E5022363379568
:1057F00084C073C216AE40AB2B0A92C0F60A516841
:1058000076B4D2E05F71701A98DC76D916EF19A6DB
:10581000C21B0B8B3EAD728CAB1CC3585F805D8A84
:10582000F5E4AB51315E832FE5C6B4FC312D3FD892
:10583000A37E8EB78809CEB89D96ABA554CD1C68C3
:10584000E1F57BB521984BB0BE261BEC4DE96CCB46
:10585000D4A6055E1902C82AEB0E3AC51740071BED
:1058600018F2A8D4DF3FECDC61E64BFA402068EA8E
:10587000BAED3E551905167034AF45D4371F4F2287
:10588000162FBE4A419FB922114152A7074C335DE2
:10589000CBA742FD4E5177560280A0122C054A300C
:1058A000FDFE17882127E4E3553E98B39185C5ACEA
:1058B000695EA52EFFA9C588311CB500D35F26FC03
:1058C000B0CC5BC9B4459FB3AC29FEF41EF4FC55C3
:1058D000ABFC91412A4FE56943BF34D4EFC6CAC13E
:1058E0002914A3FD6A19D2AEC7B2B21ED5D5492A72
:1058F0006F5379D82BF5F55BB140C49ED83723BBE5
:1059000024B3954177DE9EA0F962362D78E5808339
:105910001C54E737A560AE511AC413A93E8A4AEE5B
:105920006C374E148D984A9DF3DD90B49C49DF325C
:105930009B6A3323AC78A3CF4B028FDE8D4598B79B
:10594000151E3D6AC984267565A42FDB1FB6DCEAE7
:10595000A6A05B457CBB2A510949841512575B59A7
:105960007EAA088C180A5096AF6C31DE0FDB02500D
:1059700062747515AA6C39C22F848EAAA1796673D8
:10598000FBCDC58F1C6AC05824A3A220765885BEC3
:105990007055E2020C2FAF0E440D3F4CF784EE160B
:1059A000FD6E35C913FEA2D377DB3431AC68ABD9B9
:1059B0002FE71FCEFE9B81164A5D97EBB378DC9AEA
:1059C000E26E27C57CF118FB81EFA796C611E6D2DF
:1059D000047E50D50E033A4125146D4BFC868CF79E
:1059E0005013D6CD4650DC192B2786786EF8F5ED8E
:1059F000099EDB5564C1E9DD3852B589CA013635E7
:105A0000A12F935636D666135414FC317A8D115457
:105A10004A134F418578860D04E60186DB673B6AB1
:105A20000F9E46B9EAF5965F4CBDF1AA6C68821EDE
:105A30005879EB6AD96336D32E4AECC31EA8D987AE
:105A40008F4D11C6DA9916C746FE03345F4ABE5021
:105A5000D32B6E0C5AECACA5DE20C2930E06B69D7D
:105A6000E910D2F232B200AC77FA66C18994FFB085
:105A70007292FC4B2564AC400174BB0632EDE1BA76
:105A8000A9D3C7583A86DD42CFF0DB4D59D0769F77
:105A9000588C57C45CA51E00FDD856B3411C506CF1
:105AA0008577056E20E3D70FCAB2B29669248C19A8
:105AB000E5F0717F6B9DB3ED75C6CFAC9CB72988BF
:105AC000BD2A30CB7128DE1604FF49C62145576434
:105AD00062A533B10DAF011869E5F02F42FC854294
:105AE000DFAB609D6D5160DDED19EA2A70B28392E3
:105AF000EF90FE83DCFEFA616E87712DB97F9F45C2
:105B0000B7E482216ED040B775B3423858AAD47D2D
:105B10003361555CB237745AFD6B092FE35DA147C1
:105B200035CF5DDE9361E4A796D8AB8BB32ADB2D2E
:105B300025F67820C8DCB84C4B5283D05801E77C5E
:105B40006B99FE22BAB6F81DA9E5196A4C5A97312D
:105B5000EC6CF53C6474CB5A4C7AFFD46A8525EA28
:105B60005F1FA29E9EC5876BC6ED19B507033E69F0
:105B7000ACAD0E26E50E4CABA756F8ADD746F1DA24
:105B8000307C3F0BF54DA85FF04E60A138FD9DDDE8
:105B900046097D1D9AC125CF016660D808EED39BCA
:105BA0004A20568774EB6FA0D77D4325EA9B546C3F
:105BB000DE95EB74DD7B3C9E43AFBE513F7AA491F2
:105BC000F11607840FB91876782155502803BCE0E8
:105BD0002236D7126ED8C68829548A0EAEF893247E
:105BE000F7B18E267C04333ED2B68AB6E871777858
:105BF0005DE992C7D4D757F50A910236E8F8754E99
:105C0000388E4F5EF30D061497BAA80760D6721847
:105C10001646CC81E2B267CF3993EA4884BA9A9E9D
:105C2000AE6E057A37DE866F340E49E1C374E93E05
:105C3000BAAB73E8826F4E511F8999FAA3657B5204
:105C40006133CEAAA81F18525B483A208F6108180A
:105C5000A5C8B722E48CE040D71028232EC6B56B28
:105C600025C3AE55AFAC99F16290B94B0174D5190B
:105C7000AB9F19BCB38D874BDF6DEBEFC5D3BD6B0D
:105C8000E732CB9DBD022CC4E0BDB2C2725FFED62E
:105C9000F0FDD6C7DE053B8DB4092EE8D3C60FD480
:105CA00051DD8DFEE6F14E05168E3A2C90681121DD
:105CB000077582BE7FFC407F5D12657F771DA8E37C
:105CC00008E20C20A37D1F0033DFA46357546C2E21
:105CD000D75B591FF157BDA86DE97EB18C8A9BC96E
:105CE000580D886D185DF443A89DE518518572ED37
:105CF0008D0EDDC7F8A7188C61FEB616D4034910C7
:105D0000D3432F267E138C6E636A98D30266E052CB
:105D100016F8785F802E4D5130B10EF97DC43BBD31
:105D200015BD6E4C61B28F969EA7A7D4E777E96E3A
:105D30001100AD3FDF0093CC639A0BBBE87A294595
:105D40000D6FD0D800FAE9A0E95F8152319474F563
:105D500044432ACC970075250E902B66431321AB44
:105D60001B2B3FB018FA4C1CC35EEDAE4318240C3D
:105D7000F0F26017D64E6C7FA13DD0336BA6437016
:105D8000B46B9082700A7FDA7A4DC5B82E11598FA4
:105D9000586E8C22FDF1070C33815E656EC920E4DC
:105DA0002F785197297DC714A307E051F49C0EDC8E
:105DB000EAA7FAF94E0E53077F01AC623426B7B159
:105DC0004ACF7FFB59DF2F45A9F4A76B0F61EF1373
:105DD000DF202D35B216E7BF1113BFBA9456746990
:105DE00027455A1193F8113A13234E9F1E13E18051
:105DF000BF41E6C7839D2F84C5C5E7DBCA9F12C399
:105E00006838FCAC251E1AE08D7498B74C3D3F6D88
:105E1000276E421EE132F9EA00B7FF82ED78B12B1E
:105E20006BAAF6AE292A90365EDEB4C5E5A59D6B59
:105E30004266067D5CA1E876BCD52D3203059472DE
:105E4000D27687ADB7D970562570377A7EB85E3F67
:105E500033F75B72CD30BD0AD5572EEEFD87EBA32D
:105E6000661271B157C012C7A52391B85D4822C50B
:105E700054BD63D35C5E4EF77DEAD11CF2D6AD4AC9
:105E8000B63428EB990B748FA674E6E6E289C87ADB
:105E90007D54648351D52DBD59DF48F1998768BB86
:105EA000FEE19EFA1676FD013CA484CBCB2C59A6CC
:105EB00063FC4E1EFA2D14D3271F0DD3A7F3F38BCB
:105EC00007DA17753C024177BAC7D12A4A012CDF9D
:105ED0008F671C1451ADFEFE804742D92108EF9315
:105EE0007B285EAAF7E1181638C8AE5935D9CAA37F
:105EF000C0D19256F61865EDA79216C38A1030F3FA
:105F00002FA58FB4FF6CEFE49675AF23976F804198
:105F1000D522C280EE4F3D101BAC0E3D573DA6036F
:105F20001A3EBD7613F3F73F40C1F80F49AF4F7BE0
:105F3000792D90F774A0847F80E887E77802559BDD
:105F400048E7FD51ADFBB8F6AEDBC547F7A8D67BF9
:105F500056EB3EAD1DD67A94D17B0ABF4EEDE0E400
:105F600007E10493498BFEB892536E4ECD6AEFA8B9
:105F700072B7F6BE765CEBE26BEF093EF11552F4B8
:105F80004ACFEEB35AEF10B24BEF875DC776CF7FA3
:105F9000220DFBBFAAD9BFD6231DFACB6C35B7D5CE
:105FA00015B5AEE71425AD24C54F834B87FF70961A
:105FB00073F2FF1BACE75706B230CE13842B05D526
:105FC000A9B6924ED7A9DD49E7C8A9F15F943BEC89
:105FD000D4F85394B27704D8AA550179AA0139822A
:105FE000219E12BA316D100B734BF3324AA1C2617C
:105FF000ED1D74096BD1C39FAF35CCC309E0E31924
:10600000BD01BCF8D63BD69DA4A0C3DCA8AD85EDF0
:10601000D4DE1DE11ADA7F90F3BE573BAABDEB61D7
:106020001286E0DF231A02F28EA104328FCD928312
:10603000E175ABFF125365D561E01E8D8F50D2CB59
:106040007B7E21982AADF14F2655DAC2908F0980C8
:10605000C7383AB47E4F699C70416BD494FEA45407
:10606000A52D0C646AE2A0D8985FA8BF4AE33C590A
:106070006C81DCD5E061334404A57912DC12FFACFD
:10608000D36D904EB2ADD5E81970698A36C1FF4C18
:10609000C957D3C755B9F571ED59EDDD31ADE413ED
:1060A000FDCBEBD981E729FDE212508F3823FA7935
:1060B000463FA6BF18FA1B8729DABE63A43C98E6C0
:1060C000F88E9F293C8E9C2AC13D26EC02D01A1DD9
:1060D000231545658880089ED44EE117C721C889DD
:1060E00098883C210F7F9FE02FA21712C7FA17272D
:1060F000715C3BA5DFA75848FDC04C805EB0801F97
:106100003D225A44D933EA8C7F8FF5AFA66C1C52DE
:10611000C39624D75BB806D8E8175AD67A4C2840DD
:10612000B7A7C4A0462015BF9009FF70159E12594D
:106130003C0640A05E8DBAA01FE69D27BCF24F8BA7
:1061400061F1AFD16D5134A30DA9431318F607497E
:10615000BDB22884E2499056E89121B4C440207C25
:10616000258A3E663A85593FC149E38CDE770F693F
:10617000FE87947E46E9679806DC401A7E9F99A1C7
:10618000F02F6D55074221F2AC46EB7684A01DE15D
:10619000CC9FE2884F0D17E2CF5726878709C6F0BC
:1061A000F638805D751F6FB354207C619F5D8B0056
:1061B000DD6487A17B8480778F0D536ED5DFE56228
:1061C000163A886D2D03B65A6CB32E4E8F3995262C
:1061D000D92B56A42A381F6BE1F098E43C6216854F
:1061E00025D22F62BA838F63EC8025540549284756
:1061F0001149BD2784A4DD0ADDDE6E0580003F3E27
:10620000B44D4A3D5C9E775D225C14AE666E33757C
:106210009326F14328E70922E3FD3FDAAEFCBB6D8C
:106220002349FF9EBF02C63A5AD206291CBC6D9074
:10623000CFD14CD6F39EE878926CE63D7BBD3645D7
:1062400042124610C0F0D01189FFFB567D558D8B50
:10625000548E996C22377134FAACE3AB6AA0CBF25E
:10626000FCDA23FB432E23385032ADE73F30E432D3
:1062700047503BE0C6DA1387865C8860C0E3A5021E
:1062800052C6E337E5D1799C24A494E5E517840749
:10629000D5C7937879969180ADB5CCC76829C3F9F5
:1062A00010A9202362128F95558F12A36A24EDB096
:1062B00056EF9852B3F9D51F9391A293456E737D13
:1062C0006E5ED23AAACE240F1A84FC3450A2354313
:1062D000C72F9BD5889A447DC052D1832C9C429273
:1062E0009FB20CEC832F58000E208AA8F97D534AE8
:1062F00092CC96D55AFBEDA0DBA73CC3B6D7F107ED
:10630000BD9FBCDEDB6EBB27876E7B40F7DEBAED40
:10631000EE4F7AFBAD66FF40838523CBFDA9ABB77B
:10632000BC1EE5EBE191CEDBA196E1BED58C1FEC66
:106330003D90D5F01D9F10161975D99506C80D6DA5
:10634000D75CA8CFE98179963E915D541BC8BE60A9
:106350008BBE684C245D1E972E06563596302CD485
:106360008D07C1FEC1528D2F1A9B4E91E354EF9AB7
:10637000215CDE1F96C9C225BECA6421AA5355728C
:106380007C43D2BC9C55B48837F31A79FA3C6198A7
:10639000BCC0D5144AA5CB30F91460998E7D0F107E
:1063A000DAF76A84E603B5F9DC1DE671493DAEF122
:1063B000291E5944EB2B8E3559A52C5FC0820FB492
:1063C000204CAC2A5AD2A1A6A792091A4874A768F1
:1063D000C74034135FD4DE9ACDCFCB15A19413649C
:1063E000F7041F788188DC40E42E0B6E1E90C057A6
:1063F000CD0BE0E731471A308893A9B056195BF10D
:10640000D8D6044C1F2A8F0941808F744E4085676F
:1064100066DD93C186FC97BB5A1E3B31EB32549824
:106420009ACBF40618035FB4B041C93661A178B9BC
:106430008ED7AD4B321D7EE14812895D151D7D154D
:10644000F31D23E60F4F54AE1B0EDD2E8BA0A2A032
:10645000DFF150AE853A652553B4DA44B2B50F8BFF
:10646000BBFEEF6CF30111F9C71EE276FEDA43348E
:106470003D69958B3A80579D5CE10B04C82939A78B
:1064800092BBE5ACFA24493ACA930B3BBFEDD3C1AA
:10649000F027AFD3F649AC19E1C7329272920CECF7
:1064A000B4FB74DD52A1F793D7EE73FEB2F02BCBA1
:1064B00044CD4E34F5FF230A256A646524009E4FBF
:1064C000151A48A2E653C72080E9C0C0818EA07289
:1064D000333864E4A6B30A9A6735C15A67280CE4D6
:1064E0009B94C512FDEBA026D88094738A63563F17
:1064F0009E22E1E8BEAECD95FE3D9961EFB7E8A6DC
:10650000B72FF018830BF636D645D73290BA9C32A7
:10651000EF8B06E6BC823535511E3F8FA245B5791B
:1065200086FE7E9368CB56305927ECDE80BE61B77D
:10653000469F8763CA90E2C4E346722BD016631F5E
:1065400050A1D1A86E1B540188076923186500006B
:1065500033506BD673F34268BAAAAA84ED240BA316
:10656000A1061F2754605712B606B81C9889B9CAED
:1065700040F95D332449D5BE2C9A961B7E80349E0B
:1065800058B9039E03ED957D9E251CE6385B466950
:1065900005EB813C4EC5412048D48329E8B9007FF2
:1065A00003086421491090FC6FC60A85D6E0AFC08D
:1065B0007019AC3E97064CC432009E0685BB05D0D0
:1065C00025B67BC2EE2EDBDB8AD74469D7CC6EFBC7
:1065D0007C9B246B52E151DA8AEEE24DAD839E4002
:1065E0004CF9EBC068ED88AB03289DD2692747EDD5
:1065F000E62A78D54536FD337DCEEBDAAF8587A622
:10660000528761BFBC0A735AAE41FC33450D17F186
:10661000F9A65676879F144B5752303410261FF236
:10662000F82035EE22420C167EE8326C44687FB9C1
:106630005224034B7090E083E286945056E017F1A9
:10664000E6727B661AB527160F3122D4B24F359CFD
:10665000A00DAE340557BA0193790FA8A20718A36D
:10666000A987544C956E171CDA0509F11364BFB95C
:1066700045DA19323CE8086D31DD77E0F2E234406A
:10668000DAB53A03930EAC2E2AEBA2822E7A4DD7BE
:10669000D996E869CAF212AE8A0EC8240006124ED4
:1066A000F4519AEF9B145CE901A64AEABB261B5CF5
:1066B00088743140DA71F98A366958A4DC0C978FF6
:1066C000A93449B561A8B18BDABB68093589FE8266
:1066D00001B7301872773B7890D22ED39BCBA3753D
:1066E000C23F1E5FEBE1A11E9EA3B48781A334C00D
:1066F000B187AEEB1C28EB5CACB2DBDFED9FC37C5B
:10670000E54E37F1C149319751CD1A876E3F91411E
:10671000B458C48B7F8947A5275E5191BE9E382E01
:106720003ADCE59E19F581D110EE01AF4F5FFC1FF9
:1067300005F75F66D751DDA614662E94ACA7EA254F
:1067400067BEB281E0E7A321E1DBFF158DDDCB0D54
:10675000F8C2B71BA767D95D5538C20EAAD813A2D5
:106760007CFA96BAAB248BE78AE2C28FE799811054
:1067700084ED9648D1F8994C85E7D91FB6853DED53
:106780004760952C6365FB845D09699C56B40E13C4
:106790007FA0361B0E59610CD546C7E107F3747A0A
:1067A000557B70409DE2149090695D5C58EA2A1414
:1067B000843834DDF55072DF629C43F74EE4672085
:1067C000EA921D3B22BC7C57FCEADC12215C4F188C
:1067D000545B61BED03F3C301E06A63E2EC2F2275F
:1067E0003CDC7E1DBA8815274ED0AEC50E51CF3584
:1067F000F0051E306ADA4085C687BC0D9591E862C7
:10680000E6840AFA9A726E98B85D7678F2FF8C7D0B
:10681000B9A7812402EDC491AAEE193F781AA57791
:106820000A0CF79FCEF52C4E7E454DAB71A88663C2
:10683000AE73958EAFA3745BE56D410CC05170BF14
:1068400063FCA7981EA8B38E7970BD9E5DD49C2A68
:106850001DD42BDACC57A1020A18E8E8E536F93541
:10686000AFBF2D2FB334DA830627224CA0D4A4CD9A
:10687000823D9500FC12C7983F394573C5555CF8B9
:106880009B7A82E572E7B8993FC3D0CAD67D4DD9CD
:10689000930B737BC83F53C986E9189A86A7DB75AB
:1068A0008DF1AB6B1CD7D9590D664212C28D20C633
:1068B0003E40FD90476B687CE043B36CE389330A4C
:1068C0003F27E280CDB13FD01C291AF8C2031D52E8
:1068D0004F3AC824750A729A0265F2B1F1455D67B4
:1068E000595AB32DFC13A6392A847DD8ACD4940A06
:1068F000C5A73584841E161E0605AF5DABAF42C129
:1069000037F39855D7A6029905808D62550043E963
:10691000ABB31E5CDDC705B6E2E5B6AF9EB5AE0013
:10692000C861A125A67D5C0AC4F2301EBDEBED3A1C
:106930009E57FAE449699E2C78406543EE7922D14E
:106940003A2AF8ACD76274579D026C14DD4154ACFE
:10695000EED5935ECDC8F52267B09F935BB3A94E89
:10696000B82BD6922B7244443ABCBA6A22FBCA199D
:10697000B8C3332D3F3EA4AC3CAD032CFBE5AF6B5D
:106980007AABC798B127E81DC79E9CF838816AEF9B
:1069900058D2ED21883F40ED4359D50904FA2A45E4
:1069A0002F67CB68C51EDC7DA7A7F8A440B303639F
:1069B000B788901C2A8F8B0E856CF0C179BECCAF46
:1069C0002FD68DD87DDC14AF0356C6A4A8B4F7B07B
:1069D000E62413ED8973507873207EFD8195B7709E
:1069E0005BF33A06F03AA0414CEECC4806CE92500A
:1069F000D964B5C9000F1B318EA470577672A1EB14
:106A00001BBCED9B851F639274F645B1D2C31092F7
:106A100038D0AA93D97D6D10C5BB957B443E988C28
:106A2000DB0326910CEDBE4061DC42D6585CED15CF
:106A3000389539C58709C009CB2FAC2799B52326CE
:106A40004245779D424E0E4AA211DC2A96A097AF8E
:106A5000FDB28F01F94E4C6E345EED1FCF97C52A03
:106A6000B56896AB38ADC02A5955047343D2B99274
:106A7000F85DFD9B6209E7B45FE0249E79F16D62E9
:106A800055150FF6F16F083F31C318CEA3AA67154D
:106A90009DAFA2F5E5AFA321504379B55E9CD28CA2
:106AA0003A70380506E9AA31CDE0B46B4AAF7B4FA6
:106AB0002DAFCDBD6E7787D61B80B6AED83CD4F453
:106AC000362BA43600330DBF4747D3CAD58097393C
:106AD000CCA561BBE369096A3549C9B87ECACBA2B6
:106AE000036B5AB9346807B9C4E34FFBEBD4D583C1
:106AF0005C8471C4C03510C0070BF2C4EF19EB51B0
:106B000097114D31EBA8EA5EF5F8F1375EC7B40A8C
:106B100053DE67A94169D2EAD1053D0EDA5DAB8546
:106B200036C2B24A3010CA3D7A22CC96B8104E3DD9
:106B30001EE824C71AB7ABD9B2AA3979E953088D30
:106B4000FB3E7028A57F1D4705E1A9C0C053754FC6
:106B50004F4BA7C6F7B19E55F58FAC0206620EF4F7
:106B6000CDFB119AE444E5BB9270997DC929424757
:106B70005263ACCB1E1E353AEB289D2906F3EBE899
:106B8000129AF414F2C3945273991AFECED12720AC
:106B90008DB84F7CF5549847371B42E8555901D9B9
:106BA00007FF3D5132C319386D2CBC0003A4EC6BB8
:106BB00082B700B0ECE2590AAF598C7B6619A66720
:106BC00044FA50535F8CB62EA4858C5C07A7F0FD69
:106BD000E7D9C47B258FFB62C328EEC7EA5D3FAFD0
:106BE000D9FFED456BB386CA1FA1B7E2AAFB4AB134
:106BF000442058A26B0DCC8987164ED12D968078F3
:106C0000B9895BEBE553270566DBDAEAAAA84B8175
:106C1000B4203CC5B7BE2A024FDE3710710A51A11D
:106C20000D5C6FAAEF0788C4168F924EA1AF104972
:106C3000052EA01556DC3112B993EA435160850F39
:106C4000078A107A39540ED4F819E4A4B4818FB0AD
:106C5000BCBAADD43828AF4594296D007950A83B13
:106C600061F320B78A375112EDC170185B278C256C
:106C70003D37B754B09C339444DE00516BD5D314E8
:106C800096AD2796AD27280005C96A2F8B24F9E910
:106C9000097D00CCE2E744884B6C42494F25EBD399
:106CA000E4E37B65F2D9AC66D0073588C4AEA34176
:106CB000694110AE244B57B1F26579A6234F265394
:106CC00069409D8A38130B44F9098CAAD26C731B56
:106CD0006F4A7EE0DFED37EB89A1D285B971DA1515
:106CE000F76B5706A8E3AB4FB18B95B80E5E9901D1
:106CF000E31AA52BEFF700F68BB3E314A2F8A4C7B1
:106D00000FB09884CC0D06023B06805A1DB0759ECC
:106D10009EC80FDBB7CC40949C047DAB07771C1D4D
:106D20007431074A1EDBF48F9BB77D983702F4035A
:106D30004906625DFC2BD6ED76F9A72D66EA2AA2FC
:106D400012D9C02A7B48146912CEACBABC41D927EB
:106D500062CC16DE0BD778065D75A67950A2A02A04
:106D6000D375572CB49E72C707B6A103D7B89B4EF4
:106D7000545C95AC59CFD5B77F3CABCCA1BC9D47FB
:106D8000566F5350603C592856FC04895659411E91
:106D9000E4E564C9F6FACFB7522CB16E4FC4DBD725
:106DA000955521CF2C02891D2B29BF2BC0B8A42FAC
:106DB000DD330055BB20BABA9F0BF0DBACFAEE4DC9
:106DC00020D25ADE5A318B351F7E174E057C81D872
:106DD0001FC02EE2633F5FE7B07FC9B26B553DFF36
:106DE000869E2F3BDEE4054DACC6E185C01C959523
:106DF0006B54DDF42755F94425407B7F5E3590FCCC
:106E0000A778FFCA2FAD25E80B59BC1202C3FDD4E9
:106E10009C7AF23A1C3CA8728DB9080DDC39DBB0C3
:106E2000F1C05BA68D2267BE5E8F36CE3C99ADD792
:106E3000BC638ED36EB7935D331C375C67DD464C05
:106E4000BD2F5F59D6EBF5CD85751347B7DF64D4F9
:106E50000DF57607D47CCAFEFC21D9592820B4E36D
:106E600079965ACF1FD2C9C4B677BCAE7B9F44E196
:106E7000F3870DCEA99C27420C52960789E0379ADA
:106E800071EC801D35F38B33A7569A869986F25E96
:106E9000E3875BF97A11DF68339E3F44A8B0567FE1
:106EA000DED831B570F7FA98EB383F50479C2EB7D3
:106EB0009BEFA3F327EAC16D8B2CA1908BC97B8E2E
:106EC000ABA6E67AD7F3AAB9CE25DE8F976F2CF65C
:106ED000BEF588F24D01DEAC56B3FB76BCC62FEF93
:106EE00053363B8B927573628E46E6808384EE95B3
:106EF00022B7F2CC66B335C7D6206749B8997C99DA
:106F0000B36E1C71ABF5FBB8575F46B6CD1F5EE2A2
:106F1000DB40FD8ACEE60DFFB6EB961072EB8217D2
:106F2000E9EC51EDEA2A5AD826CC5F89745EAF9716
:106F3000B3D48C51E509D48A1BB511A3AB7ACDCA61
:106F4000526C1E888B7ACC17AF8980A2EC265AE946
:106F50008DFC7C37665A7DFEB0DD59293ECE93AA62
:106F600088E94015864E233E897932283B53ABB4DD
:106F7000B8D9983B0F42601F4DDFBD1107E6C090A6
:106F8000EDBE02C9943E58B824DA59836E94823615
:106F90004C30E9CE7C8177983AED75C2DB44598656
:106FA000364A3DC739FA20E4842FFFED15338D6D45
:106FB000090DA5DA6CEAE5F94E33709BEDF26D69C7
:106FC00068DECEC57E3B37F1268988C0F18BCBA326
:106FD000C4D1211EC58E8EE976395A99637EB9696E
:106FE00094397934E499B388D7FC21E162347798F5
:106FF000EF47E7DCFBA57EFB7A19A2F7F4E00FD898
:10700000E4AA89F84C8B4357F94BD7C964C69DC78E
:1070100007249FC11F972632DC6AD26E708065F903
:10702000AEEB99B72B931995F457ECC9D2C46723EB
:107030008D3C20E1FE3E94DA23DBF9DC74386F9E50
:10704000553EE17A3A37BE09752A542D3BFC9A0920
:10705000D5B3A726B444C6E50FFA450034E2C9A467
:10706000F47D1AEF02DFE44FAE0E6DAFD39E6BD40A
:10707000B585190CFE164BB63FC077BB5E1391B8B1
:107080007092E7F1F8532DA21892BE3A61D490F9AC
:10709000E3A366C8198A2798DB5C8C3D979FF1E8CB
:1070A000EFF24CDB2565F9ACF26C49A214CAA1E001
:1070B00071E6A6847B3DB22FE3C58204C52E97B648
:1070C00055DE7CFEB030F245FC3EF6E8BCE04F9B5E
:1070D000C6AA528A55CABF5E3266C048EF13FBE7A4
:1070E000C6432EC0CB142FDFBA1A919EEF6A15BE8D
:1070F0004C9DA7A47B64180CAF249F6577368651FE
:10710000677D935D5C408C9959D7A8A9A2164A0265
:10711000BF68DB45F9E33A752FBFAACAF94DF3F111
:10712000D1CE24066DBE9DB004D4D28F8CAFA2FB0D
:10713000356593CDC8C3F1C7C8D990CEE4385FFB9D
:107140001F0E6277EB8DD977B261B75FF2EE908D4B
:107150008FFFEBFCCFFA13A59F5E348F392CFA7E9C
:107160001BE8B98FA4D468D4E285A54DB53FE9D713
:10717000B525051619CD32B239768F0EAB57EC30E6
:107180003FA106469F461F39C411B5D4FBF4698759
:107190004F53B5F9FBAA6BC2DC318AA4839BAAEEDC
:1071A000958658429D34F21C36C95A9321CDBB179F
:1071B000E8853CA824531E5728AABE79503BE151CC
:1071C0009A559DF0B6211D6618625B6C2469D48FB8
:1071D000EC14FC554E00F2705D8F7D55E1B3A86D47
:1071E0004EF8C17D1527D5EC29395C7E5ACDE1F6E4
:1071F00059B23577F87027CA2C575339D15D1F9291
:10720000FEF32BDEA7D176393685ADBC91842E7383
:1072100047BC335FEED2F4609F54026CE9A2E145B3
:10722000C18BA8794C3F4EC6DF5AE680C24CE5724E
:10723000B65A47DF122B4B5037B7F9CA0DC32C8F04
:10724000DC6142AD3539CCD8DE65C4C8E06A6788F8
:10725000A0451035FB98E51BDB7F2230B86DCD18BB
:10726000AE25AF6793D928196F27DB51D2A46BCB1A
:1072700070D5988FDDC9F9F17CE4F25EABAB46D7EF
:107280006D75DC1768FB3A4E1B4B397CFFB7266BDC
:10729000A0CAED79B6AEDC86EE697903F745C36B1B
:1072A00049B98DA8356BA2ECC3245447C6D413AB9F
:1072B000D7355FB1D974FAB57149A459CA6044C8C9
:1072C000E762B6BD889E561A1020B14AD89243DCB8
:1072D000E5B74DDEE08515575DD9241A593E5EEEBF
:1072E0006AD7879CB75A5F0B53DD3A9BAD2C3907A1
:1072F00004F4ECB111D0454DFF76A9FEA152A9F1DD
:107300001D7CBBE7A223FCE7D70AC3B76695F7E865
:10731000F97BD14DD420CDD3489A3B79AE691BFC83
:107320009619022C4B8A8B279E8F5ECE8FFDA28CE6
:1073300031247AB57DEC65C1DB4CF55E32DB68AD9E
:10734000F40CA32EEB2EECBA5F5BF721D9DC07B26D
:107350001E6A422B6F8343953864AD532B58D7BCBC
:107360003EE612315CC71724AF98CBAB95F43A8751
:10737000461D009F8B4844CBD6D8FF66DFC0B98E30
:1073800053627ED7B99EDD11D3D34CA800E08D2186
:10739000C52458B120C85410CCC2A4951243D66459
:1073A0004163C6CCD1885F2352F2389924A3B8D95F
:1073B0004A9BC7336615961387D8A584834D8CF2F4
:1073C000A7AD2661824C20313F29F76DB016DB2D29
:1073D000D4F617DBDDD7AFE87035F9C2DF1A5EA04F
:1073E000817C6FB5FB2218A1561DC854A7F15073BC
:1073F0008A018D775F1F1AD1B3C683C0E74870EF4B
:10740000C699CDE7D192ED5218D50CA4E1398B0B7A
:1074100088BCCAC175E6942439A168ECF4B1754CF6
:10742000EDA3B98EFAF91E548E9A24EBCC45D251B5
:107430004DEC5983DDA5F72E3E658A958C0B1D4BCF
:10744000DDCC64C4B2E995AD8087DFD6B555295E41
:1074500002C022F0510DC15E16515E9DFC58021013
:10746000EDCADAB3B68DD53313108337318F382494
:10747000E9AF1555DEFEB688A5913FEA48ACEB6F43
:10748000E9F4FB684676D5AB941E9F2DDE0896F98D
:10749000664BD6C18A37614DDB322BFBBB347D99FD
:1074A0002DE363661F4AA2746F836C892ADEDC7D3C
:1074B00079F517E2E0769ADDEA26232BDE96335A39
:1074C0006F930D2944DE953792E8C70FD7D1E63286
:1074D0005B8CECF7DFFDF0A3ED9C658BFBD16AA71D
:1074E000D09C911387D2C8AEE84A09BABBCDB66E1C
:1074F000E624DFBF6387E14C439A3BABF6D9FD2618
:107500003AD50DCAF3013A3A7A7ADC1C9B240EC1B3
:10751000AAEDD151291815976D5EDD6A0BEEA627ED
:107520008957115D7B6982C91F1DE587B2590F68B4
:1075300017812274FC0582D9F681D01134F9C2106A
:1075400061C55C256D02B6618230A607F30FB3FBFF
:10755000533612EF5BDE7CC88A7808661BB7CBF621
:1075600079FAF8789937D2B48F6941431037CC96BD
:107570001AC5B844182346D1E18677E9500A273B5B
:10758000A604D9567517C3AC6453CB5601A53D016B
:10759000EEF6E8C9D92848B6B7ADECFCDC26B44B0A
:1075A0004722543888298417E2D8CAE7ED1CCDD683
:1075B000D60F181D9243F830D19991CA90BBDBD0F9
:1075C000FE0F97511A41A09736FD9E87629DB2D556
:1075D0006A9348B073F3CD26595058AE0B3D960FC1
:1075E000F909DAC86912CDF8B90B62FDB3448333E7
:1075F0005CB38D0337837343D797CB3B737A161EE7
:107600008A6F721BA7541F75FE6C62CC68712BDDEC
:10761000D315B929E7B7749ECE6EE28B196F7A0441
:107620007ECEE5E85436F5E0FDAD242AB7D9E04337
:10763000F1341BE3C4CDBC75D02C4ED7304B24D4D1
:107640003BEF1A95177355DE1BE4C9473938981874
:10765000FAD85CD33C7C62367AE71822240FB1D981
:10766000CB4B7B796717794EEBFBD3DCB5E7246214
:1076700036916E46538AD6A11D393A9A36628E5299
:107680002AE7884C46CD88569B6FB01B03DD24B992
:107690001D1755FCB5129AEA94F702BAB11D444180
:1076A000E32A9F43C6FD239A5D4D67CB62007F406E
:1076B000C310B5479A468404C89130D4B05F6EB801
:1076C000238EFD32E1DFA6FD2A7B163ED798CBD86C
:1076D000D3053D6E172025739E6B1CE6ACE9B8639D
:1076E000B23ADD71F2F8B819C78F8FC97835E10960
:1076F0004B9BA32BFC48CBDE945BE6FCA572F63ECD
:107700007C5872A4EB1BDE6B6AE77C173E903A7FD5
:10771000EFCC2574375F2BBAF27D31C6077C371169
:10772000DF997C377A5F9AB91FCB4F1C72E11C7AC4
:10773000E86FB5A964D713F552C5B97BD73F97FF5A
:10774000C66467F0EE479B22B496EC45424868EC6D
:10775000BD6A46E3CDC7385C4DD297C978EC8D7EC3
:107760006E34E8A849A0EED3240D630255711EC9FA
:10777000ACC57BEE50F6E4532B228894168DF9EFBE
:10778000A231F9CE49A1C73B931333BD8AC74C47F9
:10779000E9988A8A5F8649336713DE48C96CBC99C9
:1077A00057D32A6D98FD4D9D5E399A2436724BB0A1
:1077B00029B26C81CB7B55C764DCBCE0BDDC8F4358
:1077C0009AD74674CCC774A1290A2E236C1886E96F
:1077D000248A47D18A4453038FFC3CFA7BB391350A
:1077E000FE8BE327718C0FBEBA9AFC7DF4B35CDD8F
:1077F000F0D56D48AA2E75D64D125A389A15AE019D
:1078000057365872C7BC7DFA96A3736C9DD6BAC919
:1078100014C73118E67C65EE90CDC591CB1F1F7D56
:107820006E01A9CDED0BE2A870FE62C50D0D11CC65
:107830006D8BE81E378D8DC38113D911520A3BFC25
:10784000B63E0AC5B094B6C3E3FDB3628480A7FA1E
:107850006560620EC1EE327B9E1D1DE5C519F19E6D
:10786000848BE8269E47EFE3BB28F99EF5E8ABE85A
:1078700099040D0F130E1AF863E35A42CD7ECF0719
:10788000215C2F530ECDD4F8D220E0DD822EDAE237
:10789000D56906BEADB6EB7A3B96B84D6B962EAC6D
:1078A0000681F27A9E97459E2F4D2EFA1E5BD0716F
:1078B000C920F90673DDC9764D1A44CE6F68EC769F
:1078C0008A527E091FAEF9B3EAC05912246D7B3B80
:1078D000E71DF3E56244D0303B57B18D1CC4A3FFD4
:1078E000A4CC641CBC8369F0AEC49F1F8AD13484CD
:1078F000FDA6913627FF50F9396ABC6B53A1443F6E
:10790000EFDA5C2C11B12B45BF6B73E1741E508D07
:1079100092FD9FE59D15BFAD883E89111B4D38989E
:107920006D9EC55492872FA036F28E851CC085C8E7
:10793000FADB46C2753B2E6F24F86D2336276BDCCD
:10794000B99CAD164E2B5A33A9F24D9CF3E916B7EC
:10795000B9B1389DE32E4E91FB1CB7B9ED5CD61240
:1079600077CDD965B86945A45FA3B871099FC106F1
:10797000ECE080FA49B3D249DCF8DC6C2D7887DB87
:10798000A8351C5F3E3E5E8C3D97C5EE251959EE2D
:1079900033263C4AD9B17719721687E8FCFCE868AF
:1079A0004B77982F564C8174697974347F16B67072
:1079B0002DE368AA32A9D72195F8F9F1919D3137C5
:1079C000CC619EEBFCCC955E33D79C21100E7148A8
:1079D000EBFA4583A8FA72C2943E697B236FB46ABE
:1079E0003A37C7D41267C8D8653B8EA890675C73D6
:1079F00023A09FC7C7B3F1965BE9E3643B3E6B4EA0
:107A0000C870DC925EA73EAE9DBB31F144340EEFF0
:107A10002677A3286ADC396754DD2DAA23367C59E2
:107A2000AA6E23D565A5EAA6E1663C47754BA96E0B
:107A3000F9F8381FDF6A7574723B9E3727D4D7D1A7
:107A4000DCB90AA9F899733B9E922E254938998E84
:107A5000A80153E73677C2903D1C5ED120862147AE
:107A60001BBB62339664C0FFB1F6A50D6D234BBB03
:107A7000DFE757383E0C478ADBC6869064E4237CF8
:107A8000134256C84676BF5C8EB1DBA044961859A7
:107A90002610F07FBFF554754B2DDBC9CC39EF9D17
:107AA00005B77A5FAABBABAA6BB952DF8EF862FA50
:107AB000CC57D1B3248F5B2F6793139D3DA61B6ECC
:107AC000907B849EB462426D6690A0AFEBA4F9FEF9
:107AD00090B0B84F60FB7C866F8E0973AFD40BA655
:107AE00076D587F045EBF533F5847E062753F527E9
:107AF000FD8EE334CDD4730A31A5A9DE5068A8A366
:107B0000187ED95F3064EA1C01024D9D50E09CF064
:107B100024A29C5EB42016A57444A1383DA5F5228C
:107B2000DC92839B4AA721203CEC10B64A0D4DA362
:107B300084C8880D421FF434EC6CB81E2F068ED515
:107B4000CA4EC36BDFD0927BFAFFEA9D9DAD8EDFFC
:107B5000F4E4B762B77466F78EDDB6DA33FE55E14A
:107B6000F4DAF5AFAC7FE1D353F774C02632C52108
:107B7000C718D3A5953E0F0D8E4D5BE88C2D238A3B
:107B800083C95128348DD2C736076E1DA54FB92041
:107B9000418BEADCF197DD82DA3E9E7AC873CA93A4
:107BA000E0DF76F1B5456FA0A7DE9B9F643C59CC22
:107BB000F8E74F325EF2DCB7C5E8F75AE915B0A630
:107BC0000D1EDF69DFBE9D5BA87B4E376672DBEB67
:107BD0003404AA5A7BAF0F9FEDBF7AE9FB1BC64363
:107BE000CB15035E054FD3DFCBC9F5E0B54C17EEDF
:107BF0003F5B759FAE1BF64E65500DA767078B5711
:107C000058FF080ECC85DDF5DD2F0CBEA52121BB6C
:107C10003B693785832DA1939F10DD045B9434B8B5
:107C200044F0B9DC774C3213C6639D00E9AEB6C5AB
:107C3000A661DCD747B7135CEA743D03FD4BE9242A
:107C40006EFB0D2FA304FAC00F98AC7C6D4F71AB87
:107C500047C2BEA5AB585F31F238A3D8B925D322AD
:107C600099936FEC8A74979D90EE87FDC2DBE111CA
:107C7000BC8F56DE1E945E0BCDCC4653DABDFA9413
:107C800028FA051F9F064A971E0E163D77CA4C8894
:107C90001974833A396442698BB59B87C63539D1EB
:107CA00017A1796629BC2438B53E72DDA14885EB61
:107CB000EBF6B1C6E98771F863DE6B08E17E6DAD66
:107CC0001CBE1A7BEFA324BFCF63AD7AFD0110EA7F
:107CD00007BE63F573CFB3363D6376F8968CC03D2F
:107CE000B0233159623852F1E040C9480C141ECD1E
:107CF000CAF58E69BD6DEC4EDC8D69BDD9A22A5ADC
:107D0000A55F50196CAB3029DC7FF985F1425D31FC
:107D1000D2FADA77F2740BC75FE868D5062C2FF831
:107D2000622B5DDB4A412E2DFA0892252BDC511582
:107D300023A04DD8B5B8F84E221EED1C83A515CB57
:107D400087B18FE58765C41E2AA5005C70C09EA719
:107D5000EF074CE0D94FBBC6DABA195A6509B16AC8
:107D6000B3B0472B60F80B25E7C57076FCA09A17D7
:107D70003E8BFAF5E7836436C8AEEAAAFE589F64E4
:107D8000267800E966FA7D709E45317F23F6F92C4E
:107D9000D1FC13E3EBC1EC7406DBC2F5437D9E6BB3
:107DA0006C090ABF228095D04B22784CE4233D9485
:107DB000E0113C24F5EB87340CAEF02035817733AD
:107DC0003D95D0473D4A6CF8DDD92C33C1C75924C5
:107DD00081C3014D0982478B8E964A57A4BCFC6D26
:107DE000B52524A07E1AEAF772263DA453E047A8E1
:107DF0009F955F846B1ED03F817EA6F8E787FA4887
:107E0000FF04FABDE29FA7AEF9C7AFCE29D969EF4B
:107E1000E85EBD8D575EBF61D6E74B78FD99FE09E0
:107E2000708560573DA69DF0590F60105A62BD8560
:107E3000E806FB59E6DE6EFA8AFB61EFAB16BEFA86
:107E40009C9F26293FF3FC23B598BE94CC2D7FF54B
:107E5000DCE846872A2E7A5444AA478FDCCC8FD898
:107E600061A7AF1E1539254626A368135F7D937C55
:107E7000852617532B894F9FBA4D3C4D692DD1C68E
:107E8000D3A20D13A5CE02F7B9B64C70C8A0BCD7CB
:107E9000D90CF29DCE662F6F2234570F1EA0546767
:107EA000B35255AFFEE08096E4F5415D0D062BD34D
:107EB0000713B8CA9D50FAEA64A4D6D5645299CA89
:107EC0002899E59A3B3F29A7D2462ABC5D96990F8F
:107ED000359DDC23CE3C2D3217918A68771E2D3BD1
:107EE00055ED96C0E499A11F44714C7BD7D6412033
:107EF000463046A8E34E5E405B3E7781D2902739FC
:107F00005075FDB2302EDD871BCD8DFFB9F6FA839B
:107F1000E68FA386FF3FF39BFEFFBD3E6A6C9C4647
:107F2000D67A7BD4D2978C5675FD582EC9FA351D5A
:107F30002B09519BF45F4F7FE927780D0F1051AC4F
:107F4000855DA924ACD74B7BCAEE7D0D76009DDF05
:107F50008D65D1B1186E89F127C01FEE7779D0CA2F
:107F600016FA187A055A0C10045B581063DF1E6766
:107F7000A357F2D88F638D52BFA409217A9F196F3E
:107F8000FB9D287DC2E93E85FD8EDA549BAD6DB523
:107F90004D27CE8B901015C2679B9DBB0AA9B4EBF1
:107FA0003F98A8B6A2388E7912EA0F85CFD2CF6259
:107FB00040FF052EE121F0ED0F3E2CF4D7797BCF69
:107FC000EB4ABF09EBFF93109AF45CE936451FCCEE
:107FD00037AE1F21BE63E2A999CD50771AF58D6B9C
:107FE00029B045B9060384EE52E86C1E5C4F267337
:107FF000CAB8A5F41D53863AB21DD683EBE9745E68
:1080000077D6F77E79EDF00337214D77DBB7735ADA
:1080100062FA0195B979E7764C58D756FB7644E475
:10802000E5D6DDEDDB96E9D207E783306333D42D67
:108030008CD4196360A6654B66C5B7A3EDE76A9B50
:108040001AE8A0950E425B082514992032416482FB
:108050004838B4DCA4C6B7E87F74E22EFD7F9FFEEB
:10806000EF2032A2A48892224A8AA86C44C991BA0D
:1080700047FFDFA7FFFFA0FF3BE871072919E5CD08
:10808000286F467933CA97A99462522A9522177DA0
:1080900020B4DDE64FFA7B4484543FA52551A55F0B
:1080A000EA557F3A47AABF89E6EA38E479E17E9D3E
:1080B000395258BABFC8142BACA02CDEA644EBCE64
:1080C000AA8C444DDDFD8B2C44726C539646BDC684
:1080D000106072563FEF94D909D2B71BF5D6359D83
:1080E0002218CDDF2C7754BA422E080E20C76AA67C
:1080F000866AACCEAD39E3339C1AA370BC13A6EAF2
:10810000183FD9FA7ABA3356A7610EFC79029CFA65
:108110009420708B68E6304FBDD3854B6ED46B07CF
:10812000A7CE35A38E6F6E46BD8EC4D92B8669FF50
:108130000BAE051822B258A4F7B837DEC8823681D4
:10814000F688422985A2701286273D3A752F3D6A2E
:10815000F062E1FA8CD5857BAB1164FAD2BD29D3EC
:1081600038DCE4732FDAD0CC079C2E74772631A646
:108170007471986574980DC1D5CC2C129762B08338
:10818000464C70396B24F4B78316D2660E2A30E55C
:1081900016FDAE1761605E236D4CA5133E7809672E
:1081A00072B046BE63CA3C0BA39D716F0C29C6F02A
:1081B000A44164DFCC6FFE09C6488388C749F344F5
:1081C000657ED7944B859B32A20548C1C719399764
:1081D000556354B98636128928AE9A8D98166E4C1E
:1081E0007F2FC2F38D696B70A9D9A9F1F1F47C30AE
:1081F0003486AB69985E8A6EA78DB1EA88EB0D8CE8
:1082000005BCDC53B8F71462EC4F8CF3B871AAEEDE
:10821000FAFEEF9B77E05781BAE374A5A989BCEB1E
:10822000B0A5FF26CD4DDA0C133A0188B4A6425C06
:10823000A2750F44B59736CFFA67A5CC8CBF31A68F
:1082400079BA7D514C536AD0FAF2D3BEA6CDE7CCB1
:1082500035E9EB3F94BEA7724D38F27D8F9AEAE77D
:10826000B9CA1395C71C0136A443B4E45195C4B6EA
:10827000621812F0C4107C9BBD08DC175F024265D7
:10828000F59220C7D119B39F27DDBF7F44319AEE05
:10829000C24652E15DE4995BBF97C84B07D1B26615
:1082A0003F395B0C1CB982424A77A852BA538930D5
:1082B000EA970CFCC24D6E6C05CB2C2D88D76170F3
:1082C00015ABE01B498CDD6B997C1ABC2D952F8B6F
:1082D000618D4CDE0267399688122F390D89689BB3
:1082E000AEAF9FF53789DA8F6E850384B7289CDDA2
:1082F000C213ED59FF0E85D35BE110E16D0A8F9833
:108300002B77D6BF4BE16366999DF5EF51F8AC5FD3
:108310000E850876DA78116DB54C0DE9541987236E
:10832000751E1EAB532F612F04E554A60B6CA06283
:10833000FF4AB49373BA6AD20D67078CFE7AB359B9
:10834000A7F5D3A039E774C56DAAE6F696A2FFE0BB
:108350000B5C1CAF0EC2EBE959FA1D1E466279FD9B
:108360005111E11670707EABA3C4E9BAB8D851B010
:10837000F3AAB369501410D18E4D254A5D0B6E9E41
:108380002DF13ED559A461FCBE74F8C2E57A494B83
:10839000CA71F620699DA711FC1DDB44F359C9037E
:1083A000690518168B17DA2AC91DDB18EEF6981323
:1083B000E76A04ADB73A0D2A1AD5E72A1A5D0AB35F
:1083C0009B025309F103F734E81FCD553E0BFB84A4
:1083D000203804553EB49C1D38D1BD76703F708660
:1083E0005B224F7C7313B34B697E6F675671C2DE9D
:1083F000B8CA5AC63FAB6575415E9BF3726D2EF1EC
:10840000E78A57099A66BC3417D529772026873B17
:1084100076784F9DE17D84CE84D95CC97C9AC55B1A
:10842000BD5443DA216966669E7ABA6776CF34FA1C
:10843000212BD0DDF5D8C136BC4EC7BCBDBBC28B2D
:108440006A7AE9C6A624D7094C4EA3649F5FC6A7E3
:1084500092D3C4BD4BCF116544070D1C70D7D30216
:10846000FBA5BDC6254ED889E747797F1FD0A69FBB
:108470002B74E3AF17DEC20D659E1B086DFF4D0820
:1084800035654B403D967278CA3E0640AD04BEBF8E
:10849000510D4A712552DF7CAEE0C68A10DF42588A
:1084A0003F1F2A2BC54F41913EA2807DF52FD279E7
:1084B000D5F3B12AA5038A2F161DA02F02F86C70E0
:1084C0004A0B4D671A0C39BAE0D38194534E1332DC
:1084D0004B22817DA9DE8A5FE4B4DFD27338451A6E
:1084E0009C0E44504249DCB3C9040F63B9AE24CE9C
:1084F000D5F1256A3D46DD343BE9704620C66D580E
:10850000785711C4589A11A4A62E836687863E9880
:10851000E2FDEA8C85AAAEA7DFA2F3A02F8E418EE2
:10852000241377CC66838805156B2B5885C56FB1EE
:1085300081E133E9D9F26E6601177356E467E516F7
:10854000323050CF4E4F061E8800FAB7D5BEE7D75F
:10855000ED3946D947A17E0BBFF1F999BA36060C21
:10856000F5F99CE6E0D8268CD435C361A78DE85395
:1085700027BFB4D341F424FC6767F3FCB236BD9A3D
:10858000E67AD29C45AAD61C9C9FC7BA2931AA5626
:108590003FD4A7A9AEBD7F5657B5B7E9499AA714EE
:1085A000F754134D0703A7B5971AFEF36A0FB26885
:1085B0001053C24B4AAF1D0E9229C54DE9A7095869
:1085C0001B53C203545A63B5D9DADE24FD1AD59D74
:1085D000AA57C4885FF3BAADD22DF84F955F40B665
:1085E000251E11E29C4F547EE24C1DC351FDB26E1C
:1085F0002771A618750AB6DBEA74701E6CCBDEA470
:108600002F169D794251267888F82DF3F198EEE7E0
:1086100020BFA0CC234DD7C669168D029A50917009
:10862000CE8F95ECF9203F254042CE09EC6769D406
:10863000D621FA55A4320112F9E5AAAE0D66790ADF
:1086400058A4232CD7A3A0C3A2937ACACFA34DFAD0
:108650006508A133DE39DAAF2AA74821E76E1F3655
:10866000EBF500FE86DD1BF77B09D67CFE195E3C30
:10867000110B83505FB1C04604796A877F9F8429BC
:1086800070267E762322D507273EDE11CF8A14D9A5
:108690008828C29F0A9A67D8D0112EF666DB271C5D
:1086A000B49457993ADD3870769741A4FBECB8A999
:1086B000C5F331ED6B4172E930E288233C5E11A2D3
:1086C000FEA7E7E14D3F1531011F6EE3BB11DE242C
:1086D000531CD59CB4BE2EAFFD8CC347FCDA6F0F84
:1086E000ECEE28AD65D2513A91078D30B245BC0110
:1086F000720F543105446544B7D39DC1CD0D554427
:1087000003FE7E16C58486EC50D80C277386F36D65
:1087100079383F1F09BFB9D15821E56226829ACC2A
:10872000F0D68EF2413F3BA291B2344CB2D3EEF57B
:108730008F02BA0C2D7BA999ED249552CDD857CD37
:10874000C4940363850EA529F8C406169ABA600678
:108750004C69BDE562DE0D375A1B2ADF0F37FA9DE3
:10876000CDADED7B47F4B1C71FDB08AE851B1DFA0D
:10877000390C1D274B06D1D67C1CDE61E98536BB42
:108780004F8D7E27586B43EA88D051C2D55A79BAAB
:108790007729E28CB4F93DBF0FEE2A54DBFC9E0E24
:1087A000445EB49CB807D5D776335709185EB1CC70
:1087B0009772A6527C7B419EEF5DFA3A9DD22CC502
:1087C000860622E84DC10089400AA6DE1F14680E05
:1087D000FE35EDA5DEBD32B86D83F95A90EF05F98F
:1087E0007E90EF826E9DD168D62C81F4C4A38A3826
:1087F00023D3B4D31D5D389E3DF472FB1C51CEB320
:10880000CA201F911339A9DE785390A765DADC29B5
:10881000E9E4EBB81BF2D1DF998162980BC32F3AE0
:108820009B126A1C95CFD5D90E0D727577B754BEC1
:108830004B3DCD36A66E4F03E7E9297FBD247F214E
:10884000074A2CF8B87CE472BA18A1B1FCD5D289D9
:1088500076B574D86EFDF787EDD6FFE2B07D4B5D3F
:10886000E32EF1ED2AA76CDB9EB2ED855396F2BFA5
:108870000B2B577FA4F267E5E0968AD388A83BEFDD
:10888000D4203E3F1BD0A13DA691129ADA37F7EAD9
:108890005B755D9CF0705FB6187B45B140DBDF8790
:1088A00065CC7223C5D49E0F92276890AE89C58689
:1088B00057E3C716B44CED06CF88E644C21A7CAF26
:1088C0008D77DEBC750C6C041FA9B8F36410F3B28D
:1088D0003E04968E682A08EBB7D0F5C45BC8D1B1C8
:1088E000399AA9BFE115352725328BF5BFADFD9D1E
:1088F00010999BA8736E0D2C0BA263481811105A87
:1089000079EF29E84D1438DFB994738E92878B5430
:10891000E706A1380C9B4FC36B7097DDE5E3AD48CC
:108920009346B70A61428A8F6473E34A1706164773
:108930008B902DCD2206A51F165D7AAA4C9592C666
:1089400048D3CBF0DAEDCFD792D99BBFECEB827C4A
:1089500014FDBAEB6FFA2AD0EA3C4E731EDC747633
:10896000C25EA55B1C237714FCD9CE926A4A687359
:1089700018DE6F1EEEE4B7D865FD39F295373BDDA2
:108980008785A4DF206C776D39C3D91F74078D8666
:108990006F22FB8323161C2D3F5BCBB511D25FBC2E
:1089A000437B3CA2100248EEC1F165F12C6319A68D
:1089B000C8A52D08D6367192680370F9516082CE31
:1089C000ED4F271B11A627E9251DEB99286871A1FA
:1089D0008C8027C850CB5022D27ED4920D47B9CC80
:1089E000FD1AA47D5DC2B68954E3A5021DA74064AB
:1089F000B39D8798A171AECE284008BB1A8586A288
:108A000057C71412216A75EA9CC24FC14B2DBE3E56
:108A100038EF5CC31681462F211CC4B28E4ED5049C
:108A2000EC233552C72AFF53E56F54DE51399DC8F8
:108A300077FCC0CD37A19C6794F39872E6CF554E72
:108A4000B4C3A6CAEFAA7CDBBD391EBBE41B38AD9C
:108A5000E0B13E668FB7C968AAF46E5508235A2163
:108A60008491D17E046496F385831D9E2A01F74587
:108A700074E748A415E31B888C7222DDE89BF67E20
:108A8000EB278A25499B1487DF4EB0859F4DA8B3FD
:108A900097DDFDB812472AE0C2C1FD3643033ABD57
:108AA0006C71B1D0275EA952161562A22964A10289
:108AB0001BA4BDBB05AD3FDEE4BD8E04339349D29C
:108AC000DB4EC73EBB2871894C0B300B75AF2AECCF
:108AD0003F35B25CC1632C2975F6FCF22DCB675D86
:108AE00084B4EE535EF7FC4D90B7BB1D7C52E32C73
:108AF000AB26091D2202FD9E771C2660D4F9018554
:108B0000C0DD4D044B3D0927DECCCBFBC7742450A0
:108B10004B631F9273136FE8A5881A10409C53D4BF
:108B200095C9755AE6FACEB9583C76C0431CB07C5C
:108B3000982D71C05CF4D774846E3E22F4D64EDF5B
:108B40008577A0AED4775F217052062EA984EBF210
:108B500030FF549D2461A5B3883DE4362C68B5FDF3
:108B6000EBD469C83057F8CD37EF0404C440C20BCA
:108B7000010A575224EFE61628931082132C48431B
:108B8000EBBEC34F96063943B839E8EA1DC237A792
:108B900084F30FA83F5AC58D0C6F02C82D8CA759BE
:108BA000983422CA3773F235B769012967A3D32EE7
:108BB000F0B2D419E08B5F1146A69745D76721C361
:108BC0005A12C4D4064E4E220C66DD191114567486
:108BD0001AAE3DFB33D3F16138A303688621A11C93
:108BE0008BAF741B8DD9BF20CBEBE4EEFAC8C56CFC
:108BF00073CED26C4AED4B5950295451757F78048D
:108C000009D1319D36BDF30011E323B08887CDA88B
:108C10007B1EA63B6DC8558D6E6E4644B8980C23DE
:108C2000C3393D0EC70DCAB40321D19D14F98E6F0F
:108C30006E8E91EF8CF31D1FF944089AABA84F601C
:108C40005FCAB0B894DC07475C83253FF538E0E79E
:108C500087E701DD4D7A4218887601E949792D725E
:108C6000F6FCCF808EB8443E2A4006CFC5AD4136D3
:108C70007C977A65E43CF8599E84A2238AA63C3806
:108C80000BABD54946387FB475556A72924D357E27
:108C900061F941DB1B9000A14D37511B99A9FA01E5
:108CA0001340B35E5CE6A0CD3C1059D27463534DC3
:108CB000373659784D7BB3F21BE290516340BD5477
:108CC0005C7523A5A2FCB70111B732923E23FE3B8F
:108CD000339136CA8930C507EC2C1ABEAFB0EDD837
:108CE0005B2E4FF09F069195D181F3265349139443
:108CF0003F5F959630BB397F534903565D966BAF06
:108D00004A33E53A21AD6E9BC6B8894087025BE1E4
:108D1000CAD572D793EEB59F644A0A7D13CA7427E9
:108D20005CD89F9CED44FF8874B63BCBECD08A6442
:108D30002AB2FD378A58A049D18A83BCDD2F3C9BDB
:108D40007B6ECFE852C027155BBA12D4B1BD147048
:108D5000CB5F9B1B21B8B078F9C99C8E3E800D5F1C
:108D600002DE694808C024CCB7086628FC1CE1BBB9
:108D7000B2312FC18A3811AC439E40AF42FA06D1BE
:108D8000D434D1FEC626A5B02CF4E6ED2B6471CF09
:108D900077F5CDFDB86606E42EB31FF70DAB704F27
:108DA000092613AC811000A6D5CD3BDE37B5DBFC20
:108DB000AEF6E9FFBDC6E6EDEF6A0D7FA54F876C05
:108DC00085A1906D9C12D66077F1055F4EBABC9C70
:108DD000128A22C21951334261CE882C3DA54B25FF
:108DE0006F5C81C5314190E6F04AB5D5E6ED0F04E0
:108DF000AB3816333F8340F4DE6078E61DFAE511A8
:108E000028C77E0C0515415B0E4B05A86B435E5EC3
:108E1000EEB47B0782AD3377FB40E8836FEC6B6584
:108E20001A6CCD2B17D91F8EE0D70270D0C02288C4
:108E3000C3B38A45CA7FADFF6895715ACA7F253290
:108E4000B2DEA5D362C3DD0BA9FAFC0D340339D41D
:108E500076581DACBA65A68C90B45E6B1047A74CD3
:108E6000CCA982B2B218B7401A3EBCECAF20ED825A
:108E7000F0318B7E9C6095B01EBA588C4B89C2EB4A
:108E80008D5D8C0A10BE01E0DD1320245A98004746
:108E900016FC8AF258BC6550E22D047376DA1D1078
:108EA000E369AF5266F07B3A921013AAB23CBC2041
:108EB0009D3941EB77F330A608E8D4BEDA0B09EB15
:108EC0005F83EE813A0C4F089EE80AB9829237DD43
:108ED000660FC2F7DE94D7A973FBCA578F8ACF26D5
:108EE0007FBFE6FC0F28E32B0E3DA2D05B56912DF1
:108EF000E0C75646880316D500537865D7E384014A
:108F000018900BA8EDE66178D833DA743D6F37BC62
:108F1000F4086EF7425196605056BB3E6DB25DC488
:108F2000D2F1BEABF67CEABCCE29B4E6FB8641C2E8
:108F30008A476FF15A16787B46D302C07FA8F6D4D1
:108F40001A86EDABFDF0B050DBEBD99AB939D4BC41
:108F500016A2092A5CCECD62CD3ECD161DBDA67AE5
:108F6000FA595B5FDFBF151EAEAF575BC292F6DFEB
:108F7000A96744B23D6685BA524C396BC9E34EFBD2
:108F800056F8CECEC7778E7331C603BC5A5F7A923D
:108F9000F95DCAB099318299B1F6C13BDEE4B97A84
:108FA00085BD82C06B5CA1D0BFCE5A966921B5CF7A
:108FB00008A5EABE5D5F9F0962D16AB508F5028C1B
:108FC0006345AF08F50451F9BD05A00967D43B041A
:108FD0000A4A748624C0584808E94C3160169BC27E
:108FE00062273492673441DF990E02D9F7ACD76714
:108FF000245FEA385080E34A44C73F0A2A11B0CEC2
:10900000F1DD3D3692A47A97D07C8B0CBFC55F3BD7
:10901000166114B5D392F0260C006A15BA4A78533B
:10902000D1C2957C4EF4B6A3993A2DC5EA35A53444
:10903000757F4A18DB6C27670D36A87F3FF1124E0B
:1090400032D752135F53FB4587D1341CCC57A0B89D
:1090500049BC8A0233982D35BFB993F90EBFCF684A
:10906000E539D83CBA484BA5C5B80E61E5501ACAD7
:10907000FC98E33A627047CE6E83C78B8C7806D833
:1090800031C1268BDB381F03E7C391C06E7729C23D
:10909000085F839104D1EB46E788F51BD500115A90
:1090A000223422624420DB0692BAA012C2184C730A
:1090B000E708E00AE50EA1238D950F582404A126A8
:1090C000B422E4778756046974A7246071B4038FCF
:1090D0007F61828233346034D0DFF0E8E245A8213A
:1090E000B1FE86146F781CC969369AE6299A3E8EBD
:1090F0009228D75C170C1E49DDB469923EF50BBD72
:10910000CD9A9B4715217AF457E4E7239EE0186D2A
:10911000C5471B5B0AFA9D0D88BBDF36119488B9E1
:109120002893F195F04F358B497308209EEE8857B0
:10913000F950E7CE75957925FF48D7D231E5F28908
:1091400042BF4A866F8126D3E1039545EFAD57CFE5
:109150003450933A6DDE248326627D3ACCD2389621
:1091600008700529EE823E580A2339C56D85D7D788
:1091700050CFCDCB4C425096439F7E1A02F1723AAB
:109180003158E4447B71AFCFF007803B2A643A0B3F
:10919000C16B3FE0E4A514282AD9078C98054C1030
:1091A0006044D6DDE5B365CD43E6F731054BD45ECB
:1091B000859449868B1C47C318D7FB419FE21DE667
:1091C0004732FE795641295B1DCC9453E2FC274C73
:1091D000782EF390CB140C93589EC76EB90F0BC921
:1091E000D9AF2A78FA372A80EAFBB59141B652A85E
:1091F00030F0050BF5039AD30DEF7F460DFFFC729F
:10920000435165C059BC247CEE7971D888FCDBDA07
:10921000F759B3DD470FDC993846AD790B5CEAF5B9
:10922000F57EDE02F35EE5AD82E57F54E0818ED40B
:10923000D4A597F7378F08E5A54382CD6EE14FD9C6
:10924000917EBBF947EBA881AE24A6D59C05472AA1
:109250004738AEA5999AC8984E14E1B7744BBD52E1
:10926000EFD54BF5557D549FD527F527C3A38E8D9C
:109270001AEB632F171626CD0B54E8B4E8683A12A0
:10928000BDE38A0093B7055364C276D291A7E91073
:10929000D101EC450C26B49C6055E47C67E67C6704
:1092A000B2753582D83B4E21169D92174298256B98
:1092B000E6AD632AC04CF56328EB9A6F4795E574D9
:1092C00049017B5C91C68E1BC96DD6BFCE856DD71B
:1092D0008C82684975EDEF978F02AAC12D7FB0048B
:1092E00066D82C8C313A7D0B9C76E6348D05F734AC
:1092F000D4A7CAF9FE10EA13598335A070942276D8
:109300003C43519BD7AFB106599AE6E19E5787CDB2
:10931000E8BC4E67A818426845236846BFA65FFEB2
:1093200020A288BE542E561A2007C22641280FCAF2
:1093300036F9A3AEF46BBF05C347BB047B3A017C8F
:1093400073829C4CFA59B8EFD58783E4623025A02C
:10935000D2EFD1FC30BF84DAC9A9963297B957DF72
:109360001C21F52177AA09FF075C6F97CE4263F3B2
:10937000423F549AC94F1194A26B47FF00435513C3
:10938000E6B74D774F4EBFF7FDF5F57868AC8B68C3
:109390003E6BF8D5C5EABDC42D680C65D2080751EF
:1093A0002F5DB80F5B83F3739D8C76612ED3D3CF83
:1093B0004C911F28C26645B804425C008A328DC7B2
:1093C0001EB4145E4187980EE407A045200AABBF87
:1093D00086E0E8BCF4BB1E1E0366A75132BDB9E9A6
:1093E0001FF9C5AE9461A4E7F994EDFD4910DD8540
:1093F000C50CC2454DE35F60758F8A428C53E98F7F
:10940000E88AF07A818CEBAC4747BB7D2742FD2A86
:10941000A7FDF01E0750E0C6B3DE5E7170E722E2E2
:1094200099336E1E989798670A12C1501A88F9E905
:1094300034E49A11927A09A17CC59790FEC49DE00C
:10944000038F35C65EE09B79E5A081F18B125DFD4F
:109450006261AC8C0B43B9C260CA620809C6F632BD
:1094600066B7D32F504A3BF20F40396984FA23B8CC
:10947000D60BAF1301C5DA30D410AED1D1F2B5AEF0
:10948000BC729939FA793577F4B3618FDE4AF818EE
:10949000BDB9B905C92C0AF9B04112253351266569
:1094A0007C90A5DFE8042354FAF74D350C4BA14519
:1094B000AC981A835196DDDC6C816FDCEC04A2BFA2
:1094C00028A7B1C543E94CA7FAE3F374DA3029843D
:1094D000CDDF1EE38CEF268F6D6E9CDDB89887AADA
:1094E0003E344660365984933DD3A7D83C2D78F15D
:1094F000F0D824DFAC47F7044C80516C6945245701
:10950000CF89686EE49B1B9B3E173086CC3CE9DE1E
:1095100087E003CC5E1088C4D4A9FC4D23EF80A55E
:109520001685396766D204DBD1F488F15CAE454F0D
:10953000731842E1A76AE66486906903C98CE14228
:109540008BBC3A73A3507FEA27F64DE838643E9F00
:1095500030B04FCD07B8FB442E3FA7C68842A1A923
:1095600020421CAB004DDB2911E234F69139D42F97
:109570000AB19CA7C0FE820B22CA9D648ABD00323C
:10958000D3E400E12EC1B9BAA2BAF8A19BE8EDA4D8
:10959000252FDD44345FF17AF79E7B57CC0DA25620
:1095A0008336D1A14DAC8F4CD56D9AA1CEFD3651ED
:1095B00091FA2B6269D1D0B7FD70B7E11D3426FE58
:1095C000ED71379211ECB3707EC7067921C7C51AC9
:1095D000527C221C8ADE148F3AF663107CA34B6DFA
:1095E0001AB477BE51982BB2CB1DF0220D82A9FA86
:1095F0007673C3F5D627D16844676C5001049EE1A9
:10960000BDD0B446186AD2320FF744E4167305157C
:109610002C5C2D782A3BF599D0A5E1C82B71E55932
:10962000EB70C5B3561E1E828E778DFD08AB365C7F
:10963000834E71C43F46E11A571B9D63F57A23F7A9
:109640005B119DAA97AFC61EB478FC1E1E2773A39C
:109650003CBDF13FC9C6E9A4FAA296AC6C1AA87D3C
:10966000F75BCF2BE1BD02E304940D7D7BCF05EFCB
:109670006F55F0CD21D857055CBA3F2B196C25F3F7
:10968000F9FCCAA052C9736F4D5D152A4131286992
:10969000228C2F7DC27932B54B442D61515715AEC6
:1096A00062F528B86A41CE987E86837359A4071064
:1096B0002CCFA251F781DBC683D56DF0046F061D58
:1096C00009E4ED207F63829B41DE41E30FDCC61F8E
:1096D000541B7F208D3FE0C689C62FDAEBEF1E4179
:1096E000D85BAAEA10A09AC0A69C22D24EA7D2CEDE
:1096F00077B79DEFD576BE4B3BDFB99D79FCD0ABFC
:109700008FB2C1F7077408D7E9B6957BC73D8E9332
:109710005D3C2179FA637127584953A822234D9B58
:10972000BE7AC9275A18D89D9640DB37DC1A4DBB44
:1097300090E8E729B4A61F42E29A053650E9FBD625
:10974000699C9E0CE2078808938736CD1ABE957BEC
:10975000A4DF563382445C1B857A8123C15BD8F831
:109760009D79C97E93A65F25BB20AC138ED96B145F
:1097700031465550FA4415AEAF53FFBB7EDE6C56F2
:1097800053124A4101A2BE7D22BF0BCC1F048D871C
:109790009E10C6618684974FFCF2E4AA842DE48172
:1097A00007A03A84CE3C5C3944BA272106F357F32C
:1097B000F9F7E7CA0A25982E51DF5FC83A74CD75CC
:1097C000594DEFD940AB644B4252C10AAA50DB66F7
:1097D00034FB2AD903C33A2A534BC0C7164C084955
:1097E00022742012FB56264B3931F2EDCE0FD748AA
:1097F0005792F490A8FFF9AFE64959E83C64A8AC49
:10980000E38D650E5633541609C541D22B5C0C848A
:10981000B5D48146D4555D00B87E5448FFE9E7B819
:10982000721C82A5ED9576093E3987241DF1566C90
:1098300003081863493737FA9BCF7C12FDAD3C4CC7
:10984000E3D6384B273ED564428A2B3292311496A8
:1098500068F0A344C8656E78429E69D2E62460FB36
:10986000D0CB9F06F90F220A7C1043A15CBF39DFE1
:109870007E13CD6A316C901E42807B78B6A65E78EE
:109880008433EB0F6CAB4967EBEBB7606ECDCBB0BD
:10989000017918902DB2DA3F1036F25914F4DA4AF1
:1098A000F64886DE8F4028BC8E82899E007162A1B8
:1098B000484493ACF88F54B19CBB53E4C69333F542
:1098C0000EFBFE1675423F60D951F35C1DD165EB6E
:1098D00059014AAB90C4243F987084DF9BE101BBDF
:1098E0008C2016D44B8681CCCB16EE5C83209C83D7
:1098F000442CBECE02CAF4CB648803D0853DCB5342
:10990000548C6EC91762991645B40912CEFE10F137
:10991000202B71C3D2C88D51CD79C9FD891870EA49
:10992000A0ABF17B55671C0EB3EF6C644696DB9ED3
:10993000E129F8D8E59F7F916881CC679014D4B96C
:10994000C300F2E148346E654478AEA030BF5730B2
:109950003D47A4CCD98F3A2B1F9EE209EC84F041FD
:109960009B70914BC209124E4DAD5B2C975519CC93
:10997000A7E2D4E43D601823A0CDED633B93E8B4A7
:10998000247A0B10CBE023B43B408313E742CC4B4B
:109990004E9E3363A2E02E68C81F507842795AF871
:1099A000527D516FE82F4066F41DA8904D72C9A4F6
:1099B0001F435D1833FAA5072DA9BB7E90C7F85148
:1099C000FA7E08C5B4BB2A8F3C49D7F7823CA1F286
:1099D00090BC4A43505E77E9CB33EACCCDEB8303AE
:1099E000FAF3E8D1BC661593595519B9C17857F9FE
:1099F00010444FAC4F895CB4B26C03B05F388672D0
:109A00008DC37CC8A720540F286874A6BA14841C80
:109A10005E98CF28412E5840910DFB88C5D56A220B
:109A200011E438B97D4DAC7C70BC25AA4CD02873AC
:109A30008DA0A8806E9EF2DF09ED2B48F55FF31B29
:109A40002175011A5E7673317D65A82C477AB06A5C
:109A50009F231FD1069CD83BC0EF311E4057A21F49
:109A60005C1F07EDB99F5FC04607C45AF158918F3C
:109A7000990FBF06A23F8789CE3A804AE686297AA7
:109A8000F58A936065B52E1AB96B341A9A25A89990
:109A9000A16A7C4EFCEBD79CED4C0F46369B7A6559
:109AA000A091533213FD5A6E653620B08BFE723191
:109AB0009388891AF926069F553EC5AEE8571E10B1
:109AC0004A469D8C1220D175EE0D6609562139014A
:109AD0001F7523A4BB5FC8B1CE21EF5D687C40E257
:109AE0007BC990507E58D1F812E6502E361D41EBBE
:109AF0005FE3DC83C956429A698F983B8E2DDE3135
:109B00005F1885215D1666D429B1F50836A1FB16CC
:109B1000FBD69560AB545D72C2D9C28B5F481EE222
:109B20002F6DAB779E601C31A45D3465D435FEB0DB
:109B3000580C21376B2D49284494DF11B999BFC4C3
:109B40009F2FF8F3187F3EE3CF27FC79813F4FF03A
:109B5000E74FFC798E3F6FF0A78D3F1DFCD9044D78
:109B60001EF3733940922BDD6210BDCB7FEFF0DF27
:109B70006DFE7B9FFFFEC1EF90C578EF592EB09729
:109B8000D0AEBF85ADC8BB870E61FE904779980FF8
:109B9000D5C66AD61BF664829ADBDC0AD4E73C970A
:109BA000A9A90B09DF9A799AEADA5A431A310D35D5
:109BB0005745CD210D9FC69D60DC3CEA18BD8CF059
:109BC0000757185B165E3CB5F9914B505C6DB80CAD
:109BD000224F0CB1EC5C1DB32C77320F3514B51B42
:109BE000D6F69150E0D62310CB75B7FDEE9491E9EF
:109BF000FCF7CD9E977F698653057E29853F3728E0
:109C00009CF25369260FA6F96324B725F91392191C
:109C10000A897463BC89EE8FE48A5F79F0DB2118CE
:109C2000C3EFE65118E177EB284C151A48BEB1A2F4
:109C3000EF378A5168C4841E73CA26A7E029EB1344
:109C4000A7B41DD57A7BC650A1FC8BA279FBD4C8E2
:109C50001F4357FA33DC497C2A9734F2581C6EFABA
:109C60003D8271E5C8BF1E0E684F7602FB9EDF2065
:109C7000E86F665D8EDDB4B1B91BBB65639326C525
:109C8000364C6CDBC6C6123B9FFFBD65112719B46D
:109C9000348CA3A7D33082FC558B57A944957951B6
:109CA000186B65B68EC9542C154FB035E9380D0DBB
:109CB000C877693B88706C08A9AECF445FB5B67DA4
:109CC000EC0F9694E5C84F36B263C56639FA8B8DB2
:109CD000DE2C646839FEB1C4CF993998A3E9D2C0AB
:109CE000F1B548AA682BA992CFFD6BD940BE6C3D57
:109CF0003A03C18C65954F7B959DAB6BD11DBC0A1A
:109D0000183D9CE392962CBE83E912F22CAA77852B
:109D10005C61DE626D3EC5D3F72D3AB70F629E7C63
:109D2000F67A7D3A5BD858AC79B72D9C93B4A0F104
:109D300027EC41847CA626A0FBD7EB814550341547
:109D40005A313143ECB4210868D535CC4C67906268
:109D50002CF2F57A7AAA86E16007DA357ABA3310FE
:109D60006E9D4186F22F0181E439BA6E0496A133CB
:109D7000AB46F41331564F431A4CBD11B482084020
:109D8000C3E24917564744E3B090DF14BD797042EF
:109D900062964DD461660E52C28774B3596342D144
:109DA000D4671E308D553029BAA224E4641A8D7F01
:109DB0008DEC03F342F9C89437D20F82B1DF0A2346
:109DC000BB22E74DBB58BD6667A31D0C7B27DE1980
:109DD000DE7A75478D717F43CE2CB4387FAFCC12BD
:109DE000B9599AE75DBD93F772D6E32238F7036D50
:109DF0008289B1E2501BAEAF3FF1CE9B289A154548
:109E00007DB60E2B93E6E8AFC96BA978A4A179675C
:109E100045CD50CFB1CA1639A2E031349C71F073F0
:109E2000EE182B64146A9398B72CA3DF12A43D1983
:109E3000332FCFC6C93E8D1DBCA9F8E0F802F3B29E
:109E4000618EB5D894091AE0E4072B5669B5FB4337
:109E5000BEE88215A591D6D61C1DE648AAE7344C6B
:109E60003206628238954CC4761E91F41745E8C4D8
:109E7000849C27DA4BCF1AD6669200169CDB85911C
:109E80001B43247CEA6BABFCC6745D62BDE674CDFB
:109E90002F1E250F61E2B5406813C8D1506529FF18
:109EA0007D6D8F277B7831B1548745A17A50FF8033
:109EB0002AEA2C6EC28D6B334B96FF221AF99DC095
:109EC0008494E15A58EE05C15E4AD731E245BAA5FD
:109ED00064F6BFA384FC2398FDE68D040F27C58795
:109EE000D22F2589A5AFF8E1C42621BE5C421B2EE6
:109EF000DF0E7EF6A6706C0B89CE75E8705A8E6503
:109F0000258B7D9CE359B473DBDB6A6CDE86994D4F
:109F1000BAB90D44D07E24847F8B794006F40C00BE
:109F200088EA6F6EA400B9506BF336211A46A6CBAF
:109F300076D4286C51126BDD10663D55C756EE0B7A
:109F400067C77121F23557B60D42BE4AF0B6D06DE3
:109F50007826122761131B177131621C802FE1DDF7
:109F60002E142285898638B314C5645BD45D50D421
:109F7000AA72BB1C51EC9B6A727373CB60C7867B61
:109F8000505ADFDCEF4A61367A693074429E0D3FE9
:109F900045BD52AF5AEC8CEE653A627505BF7BE069
:109FA000654ADBA7456D1E620E588DD348CEB8B802
:109FB000BC5C3F20818A9B5ACBB39C1058755810CB
:109FC000B0F06BF0E1336B5F009CCB6EE2585197C1
:109FD0000701B11D0F6567A1B72423DB0D2A682D8A
:109FE000891368E49285D792D0505E92438EB62949
:109FF0007529464F2C513200F63DADD01D6603AA9F
:10A000005C70B93333726F6A5A609F2E76D3EDB4A9
:10A010007B0B5D092ACDD2197E58BC9112CE6664A5
:10A020004CCD196A56A79BC0D691BD6F3F164C7A8E
:10A03000B940E89E1BE659FC425FC182FA44E7033F
:10A040000AFAB740BB1A3B2025C1D89AA693C2553D
:10A05000030F2067BD27C373ECBA6CC99C9936D730
:10A060003172C5139A16DDE3DB085AA3D01D55C023
:10A07000C57F30DEC240021B287CA150E6C42AD333
:10A080004BC5F3E5BCC2283EA50E1C7A2333723BB8
:10A090006CDCAE09DB89997895E1AAF862A926A95A
:10A0A0008A29C5EB92BE1C31F4F2D15A07ECE9CAF9
:10A0B0001282DC5551A1636618BC998A8EE6F2F4CF
:10A0C0009F1FF3ABC750F35B44C4A25EF969350E22
:10A0D0006C5E9A63A1BCA52EE181C8020A9CE7339D
:10A0E000B790DCA6B28E4BBBD481FCE2C22CD9B1B6
:10A0F000822BD8ED7A40334CE313C4AE790EA60F11
:10A10000A28AED4857896AB29538107B84F0C3540F
:10A1100064D5294242171CF6B14AE666D0061301FF
:10A12000237152E935E5B97023C0D93FA946C85318
:10A130000261870EAF16EFD1366261B8D6062CDD0C
:10A140007A1F0D7E4487B2B64FE32285C42FE210FA
:10A150002615A211A748FE8C59E74ED33824E906EC
:10A16000FE080D2AC8E053A344F52E352AB28A45CD
:10A170004908B4289C98E50256524EDD4F73D99495
:10A1800030814808D711F92EBDA20D9D4D73963E22
:10A19000005FCF78BEF0E78915F3F14A38E0066832
:10A1A00082ADD86465BA4DCD450DCEC44BB913F719
:10A1B000D3372C723BDE3A38AA025E57619F28598A
:10A1C000FB9F8BAE7C775414FB866286851942DE3A
:10A1D0007E877A52DB51E0633BE886C10F2BC56C6A
:10A1E000DE263626C42998C1BEC1732F17D9FC8D2F
:10A1F0002D9FD9A2535694A34429D5E1AC5CC71630
:10A20000075353EA9594C24BF74010CB03E06BE73A
:10A21000043411A16290BF9020E420BE2BFB9FC3A9
:10A22000DB1F7A2CCCFB1D33917C43E1635B3A3915
:10A23000708526B461CE5C015455B2AB927D21018C
:10A24000923DF3BB66604FC4134A5B24C9A14A1E0A
:10A25000A8E4914A5EABE4954ADEAAE49D4A9EA931
:10A26000E4BD4A1EAAE4A929FEA3C2E7485E16BBC4
:10A270007A6691309831D04A6EDDEB64376C576462
:10A28000338B6D609E5293DD06D131DA79F402573B
:10A2900083D544C399585FC33B60E1D78FDAE9F7B0
:10A2A0008FB09B77892678CAA490B5716DD86EACB3
:10A2B0007D85F6370B6FA8146915E40176461235D3
:10A2C00059D09B4C764DA7727EBB98971D910F0974
:10A2D00033ABA62D103965D35D833ACBC7EA4DC0A9
:10A2E0003F18383E81E22DC145888603431ECB923C
:10A2F000FCF07BC957CF0FE2534F7F200244CCBA0A
:10A3000077C055F6C14DCAB7093D14220F78397888
:10A310004AC20572D9405F1D8740588DB665D07B13
:10A3200078C1EC7958F035763DC16BBEC6D271BBB1
:10A330004DC21979AEFAC93E9D1F26B87724FD8615
:10A34000238C649FA2933D3F308E3CB63881BD5F25
:10A35000B08F0B8D9E1AD1413C4314894F1713299E
:10A3600008DCBF471844E3B977FFEE9D761BCCF0BD
:10A3700040B28BB2A5084142C0A3E8AF2E01953B85
:10A380002D4727B6BE4C9772CDAB2785E708D15233
:10A39000D444830F55427FF5AE8AE987BDE7D2DD0D
:10A3A000C7F119221817A293834EFE437988136CC4
:10A3B000E5901D96258744A6AA88121F48225017AB
:10A3C00093F480C84905FCE1912481FFFA51E88E9D
:10A3D000479048C928E95599F43CC503CB2B7043F5
:10A3E00071CDBC2D53760744C5BF0D810553C26B9B
:10A3F0004247DEE382DFA7A44740EB92D7A12BF1CF
:10A40000973C2E25EEF29FF40C023194F4CE24D129
:10A41000BD4F1F180A5A7826B1C00804914E9E8578
:10A4200089F4EA7D99F47030D5E81D4552D79CE651
:10A430001D3D5E63C8BE3017CBCFB70E60178F725D
:10A44000B97D91E32713BFD48321F86AFBEC56232F
:10A45000D95371F1C0CD66BB84FC4701BC8669F35A
:10A46000C0B568314CDE2C6126001A128EE5479883
:10A47000A90FB3D2F223011E51F85658905FBF7155
:10A4800052B35C7D8C19CB77227E2B24B4D4E2446A
:10A4900031E344383B337FC15699233039A501A0BD
:10A4A0006DA181633FE2F775BC59421ADD1A2E6F28
:10A4B000166989A4E547553DA758BA2C32DF459760
:10A4C00063A7CB5EC4BD8DA4B719BBEE707A4B30C9
:10A4D0006F7BCBF660C477097B2EA1A6F8B10A1E6C
:10A4E000196C2C7DA68CDA697EC1626617E452B9BC
:10A4F0000025414EDCB0E6709C8589B148FCB97CF2
:10A500004D2D1E4A1DDDB9E45385AB8F2B455B43B2
:10A5100010017F740B436215713426F884EC4D0AE8
:10A520001AA12270FD4298DDA04C0ABB0462DB0731
:10A53000926D3D46839C96680DACB2D2587494CE11
:10A540004541E9CC68228D0AA2F6381CDA3E19DAB8
:10A55000F6143108A963A1962714C1A13952981A9B
:10A56000EDB219D5891840453F2EE4B43A0927BF0A
:10A570006F6E6C768BD7C453280E85133A89EBFF28
:10A58000188FC7F5E0D8AAFA756027C0D0B1EBEBF9
:10A59000273B6D40D1259F01A5CCD0893AA1CB2383
:10A5A00029B8D26F9A938D4DB0A5DB1CA059EE341B
:10A5B00026E04C6F36265DEFC2D1D9F045A9B51023
:10A5C000BD4D7AC907EF584DD450046186108451AF
:10A5D000A7AC5A3652672C5A37A1AD6492B35032A9
:10A5E000A4218C2F5D107E440815E14123EAE00B85
:10A5F000578423F10B9EB46349C04031FC327D2C5B
:10A600008D32C05AC829AE773762127A765659EC25
:10A61000800532BB7ACF9BE01499307AC202C8130E
:10A62000AA3A9814F61F65C6BB4383694E4A2F4A5F
:10A63000F680C0F6C2519333E28E9346E9F2A0C190
:10A640008ECBBB8EFA0D1BF3970D75AB0DB14BB3D3
:10A65000BB6E75E6DEA9C870F83D9A635D8068E25E
:10A66000135207775156B20430E60713737361BE75
:10A67000055A2FCC3443653F571328BFDC6AE32DBE
:10A680006340C763992D2DB341816F01169A27AAA4
:10A6900079E26E8A0F55CDA4525B90F02CE73EF420
:10A6A0009547CDCC6E6EC6BEB9E744386DC0F5A3F4
:10A6B000CBB089352BBF66D4F8B8E76DAD4FFD3010
:10A6C000DC6279368E1FFB6A58E61AD29CFEE9B12D
:10A6D00049C5E409B59681AA0F36D7A7847398783F
:10A6E000A7A093A5B33EADF4E32FAB77E5E1DC8AF9
:10A6F000BCE5F6DDA156E43FCB597B62C123113E98
:10A7000086EB79E26070DECB9704949651835C15FA
:10A7100071A0A345F18F0F6A2D97B824E5154CED74
:10A720004F4302FEAD06AB97BA95125CD918275479
:10A7300090A1E7AB00C31A2448F980C2AE7AB900F1
:10A7400060438549FF026B610C49539EFA137D1AE1
:10A7500025A25ECEFBAED0450DA386790460A31F73
:10A76000CD2CC858C534E979E761A446E1312DD133
:10A7700098426714FAA59710190F5D7870D8860A69
:10A78000C6E1195F80C17938E2003A6254D561EAC6
:10A790005A19048A3E6193C3EF96732E022A8B43A3
:10A7A0006B0E5573E84ED11B90C655AE0F9F6406D5
:10A7B000282CF3559EE3294688244F043F0CF15B77
:10A7C000487F04B991F65E901F2FF2EA22EF1C6ACF
:10A7D0007AF22C9D1046DE51099DE25B2AB9AB92BC
:10A7E0003B2AD956C97D95FCA1927B2AD62ACE5503
:10A7F0009CE0DC8DF9B5360693B2BC6D63E86971F7
:10A800004AD5E3CE82B517224B5A2D9A2C96062BA9
:10A810001243C70C0A288AEB3881C8CA3B2FA645C9
:10A8200047A3AE46523CF58451B34513B14262FD95
:10A830001792352C445322839811FBE083A40F9088
:10A840004574F1463EA158F026F9ECCFFF7E035641
:10A850001104F267F68B9224E2A85269B57521DEE5
:10A860000CA5E8481FB00C89DE2A24E6B6AC6112BC
:10A87000E11515D8A771F4425D82039847EECB1617
:10A8800023BCFAADC7F28285131B4784CDF2A8938F
:10A890005D8B2D18B93A73DBC72223C65333B3F649
:10A8A000E6C10F15840E8F7EB1207010461316A4DA
:10A8B000244D4D02CC9ACD992F47B4A05F1DDB32B9
:10A8C000ECDB979CC2E98DD1568830FCD81118B4C6
:10A8D000CF975DA34A6A12DB8528A10EB3B2EFAE13
:10A8E000B630DED4CADE6745EFC19778E6494E261A
:10A8F000E11591051243A538C66F26FBCC35E25C05
:10A900003B9678A5A9DB6F3494256077B80445EEB3
:10A91000359BBE91D34A9E0A952B9BF029B2C96CF8
:10A92000592E95802015FAE811FE4C47E70C983A0D
:10A93000A5B215363CFF822F02CC0654B17C808C28
:10A94000DE2BFC17F1B151ADAE60341D85F6786099
:10A950007B7E32A769682C4FA93E9DCE4721B73830
:10A960006442458DE927B5C8FF90BB3554B404193E
:10A97000242BB1B4A65FE6557FCC39C6C8911E29F9
:10A98000D8928A8A1C320151A97B86F0E092257107
:10A990005D9B3B78BB76411CE497EC25F359D85579
:10A9A0008F1D3A4E5B294D06516E8A604F94741C80
:10A9B0001224041C16B1D07FC3835101054909C379
:10A9C000F32A882E5905321BABDC24D881F2ED74B2
:10A9D0005DBA282D24C5C95BAA2757BACD9965BB96
:10A9E000FCA25FC62FF8F55C25EE811B3BDD8CE4F5
:10A9F000A2CA703CC97E6040BD25B37F73C3807915
:10AA00004BE6DFBFCE9C85C9CA85E9DADD2312900B
:10AA10009948676EB1759D482A146E0B1406EDC6F1
:10AA2000324A83F69325399D22D49C5B04CE2C9D1B
:10AA3000221836FC67258C9132AF7DE160FFB88427
:10AA4000EE8B78BA81F92B112729EF4BBA0E8B5771
:10AA5000DFA534C87FFA22D56418666CE9191CDCBE
:10AA60006EC1352E995EB88BB743E67C2D5E075BD1
:10AA7000BE39D371AB7A6C724624A6AA97944C283F
:10AA800044B20CE7B17B4B772D602D0BD3DF2AD876
:10AA9000C08ED88D7132705D6A5EB90760E4EA0CD1
:10AAA0003987242F96B5B6954623CFE86AB1F61CB0
:10AAB00075C87C7290A5BDA0142E716C28D0CDD223
:10AAC000B659CC916B74BB981C4F99169FCE09D385
:10AAD000EA13DA7614FE845D01D0FC6C04BF63FBDC
:10AAE000E69212AC8985D13013638D465D5504FA28
:10AAF000A2A5CA1C0B02445DC253A4A2BF40BD5311
:10AB000076573AA5533BDA886FA7B8F546A9DD70AA
:10AB100030539087F16DBD91CA6B27C4443AF776E4
:10AB2000C2ACE16DEF106C5E1997D141DBBECD8AEE
:10AB3000A75D31BFDB684CFF65956E6C328CDDCF55
:10AB400059C89A861025C36C4A43E05F6708200FF6
:10AB5000F0C79CD4C644BE95BE31BA606104E60914
:10AB6000F064E8C4FDBE29223656CA65E62EF6B06A
:10AB7000D4F5C22270808F9182FEDAC4D2F3F6F54A
:10AB8000C5F6A0F9EA0D17B4C186EADC4DA6D8A136
:10AB9000D5061BB236D88030E742F589421290B311
:10ABA000B654481853DB33E0C4F2D32D34C24256B6
:10ABB000BE4AACAE11653D431E9A61A3EA96887405
:10ABC00058D7FC866F3C6B305FB242BD528EDC11B1
:10ABD00004C93913871938792BCF6965D8AFC5AF48
:10ABE000765272B0B49364DF243273C915763F781D
:10ABF000ADDF8406E0EA157FD1D270337434D3D44C
:10AC00006D0943717D3D664924F4D44A761432942B
:10AC1000222DE9CFF94CB82367C25D46B5763DFDDC
:10AC2000941629FF0CD3FE1464BD34957F329F74B3
:10AC3000F17F31C18C5F0E29F8A3CCFFA39AFF47A7
:10AC400099FF4799FF2162DF9920C5424CE4991191
:10AC50004A79EEE5EFA092471146128E625E728C41
:10AC600073D45C1FEB38D08AF77D2165192B88F4EB
:10AC7000059198C4CDE6BE6B9249DEF82CCB05F069
:10AC80001B869D2EBB9CEFD5718ED603E979D4042B
:10AC9000171F4A9FB07E91F562EC356532721F290D
:10ACA000A774AD0E6B2E2685B5F7A422FACC3F050E
:10ACB000664290667207A638D21F079816F1DE6EBC
:10ACC0000595390CD1CD4390B3C923B0C393B7E0F8
:10ACD0004C8303FD3E04A39B31DC8721D1397BFCEF
:10ACE0009E927F2684FEC5CD4DFE897E9FD0EF17B4
:10ACF000FAFD937E1FD3EF7322DFF940341766FE0F
:10AD000065036635C3FCF146FEBC5B3E44434B64C1
:10AD1000DBBD50FC6B13BE1D6A4840D1E06E137D55
:10AD20009D6CAEAF1F7A448B3DF74CBAAF8A17E4E7
:10AD3000648B13E1618B93A98C6FD22AAE23CBC7AE
:10AD40004D315F925C1052C7ED9C7020C7F3F484C4
:10AD500045D92E3C4E64C56B0A9F98B0548A5B3827
:10AD60003E2BFA7F9FC0FDACBC10E3332B6151201A
:10AD7000F4093BA43C2BC665B398B019238564B98C
:10AD8000F8E381BFEBC5231C9110AE231CF70564CB
:10AD90005CF32761FE0982D0E8C9739ACEB9BDA5DC
:10ADA00061E843F656679EBFE3ABFFA568C88161C3
:10ADB000A307191B07816B020BF025A0971A4DBB47
:10ADC000C8096592372EA9CC2EA56C16A82C14A301
:10ADD000C7E0BDF898A6C317C96A5F152B8B85F528
:10ADE000E25D798AA61B9277FAB66C78CB152C6453
:10ADF000E2F33F90F91BCE843F388B5E03C1BB86E4
:10AE0000ABB5B435D0E15E647A30BA4237F87553E9
:10AE10006870871A1EB85CEE45552A839B5AC2AEED
:10AE200074265E209CAE21080DDA02185ECCE2C8C2
:10AE30008C07C64038598A13644E2EE8A2817244AA
:10AE4000751DE51353441B12AF5312C28542CB2D1F
:10AE5000C94997AD6E76EE4A7DCDDCC14DBAAC7670
:10AE6000B4BEBE59A812410BD0B041D0D233F9358F
:10AE70007499B4C87196323354866D887F08FC95F6
:10AE8000E067396366467C7DCE8AF7F9F0AC82577D
:10AE90006041AE99EB005647AE304F0404F0689421
:10AEA00013C047CE2B53D5F7A9176722FA906980B4
:10AEB0008EF5027D4DE73EDD132C02700B98EFAA54
:10AEC00017D6803BA48C043290B7301E88FAFC8CD5
:10AED000977DC8E2C2D9E054C5E3301EB6887A3DFA
:10AEE000C7EF5589A8E234B8C44F5B44BA8C5CCA3A
:10AEF00025A1B33F7C065560C749A7927A65521DCC
:10AF0000F5A664330437682B4C6006015F1DFEC252
:10AF1000B3B22E047DE33C34A78F74F34C6C2BC486
:10AF2000B4F158CACFDA0A67EF24984B98FF6B1731
:10AF30009E646006B06D85AAA10762CA521BA3D0A9
:10AF4000ECB81E7754E2EBD886A8ABA77F04FAA929
:10AF50006F946C8A7D705CBCF5C756BA6D817CA31A
:10AF6000A305EC111651E123EA01BBC819C1830105
:10AF70008BD2D967717BC848BBAEF7A1F8B478EE25
:10AF8000C3BE13752C797C724DBCC4ECDA5BB0D3B4
:10AF9000821704A949F7554064616E855F0B856D82
:10AFA0006121114D0775CC4CF44A2BB260C6426842
:10AFB00029E31A0171C633546664FD72BE4D234AFB
:10AFC00009A1C46885358DA90AC282F9AD2EED7537
:10AFD00002DB80D21FFBD19184A1BE50503D138A69
:10AFE00066A918248B4C5D4A1879945FB1260DD15F
:10AFF000F9F9B164E1DFA52C7CC57EC57868467996
:10B00000B77985E8BF6D64C5E0189BEFB677300867
:10B01000CD660E0D5E4107A4115B96D2B0163FEED1
:10B0200071DBC65F0D0F84E1860E8D6F2C02194017
:10B030002353A421ABD23E8732B005F12C9194C8A2
:10B040007A1E2D74BC6833A3647BF1AB7FBC68139C
:10B05000DA4967298A7845311697300218B10369B1
:10B06000466E08BA3634E2F84B353A16F9027338B0
:10B07000C8168B8FED61214256F14489A4D74358FD
:10B080009BABCA79FD6DDB214ABF28A4BA4AD9B06F
:10B0900017A56C589BADC148C3AB1A7AEBE91730C2
:10B0A000B859CA802DE4920DC1F4FF8B82FB1B942A
:10B0B000CDB28D2339502EC26BF18374ABED3CEBD6
:10B0C000C6275EF5D5FB131EB763C6D3F30DDD644B
:10B0D000CBC6A299C0B8A1A551F32F5D9BC279F14F
:10B0E00064FDD86FD284B3E96ECC00C767CDDC0AAB
:10B0F000CE46CCEF805BC646BE91DDF622B17D9494
:10B10000E2C12CB23C11212A08931DF434BCEEC2DA
:10B11000FAEE1D7CF1FB49D82198A6C1453083E5A4
:10B12000DFCE7D6FAA22CBEF70CC17C7467C9DCFB8
:10B13000A3A932D813242538262A90A8D07D5A896D
:10B14000AF9C5282550B825514CC4A3C0B25B16BF7
:10B150008DB4E7B15A537A49DAB3D8A15F59DA947A
:10B160004177A5B4A75F584B824E0955F40C963D24
:10B17000E5193F6E117920092BBD8C3DF3625861B2
:10B18000A23B90669FB545E439735E14FD3088C3D9
:10B19000F8C435C8549AFBC54505FE7669DA49D826
:10B1A000DD095B46F982DF37444A88A5A722691387
:10B1B0005A2A09EC34B47D03BFBBA2B253DA118E14
:10B1C00035DB2194BB4DB3D97D8BD0B1D56101CB9B
:10B1D000EF8EF24B7C19C4572A3EE0676127CA0103
:10B1E000D76F32F4427190361B38B63DF9597A6CFC
:10B1F000CB677C49CDFD40F47B60A1093989D298A9
:10B200009947377C325249BF217BA8AB0A8A2D0A65
:10B21000B1C1FE17ABC6889A3A1EB257385E03CF4B
:10B220001542118AEDB268C6C0F4662F791ACCF8BF
:10B230007D23CC27BDD821FA51B2D7CB2F8C7EBA33
:10B240004758A3A4DA0782C24052C48F11780F4531
:10B25000F6EB63BA2B4B895DE699B1E4EB8CDF84A6
:10B26000F85EB168B2C33863D1FA22C92FC72B0781
:10B270007627581EB7417B816E4FAA7675F2D06D46
:10B280001F46BFAB3CD4DCCF4F21F54764D391239D
:10B2900054DA4AD291FE207A22FDF848687AE0EF2B
:10B2A0006A0173D8174D5D77A7EE56E484BAC91FBB
:10B2B000216E867B619CAB3E3FAE1D019B6271534C
:10B2C000702110C3181B1F03B1250E91DD41F74AF1
:10B2D0003231D63FA310518FBDDCDE877A6A988465
:10B2E0008B0A5C9903C21CC3ECA69D58334291ECB7
:10B2F000D295B1BF437BF49AF58800791525E755BF
:10B3000070C7D6F1972F5DBD78E9767122550F9BF6
:10B31000427BB672EA943AC59EDD0CB1AC40DB2F9D
:10B320005DE142F4D00A1D12127DE239DB5507348B
:10B3300081F0BC5D8CC21E5BE6085230C2CBAF37D9
:10B34000312B6145905475C8EA55D026E4B5E15FCC
:10B35000D21E4AE0362BE7279481B944CD7B833C4B
:10B36000DB22A53F3D0AF8B783A01A3ABA80BC7F1A
:10B3700098DFA5C6A6F870A9F8B02C3E3CEAD21416
:10B38000E47FDCDC8C6F85839B9BE1AD70AAB8F910
:10B3900070C88B7D1E0EF1229E07279EADA15DD643
:10B3A000C0413BD4AE7D3C4A5D0511A0B2A627E367
:10B3B0001EAD5BF0DD13D7BE848B7FEAA7D67D0977
:10B3C00087179D9AD00D64AA3DB598DCD812909D40
:10B3D000858581A9D9441E1B641286C2F643F1F704
:10B3E0003B7941BD66ACD7C8007A2B2C1001BE5307
:10B3F0004C6720CAD7DE89C49258762B24481EF3A6
:10B40000071875EC9B821D85443BE360BC1305FC6B
:10B4100081004520C77BA2FA5E86966164BEF8393A
:10B42000C2A19274780E1E32A1980465140217E628
:10B430008F0AC0FBD7B7564B09E68DA44B13F1C05A
:10B44000309909501FB05E3A6C82AE549151558DBF
:10B450001B763788FE19064EA9A850CA023991A555
:10B46000685B62D0A142140344EEC051746005DBF6
:10B4700082973780C2A65120D4E1406AE866F696EA
:10B480004CED2569D56CD8468D601B327594158CB2
:10B4900078051B6B4E7F0C5717866B7E26CC983732
:10B4A000EA759AA5E856F8A89CA5476696A27296F2
:10B4B0000C6E23E6368B58832A55234B7FAA900FB8
:10B4C000C93736399988D06A867738667BCDA448E3
:10B4D0002764C7CC33A60DAA5F6096815602A32CC1
:10B4E0004C5D3E5A667868A9C33F9337EF82891452
:10B4F000CFFC0AB714EFB2306A14E2AC13B743FDC5
:10B5000018CA00F43D0173C2BCC9166E6561FBD652
:10B51000E69C95D1E00DF063CA389CB58E993D400C
:10B52000BF849D8C6F6EE27363F4BAB0DE7ECDE4AF
:10B53000F888C9F06343949F5A727C32679738A0A9
:10B5400033D445E90F47702E98722FB0345888B322
:10B55000F23F3121E653F600603558E0D760E077DE
:10B56000AF286DDCC3DEB9E879B37044C7DD296D5F
:10B570009B59784CA1098E3941D3E2EF9ED6DE3932
:10B580009DC0971ECBFB8CF950526712D318967151
:10B59000BE7AE29D35CF21A34DA5D8DFDE01B5727D
:10B5A000DEC3EEFE452B58C40369E53BB732408D40
:10B5B00099B4F2DDB452C4B9AD1C502B9955AD7A93
:10B5C000E4B9170E8EAD3F9AC95D5F4EB07BCDE4F6
:10B5D0008E6F8470E5B028D8735D0D06149D2586A6
:10B5E000874314F00E0238F22C3F0712C136AE6BBF
:10B5F000503378691CB66649649EE1D35E3CC670E0
:10B60000C145A471ED101052E99C7F79B9F164B77E
:10B61000A37B1479AB1D501688B307D2A2B4E119ED
:10B62000B0901A381FDD8A6311792A184161B24D32
:10B630007B97CED300E1FB088341C3EBC4EE089EA9
:10B6400078711356E2D1A299227C1811A5BFA8E601
:10B6500060B91A744AD6D32F47C2316D2E204A4E94
:10B66000BC9F8604E4613C56085CD1082CD220BB08
:10B67000CBD963F14BD9642CE05F6CB22E850C0AF8
:10B68000D83EB286597AABD005DF58E72AF2776CFC
:10B69000FE1CF9976E31E35F9B88F8B1B2B89C9CB1
:10B6A00005C6167D725A082C54311C8086683E1BD4
:10B6B00079A2AF3DBAF7681626DE4B8319516F2881
:10B6C000AA57459728F2A525D9CA8CF339B3990D05
:10B6D000A14079BF81B1BD80AA0A1154B7CC05C180
:10B6E0005CC3F89B5C13FBE102976DCFD3CC1EA526
:10B6F0009992B480EB31D6B889FCDC0FF50F1CD8D9
:10B700000F717145C9E96E1CE924676EBC2B7E1868
:10B71000AF5535244A2A349E151C1FF1ECC948F157
:10B72000842AF9B4F0FD19A071E8D6A3C076B7D683
:10B73000250A33133D972B4F84217DE68643EFF690
:10B74000A85A13BF9F164044F8C13E4DD91E5B4115
:10B7500071C964EDB3BF6F1EE4A766BC6FC8C72292
:10B76000EE33E2E88C15710F46A913B8388AED5311
:10B770003CD19CC084F9459EA84E0A8B93046D6E03
:10B7800080C2115DEE1EFFE6697D6A2052F5E95820
:10B79000C7A7BD3FD8B668717FC00C317BF30427C3
:10B7A0002B1A697E921373A2151AE07491065093B6
:10B7B00070D48B83842E81113B99C27418D81FF6E4
:10B7C00060197CE8F7F401FCD5E2E1411DC3DA0120
:10B7D00010C4C98637EA6541E4DF3E36A823A17D5F
:10B7E000BD33BA16C75C608602E9913AB5052E50A2
:10B7F000200A32FFF6A95A3836699710F5C9D6F1F2
:10B80000E673984348404AE45F6019500C4040D1C9
:10B8100035FF821383531EC3603D60032931533EBD
:10B82000BE821CF0DD3051C91DAAAACFA28D158A97
:10B830000BC710A4CEA93550FFB4518D0BE1911E5A
:10B8400047093BEBD619FC1CC7AA9E31A85F13948D
:10B85000071E9B1B5F849078DF5AE18D1F84D7966B
:10B86000E36D79DD9613CE1C7097B3F5080222C7FD
:10B870005EFCA06A003D7E5DDD2B7810682B39B53B
:10B88000CD29C847205E0996B6833C4495DC87FCE9
:10B89000D03B53841CBCE2783AA3CE714689A8A75A
:10B8A0009C51C2C044EF054748B9A35383230CEC15
:10B8B0003066F3303EEB7EA41BE733D11B9FC28181
:10B8C000FA339C29BE19CB9EBF5AEAF95F76B8635A
:10B8D0006D4DFF75EB6C94A47D7333DB69D3EDFE86
:10B8E00091AEC59B9BCF44FDDCDC7C624AE8CF5B1C
:10B8F000A26D375C5FC76D29EF76D4B47D61595F67
:10B90000478A853288CE0FE07A85206D56B9BE9978
:10B9100090C4E13CA364BA61092FE6AB52DE710C1E
:10B920002FCBE74083C94B5C81FE2FC545D976609C
:10B9300069E34D84DB7291D0820B157E68A00A9377
:10B940000613820881129A1798470DBC013A30E518
:10B95000D5C798FAB021E51CA7951749AB5DCC90E7
:10B96000F0D66393A90403678BF794C080B3906FFC
:10B970009973BBC42AFCEAF9BCE42580516DA77F0A
:10B9800059DB3B027447CA203926CCE9DE0AE909B3
:10B990007645204E1BE27766433D639357CF60EABE
:10B9A0006CAA47E9773A1A5E2BFB8DDD1CC66BC586
:10B9B000F78C76C82B7C8D4E62D6EE0FE3B7F82C51
:10B9C000D9E605DD11EE5C37E96AA4F3C4636627A6
:10B9D0001F9DFDCD23DFE8AC42189855EAED5CCE03
:10B9E0001D4E0CED2ADA473F54FC9A2D098C39BCC8
:10B9F000C6E111C2CC68E529931362CE49C7485A03
:10BA000078105A6173405BD5E798C1329E9564B94E
:10BA10003C5242B8A54298125644B9CF8534652AA3
:10BA200075EC436E1C4A5B49D869137EA90934083A
:10BA30006FC431CAF69711074C8370481CA06DCEB5
:10BA40009FB06978C2DE7662DD6BB324053007C42F
:10BA500012A6727F27CE11FBD857D51B56F193E55E
:10BA6000DC5C6D72AB2D66616DB71978D23C15A7A1
:10BA70003C636F099022366E841757602406B10824
:10BA8000E33DB3FC6CF9FE2C4DBFE146E45F31D3DE
:10BA900056C056E17E378E7BB1312ED0E7A8233FCA
:10BAA000E0BD18BFA731BC873258553E9E8E8458E2
:10BAB000FA68561CC6A77E617DBEFABC289DF1A916
:10BAC00062C2323DFE9122850710CE8087467B37C9
:10BAD0003C2D79CF0456E2D317964AB90F0588C298
:10BAE000B7AFC8574D83EBF3D949A047F0D24B3FCE
:10BAF0007371710D27CF1F946B86B074337DA418BA
:10BB00008E2907011BDDC54F8FAC87E37EF12C75B5
:10BB100024904C53ED77E137D5C07EA1D45C44F03E
:10BB20005CC64F7D9B9DB2CA405EA210F55CC55FAE
:10BB3000C3FCAB4708B7B3205FAA78152DCC0F2301
:10BB40002F3635DE7DDD546AEEEB8A68E7F0788CBF
:10BB50005B92904E38B2A9433A9AFAF3D29BC1EA6B
:10BB600006BBEF65710A96A7EFE191F683F920AC69
:10BB70001CA7557E3F2C2871AF145E21C8B7EF2457
:10BB80003B6D517766FD663A9672732AE5567CC422
:10BB90003AADA18EB24F640155EAF30AE9C4A5118A
:10BBA0004F578DF819EC16DA7706C77520BFA081BC
:10BBB0007B73153AAC706AD778638E79BF18F382BD
:10BBC000F8CAD744FA8506FACE1E9B4ABF2E0D1935
:10BBD000ACF5CAB0182DE0EA6174DA798B4D2E2BE2
:10BBE00052604B36328CA5B750CC8A28ED300BF919
:10BBF0001DA1B4B364E81831F2C651C62EDCEF9B28
:10BC00001558C53DEA96F30D9B3A6665EDAE2E6C70
:10BC10005369639A4A8B78A88942107146D490235D
:10BC2000254CB17B7832812026B4B02454DDF957FD
:10BC30006C114CFB373714140E932612575EB9A4BF
:10BC40008054C941BAFDB04BACA7942741D43326E8
:10BC500051FF08F23CD07F8A991B11CA34DD43188A
:10BC6000C6C6D6D73B4ED16DF64F6CBEF2033C1B19
:10BC7000165FDF82FCBBBFDA7A1362610EBD92E40D
:10BC800044209D8DF65732B831C8219CC44A964A4B
:10BC9000947D373596B1A6D644D61416906154E2F9
:10BCA000167EF1F8D4A3C2994FD3C009BDC2506C1F
:10BCB000C6E661037D8858E0E98FE182CB5ABD2951
:10BCC000C44F2937E69A7266B400F7F137BF12D332
:10BCD00054C660930DD30C6EED9819BAB9E980F98A
:10BCE0000BB5FE5E398BFC6A2591F9A3409F07F9DD
:10BCF000039E44D13C1F7912F2AD15AFC74574F1D4
:10BD0000E95B2B85A12EF994B233DB92266057882C
:10BD1000B56A2BEDABADF8AE2E447275292E2B7A99
:10BD2000575C330B332557B82740A7B78E752C12B5
:10BD30003983CB68CA9E51587462D29BB8BA794F86
:10BD4000DF1DECEFC54CF8F6BC49D5D30A611D38B0
:10BD500016FD60C28F478F89C67D0C55C6789E9CA4
:10BD6000B606D3295BA97AABE8633CC95FCE26E16E
:10BD7000278459060C5F5F8AAFFDF4347C587C3D04
:10BD8000C03375F814DF8458B0B157CE5A38CEC2DC
:10BD9000C757D813583A2156D885C74B03DE59C226
:10BDA0007CD18B710CCB1B55253C478701265EA8A7
:10BDB000462B76057527AB09CBF1EC56A16228C35B
:10BDC000BC3F21910E56E8F2E94295B6633DD2DDC3
:10BDD0006A431EC5ED9DB5C15191A2D4D5579EBCF5
:10BDE000F01608F5F9D2A9979503A8C89175DA85D8
:10BDF0002921D7BF5D67A71C82083F8BCBF4A429FC
:10BE0000AA1C70325AF863666D269FA66455524488
:10BE10004951B32922F4851E94A99445E23BEA4F87
:10BE2000CF8B9A71A3E36FE4CE4B9668F4D362C4D0
:10BE30008D0C95627461A16AC5F6024AFE99B18BB8
:10BE400014C6E5C41346E64E247BE1633581D50B69
:10BE5000EFAC7AE1832FA9BE5AC7D5C7C3988D9C92
:10BE60007445BBC8AA7A6021D9F59EBD1EFA47CE9B
:10BE700088567BF1160B072A5DDDAA8595940D0483
:10BE8000F7D12A8D5C16392D6EFA68CE2A05B928AD
:10BE90004A964EEAFEA26951C8C3F071912D003D49
:10BEA0005A8FAC9919C679D945DF5C0AF6B9B74CF7
:10BEB0001752978B4960233ACDDCE71A4BA33430F5
:10BEC000806CCD26AFA83EE34B0DF9C1A4D155FF40
:10BED000867AF533A6BC62A68BCE0BD315AE46068A
:10BEE00021BBDD9D99198E7C798532F6498948CF31
:10BEF0007B5833783C214CD65D337472B0D279C90B
:10BF000040DEE5337EFB612FBF0693A0CADAAC8624
:10BF1000E6F10B670E812D50F1C6F2179D81123F9D
:10BF2000F7169FDE8AD306120EB09441506CDB8E5A
:10BF3000BA5139F6DC182E4D7732532A4C2973CC7E
:10BF4000F2CEEEAEA4BFCDE691F3101EA68D0E810B
:10BF500054BC982DA36DD638B2F6EC7D6F86570C85
:10BF60003AB3A5D333BFF09219CFCD21FD88AF9658
:10BF7000C7F81213EEE10A910D73E8D4DFBFDBAD11
:10BF8000B32A427D2F1F6E98AF9EC0291B7C6FE89D
:10BF9000C65D7DE7B6C66CC256E58F34D1AFC663C9
:10BFA00040054D584E1DFD48D93573E76D193CEDE0
:10BFB000EDA740C60EF32C4A4EBDBA4E9AEF0FEBDA
:10BFC000EA1A18D917AA01A6707D1FB07540EB1D9B
:10BFD0004D35513AA3A9C7AD5462207BCA0363A271
:10BFE00021FFDA85F74582F82783F370F503A9EE80
:10BFF00097A61158B82B16430EBD9899EF81367449
:10C000001D53755C35B4F4E1DC1556918D38E5A906
:10C01000B1DA786D2C71E4F7E758F128210439641E
:10C02000677FD35CD335EA88A71582D4F0B837B0E0
:10C03000CEC862F99C0E1FE9E990E98BA8CC603C60
:10C0400027B3ED98BCA52F73BA96D9ED47E1DB591C
:10C0500058C9C66977AABC8A0B65C5BE93D5891530
:10C060007DBC0C67851B65E1805D19DED777EB220F
:10C070005B1D40DEEAD2A38B9F6AB9805B22F54D3F
:10C08000A220047BA64ED4049A14E0EF9E0B3397B3
:10C09000BD44EDFF7F7199BC17EE5BE39C6B54BD13
:10C0A000F5CD7C5EFA66EE4EC3F7DE98F58FD8B11B
:10C0B000AAFD6876AC0FEF6FDE188E95D77AD36045
:10C0C000C08E950FBCA11BF1287CA05E870F60C0BD
:10C0D0001DC27909E474F728E64A1D42AE6D4F3D52
:10C0E000A040D5AF3217855FE5E9FAFAC0F8555E92
:10C0F000B3A7C9B822159F2FB827E3D6D93B2A7515
:10C100002CF7213C92F4D04A4CAD04083CC26E9509
:10C1100098081EA022EA61CC27F5ABF0117A597677
:10C12000F25578D5F88EDE8189FF56BD634FC7B9C9
:10C13000B1AA29F7E9ACF474FCB63096B8E4E97812
:10C140000F4642BE7933EBE918A03313C9779675D1
:10C150007F4BB739848A5EE1AD1F81D7E058402715
:10C1600070B6E0E938C3919BB96E8E017F58913566
:10C17000758097369E8633EA97F157B4B1A946C6C3
:10C180009A72D23B0B9A67EAD8DA654E7ACDB3E061
:10C19000AC9B550928DA9C8D70C4BE501BE131E17F
:10C1A000AEFBE23739A33AD96FB2D9042A4392F5EC
:10C1B0009B9C29069A6207387E9361306ABFF09B88
:10C1C000FC8EFD26DB3AF6ACDFE432C2F84D2E23BE
:10C1D000DE11FCEFCF7D48959F0CB2E9CA0D0E79B8
:10C1E0005131F102A45CF55B77959E2A989384AE59
:10C1F00039EF6D5A237875C31810CCE07474308A07
:10C200006630120FA2C708C5B06FA4F651504F6632
:10C2100093139DE1F4BD3A07CE4E09191232381B33
:10C22000EE34D931D100965FA0630E81A6197F6CE0
:10C23000B2B6CD900F102263CE15758A2E4A3E4FAE
:10C24000688EC5612DCDEAB5B11D6476310C0095BF
:10C25000A74CA23235B2A74CA2BCE26451978A8E99
:10C26000105A6938E036A7CC3E3C7287C7C54943AF
:10C27000207D5BD33E1CD0DF47E1ECB6063FF18268
:10C28000B7749FF21E85296BE507FD3DB56F3F181A
:10C290006A5E532E7B045C38EED95F29827DF52CD3
:10C2A0002CA2C56BDDFB32621C2CF041C051335116
:10C2B000112B304299E221CF023B45547A17980561
:10C2C000C83542825CFB3EB4019ED2608A8D92A842
:10C2D00063DE28C762468A37DDC3DE437414D29F0B
:10C2E0003FC235EFCA7B4A33B3AB0E08505E86DFE0
:10C2F000D4578A3BB6F0EFAB2F789BF82854DB6716
:10C30000F9F9243F2FE4BA97853FE74DFCD55EF756
:10C310006784017F014DF7918E432329691706D564
:10C32000088AA6AC49F78F557662C142FF6C781037
:10C330008EF52448D233D9F8293C5BAAF9C552CDF1
:10C340009F7E52F38B55359BB79ECB76F041B17AE9
:10C35000DF13C055715A7DB0CFB14FFCEBD3F0C3A2
:10C3600052EBB43F3F40322167D352A796ACCF0B7C
:10C370001111EF7B43DFFEA62E9841C866F58C3C79
:10C38000D193C5BABA6FB1DB9F706D3D1C2AB7BFA0
:10C3900005971ED30F1704BDDFFDE6A5D73641F57F
:10C3A0002EF45E8649E201CA2F2552BDF4FDE6DB7C
:10C3B000C6A13C90FC24C3ED69E350BD0D5F36DFA0
:10C3C000753B3B3867DE85F00CBDB1B9F39596EF50
:10C3D0002B3EB6397E2DD463E9EAF3F0DD4E9B3A6D
:10C3E000B7E6E99947059BDEF3DE5740D22305F611
:10C3F000C2AB900DCFF4A88E80A0E075AF1DBCF548
:10C400009BF1EDD7B73D4938A484B6DF40290E49EA
:10C41000AD6FCAEB982FD8FFE8226ECF954EC22F92
:10C42000C68C41799DEBB830A66FE0DED738CEC020
:10C4300019ED3F740C5D15F607AEAFDA8156579DC6
:10C4400020C6B217A062483FB679152F2D3A1B407F
:10C450005F88345E87A270FFF65B3829DEBBFDB6CD
:10C460007A45BFEE65C10857345D98237345BFB662
:10C4700018DFA47245C7E5155D8A4A158E40352838
:10C48000A55E8F4D94C54D425FDB65F61FE115F546
:10C4900048B6F65C88C44B9849BDB06C23FB7A0D56
:10C4A000015F1AB881A68C8A3DF662F5D43765E93A
:10C4B000845F23C2F9154EEE359835CF14B4A40627
:10C4C000F8D0E663164E9B830A9D6C646B77E29E00
:10C4D000CE021DB1142285A34067DD2F3D8FF7B03A
:10C4E00064FEC486629E792F98C2F9C4F847AA06F2
:10C4F0008D3FBDAFF0254A3308F5C559F3ABCF4F9B
:10C50000A7E614FB684A7DE6521FFFAA941F3CF37E
:10C5100074F2CB7ADF8B036E9536299DEECEB78D04
:10C52000AFCA2148A8C7BD379649F8A5F722D04918
:10C53000F085F6C91B63208FE0DB1C9BBD63890A75
:10C540008EAD01BB9E8D526F8C401E6D993782E877
:10C550007CE97DA6AAD41BB9A3C12E4B748577B004
:10C56000829FE2E0E6BD0AEE5D5E82F2CE6C2EC1F5
:10C5700058798E15B212E1B697A0B91DC3B4B806AA
:10C58000AF048BC63534A39C307BF65DA258D681B0
:10C590006E545877628BAFFCD23609F33FD5499879
:10C5A000BF5117617EC70F10F11C116D446CCB3E5B
:10C5B0003FA0DCF68A9C3958724488F180EFBE0EA9
:10C5C000E0CF7E582CF91B41E41448F101E4228E9F
:10C5D00080CF7F2314BE7F4418788584B659B0B3CA
:10C5E000A2F5F5CCECAC03BF14E3049C98BD7365D5
:10C5F000A8E97DC1077761C2714FC2DF3DCE28DB5C
:10C6000066AD389DB4076C6142537581E7E2FF98CF
:10C6100060380CD72CC1D07FA01E1984387610E268
:10C62000B444881F5884786D09213E0442FCDD4BD8
:10C63000CB7B9E9004BEE753BEE7E928EEE26D6532
:10C6400017083102DF2C429C2E20C41A13A85D84E7
:10C65000185082C93F20540972686B82BF6AEA9AF7
:10C66000C15F054BD148B2F82B0109E3AF16AC1CF2
:10C67000FC15A658D70AFCF591C15FA58EC3127FA1
:10C68000B51105FE6A231EA10F787E4CD8F2A4AD29
:10C69000393985371C3AEBA679ED6AA52D0C614333
:10C6A000B4A17B2ECF0E3DEB38B6DEAA13A9DF8DE9
:10C6B000FF55B05FC167D550C4EA439BE128880AA3
:10C6C0005B23215C9910953D27F0771F9ED221F8BE
:10C6D000BE099E4BCE6CB5BDBADFEF1C992BFD7A1F
:10C6E0006EF7E22FF2DEDCD4EBBE8D5AAF97B84A7C
:10C6F0006E366612169D0EEB7E57F7477A988EF4CB
:10C70000FBB7CF76D3C9799AE824F7804BFB47E192
:10C71000CA14180CA53B6A4E84B2E199311865E938
:10C72000249A6A2F0977A6C206496739C42A1433A6
:10C7300046EDFBE2B725B3AA3D6706E180077440EA
:10C740003FEAB5601583AE89FA709665D4705D5C7A
:10C750003A76531617895A797AC82A6D233A6F3B6D
:10C760003EF3C9B90ADAECEBEB755CC854226B8175
:10C7700054582A0167A9F5419E67D1C92C874FD823
:10C78000C5E2DFF5C9341D7ED3F9FFA28EE16C9AB4
:10C79000A793BFA8406CF7BB6579A9A77490A4BD07
:10C7A00018D6E27BBD7ADD98D4B7602A9CBA29817D
:10C7B000503D6529AA922422F2DCD4098F0E44B49C
:10C7C0005FF357309DCF05AE77E105992D1BB5D5A9
:10C7D000F57476321DD200B46BF4362E6E879C9DB4
:10C7E000827A6C101B0452CE4A3BEC8DABD1982B55
:10C7F0007E255D2E9FF8D7D6231B97A7925468AE4F
:10C80000CE672771343D5BC8CA465E439BB3EABF1F
:10C81000316636B527D624F60B7D6FC3F2EFE7827B
:10C8200022F55A338296930141DD999E6802FF9169
:10C830001E0F66715E3F6252D3C9C4197A3D1A7EDB
:10C84000B4E42C32F1D98B5DCC3D61E7CE05779A0B
:10C85000AE84D57C34AE2859DD42564D6097057ABA
:10C860008AD5ACB69B0B2F3EE27673EBB03A0D8DBA
:10C870007C1C61F5743E16C6E0FFDD6CAE5DEB79A5
:10C88000505BBB46B179F7DF1676FE27A9D5EA05DE
:10C890008CE856A6CF6318F8A91372F063908D9AAE
:10C8A000DCB5DA755D650DCABC10CBA51B69833D8F
:10C8B000623BF21E6BDEF5703A2544CEF49F2012E7
:10C8C0005B2B48ACA4581C7636DB8ABD81045158DA
:10C8D000FFC7D61FC3BAA2533F9B5B7E2FEDCF6924
:10C8E0006B36D56F09DF8721D2D0B3D69584091F67
:10C8F0004DEDD3817F0D184D638D1746AFFE241B80
:10C900009C9FD5D05C2D9AD69234AF0D92DA0079E7
:10C91000EB745DB70C3C7975CA5C57D7133D9D0E1F
:10C920004E75F0AB62733B3FF3B4353C1B64393456
:10C930007138600501A88329BF89D3E1F56CB4BEC5
:10C94000CECFFDF63073522AD942E7C0F32C84B221
:10C950005A8F79294A5BE610FB99E82E61C1468E11
:10C960003133E210667A33231501FE8870AA032062
:10C970004C866BED15ECE48EDE02615DDF9B41922F
:10C9800072633F4D4629ADA432D235011DABE2DFC3
:10C990003228BD41426635E85F1B8195FAF5D3A781
:10C9A000E24AB42E74EAE6F6FCC84AC05C5FD27F65
:10C9B000182F0A160EB4FB703524DDDEB45C9348E4
:10C9C0003018A8EF0CB2A97E46374604A98CA9708E
:10C9D000B93BF057D46151FE95E95B6A5BD2E3D570
:10C9E000E9DBEA9EA4FF3B3B3DF1B015146D859C4D
:10C9F000FFC6F4B7DDDADAF6FFEDCFE9BC21404B34
:10CA0000444488CE5CB690573CF1D03DD2E43735F3
:10CA1000A231FA83C2D102C7389F74D1D17D2300DD
:10CA2000C2A8D22561323355AC661508F8F9416DBC
:10CA3000B7FDE2923680BF371EC3F0826BA7CCEC05
:10CA4000D201ADFCF78896EA3BF8F57BF033B64FA0
:10CA500064944E7406C32458863AD42518A84C46CC
:10CA6000912FF9695E5A9D7E04B6BDE2E6CFF24988
:10CA7000ECFFFBB77F8DA28B5AA6C7E1DA753AFFB0
:10CA8000AD56E3DD1CD64F79ABD0FCE1589AD729DF
:10CA9000813575C23AA17D4D0381B57BD462B786DD
:10CAA0001859EA5AA7CD316BD7BA28461B7EED3A02
:10CAB0009BD7767EFBD7C6C6CEBFE738D5A761EA3F
:10CAC000D587175FDF3EAE3BF7FFA147780E81E4C5
:10CAD00063C27F08CE4E77D364CC4EFFE454B77365
:10CAE0007648E4C720F63D4265081456C54615AEA3
:10CAF000A3A56734FC33D607E7D106B742E702BCEB
:10CB0000B3B26CD783597E46F8E40FC69B82FAC352
:10CB1000C1341AD2997792A703CF1CD58D7A506F62
:10CB200018721C970E8E73904BE08B0D62A8838752
:10CB30003B2639ACD7AB0BEDCEB4995EF788ADDBB5
:10CB4000A935D3DA69B72FCEBAB5F3741A717F322B
:10CB50001D53C72E74B7BE43F3C9B5980232EB9488
:10CB6000FFF76E59F6F72E3899F1E02A18C7FAB296
:10CB70005BA35254AC5A102941AD4DFF7281156D23
:10CB8000D58C1F912684806BDBBCAC957A990C6C9C
:10CB900046B99E4C83694EDBA0FB95B09A687CD564
:10CBA0001C8A93A1A036A4BF447ED74A7DBAA02692
:10CBB0008F40CD537073813376EE6C8FF4A9AAD178
:10CBC0009E1D789BDBDBCAFEDFF16BEDDF558DC070
:10CBD000C56B364F4E59F1CEE7EEFA3CA65AAD186A
:10CBE000949953B43BA0EAB37A757E360528CD807C
:10CBF00082DA267F1275117410727A278D11C5A200
:10CC0000E387A6C5AE88E63485FB5CC9C1096F39E8
:10CC10009EA098E6A449C4A666B80BE8D69B4D92A0
:10CC2000AE9DFBA5F9A7AE36BFCB92DD6BB7BB358A
:10CC30008EE0B3B573070BF2FD8C66B6293ED8E8DB
:10CC4000A2FA4EBBB19C7F8A486885E0A3A1C9CBFC
:10CC5000109899AEEF601B10EA80ADB6D0B299245F
:10CC600082FDB44E576072AA69CCD3F8EA50E7CF80
:10CC7000129A3448B9D019707D7C0C700D0C72C4B6
:10CC8000080ACA807498CF6B4BD59A0155416EF54E
:10CC900064F094B75B9B024CC51272556BD7C339D5
:10CCA0000F28ACBFA72B241938DB6271B2EAE84524
:10CCB000A5EC785E4B9328399FE534024836998D70
:10CCC000A85B049874AFCAE7BC26B16BD7C9BCE6B1
:10CCD000D6C1B3F5FF65543F1DD46B9AFCEF043009
:10CCE000FF8B41C57F31A898DA224C3FAC9F176D6E
:10CCF000A509E1882CA9CD355C77B6D8A80145EE09
:10CD000012EDB6BE1EC18EF8FC6F4DC5E2C846D40A
:10CD10005A94238541EE5952AF45B401C3FA948F1A
:10CD200085048D8BDCF7DA7534AF0DE5D0339704CD
:10CD30004178FD27AD9690EB84569E5CDB54CB8A00
:10CD400073CB74D496E65FB97984CA79105E1B22DE
:10CD500020B836C74A50FFC7E8FE68381AD7D9AEA0
:10CD6000DEC9207B58248CF99F2281DDBB04F50E9F
:10CD700056BBAEB0B6ECD9B8DE6EDDBF57C6D9C271
:10CD800077EE6D6FDFFDA3AEDC1345EA3471EF3053
:10CD9000854EC200FFDAFCA5C2313AB88D7F2B491F
:10CDA00072F4A0ED4D699AD35E9B638EA2114B681D
:10CDB0008FE9181CDFA4C93BA77BDC0F892EFBB0D1
:10CDC000B97D774B9F14F1954E54D39EC226944D56
:10CDD000DA3AB9BF39BE6B931E4553384F1F15BDA4
:10CDE000EF50EF8B824E1737372B7D6470AFB6391B
:10CDF0001C0E2BF14BA3E634B74A336C49155D5A30
:10CE000037B923C9A6341BA3334DDDEF8CC6C37BD2
:10CE1000F539D131D937173AEE6ED3BF8315D0B17A
:10CE2000B549FFDEFF2FA1436BFD93F5749673B9EF
:10CE3000AD5580736793FEBDFF5710B002ACEEDEB8
:10CE4000BDBB0232F8F659068DBB9D3F4EEE0F5624
:10CE500082065BD827B41CDC9855E071AF3338F9F3
:10CE600063F033F0B877EFDE7F041BFF9F6160054E
:10CE7000D4718F56C1C65C3D0AFFFD1BAE48553BC1
:10CE8000494757B5EB9AC58605951255763AA21CC7
:10CE90008C83C227E925EE77FE34280514FEE5E2EF
:10CEA0001F0F26517C15CCA2E694A6917D8E8ED5BF
:10CEB000F48A50F84973162927F2C1F979AC6BDC72
:10CEC000A9DADE24FD1AA9437D9AEADAFB678B9F73
:10CED0008757939334562FD33C75F3776BF3DF96D4
:10CEE000FB0D7C73FEDB40D506C1454447AA1E21DD
:10CEF00048B8DA37CA27147CED1FDBDB6383748004
:10CF0000F79709B26C7091F96FBFDD56BFDD0E82E5
:10CF10001376AEC8C1C1987092DA351DC23F19FCB4
:10CF20006F546A81D940994B54C8207F761FF95DB0
:10CF30009027D29932C5A06968C54133AB68A3B4C4
:10CF400054E08734A6029592AB1DC90C05AA66B4BD
:10CF5000EFB92B365794006D6D4ADE2A42685A5A53
:10CF600002CE9FF4A88A5BFE72345C19ADCEF965DF
:10CF70006D9AC6D168B9255B0B1199E89F5D8B9FAF
:10CF8000CD764D160FDB721C13A15FD3711C9D4F24
:10CF9000A3E94FD0CD32E359341AE9A480ED36E647
:10CFA00053E68BA6B28072A77F66AFF998D962422A
:10CFB000177356B6A52F8B30A581AE5A2097DA2865
:10CFC000E80A605EB502A15CEEEEBCA86FA7C6DD04
:10CFD000EA0B82C422D6F5236A85513A5A212AD413
:10CFE000A15910FC0488456D30442BCDCA0255CEA2
:10CFF00043FFE7F5639AB97A53E196ED620166C1A2
:10D00000C89C8005BC5562B8D2968DA18A7E01DA93
:10D01000B54B273186CE48964E56415B6D38888792
:10D020005E5C6BD6B6295C3B03F8B15E33561C845C
:10D0300004CD9D1EF1A8B88F2D3D22DC2A392DBAD2
:10D04000E846480F4DC4CE6DEAE22FBA519CA37E4C
:10D050002DA6964D3F1AB5CE7DBCC8F3ACC8D4FE04
:10D060007CD3B9EB6F977F91DE74C1428E7EC0BCDA
:10D070000BDA16B2FFEE165E84D8CA15E5ECD2E6DE
:10D08000F46C300210C906B4D3CAD28FE8513AAB5F
:10D09000EECFD53B7BE95AE5165C42E12E48C5153B
:10D0A00020F9AE3C3956814A156CB177252A38C330
:10D0B0009E590D5E0B5738555C2BCB0D86C0B5B114
:10D0C0007F583B848E990CFD4BF474EAB55B7FC8A6
:10D0D000D630791DB8765B0D7E0DDDCB68825F2C76
:10D0E000DB8A0958CCF913C0FECDD8F76D0EA36CBE
:10D0F000186BE798F9399439D0B41296F814706B1C
:10D10000A5F344EBC4B9373787DBDDE55C190FDDE8
:10D11000E6D177EE70077F6BE5E9E9692C3761416D
:10D12000DDD44AF2C61C299B821575CB4BBC7557C2
:10D13000987105FA4115D03CE7116D37C325A8C198
:10D140001CC2AA9BC5C1DE7E0E400B735C02BFDD14
:10D15000466DDBA785FB68713B504902E8936F1170
:10D16000ADCDF9B91E64D0B3B1999B93F4C78AE8E9
:10D17000A51840B14C958B6814ACA77ADD616AD5CF
:10D18000062734CE594EF5B05C2F46DEAD31634BE9
:10D190004218BECD1AC7E0144FF9E830F46A6B6B41
:10D1A00071AE4DC45FDEEF0B33849BC5E9F8F04CE4
:10D1B0000FBFFD720754EE9A6AA962D8D27DC2BA37
:10D1C0002641AD7074F5C9E3531628291DF85BE7B5
:10D1D000977EA58EFF62F3FD744B0D097D5BBEDC6F
:10D1E0005D4A6479227ECA46FBE9E1B848BBAC3CA3
:10D1F000E916665F78051DFAB78D8D71D97419101F
:10D20000980DEEFA0E1D021741929F3587ACD3D5CB
:10D21000F16934B28D086FA2A9983848C64A44E92A
:10D2200067356DA226079DEDDC45BBEE815EE313FD
:10D230007D1973F9CF1035AC020F7D196F5AE05983
:10D24000D55CA655CD1E6B7F138CFFDEA2FCDD8561
:10D25000FE35BCCCED88644ED912A4CC2AEF737B8A
:10D26000CA350D89DB34674FAD5D045DF2AB420713
:10D27000637B3B9FCE416657FB3F1F66D182E944EB
:10D28000FB17D8BF4BBA1BCA8475207937FEF57DD2
:10D29000B488F5302C344F74FE5D6BBBB01D836DCC
:10D2A000B6984507447415D8FC14C82A104A44E4BB
:10D2B000486E39EEE57F5C19036796D2A5389D1656
:10D2C00028B1ECC022BB05FB55BCF65568D9AFD0E0
:10D2D000E1152CC1FF7C526DFCBCEC7BD30EFF072B
:10D2E00075698483E58F25205EA668CAE227039CC2
:10D2F000D545EFCA2BC9405D1B3791D8A7B1B713ED
:10D300000796C75AA2D332BBA783D9A916ACA843A4
:10D310004D98D7D69599DDBC9B4B794F4E9772327D
:10D3200073B9187AE52C43E76C79B9A4F979779940
:10D3300098ADC2133F77C8D345323CC38D32A1D5D7
:10D340008FF552A33261D2427172DF47ABD28E6544
:10D350003C9842838CC838414929110C9CC5EE1574
:10D3600059A190ED0CFE1F83C1A0BBD010ED64D37A
:10D370008E195A39721E7865481D0C69944EA26444
:10D3800040B127C66D7639B095A3B5881C2F322DD4
:10D39000633F4FD3388FCE8F5C287110BF7999A32C
:10D3A000BCFA5DE0F8C71DE0904B0793B9B80A449A
:10D3B00053EBA587A4028A0DDF4C8E8F55E8D3A5C9
:10D3C000F3E65490E1E586A07F163A2AECA0953D5D
:10D3D0002D70B57FD6FEB9DCA5158D5B18A8E2626D
:10D3E000FCF58B2E08B551CC58D1CE096CBDACCC18
:10D3F0005AF4F957798B0A8B6140E0CB33E97EB15F
:10D40000AD817A08D2C96C8555B89AD7DCC64B670E
:10D4100089B01165DC168CED27D7FDCA09FEDFB493
:10D42000B78DE66AC64114BFC89AB3A5CA9D5BE032
:10D4300097FC4D5C83F61D5C499FA4A8094338D72F
:10D4400095A3B084F1FFB6FAF3C1A97651D00205D5
:10D45000A8A039AEE4C266E541FB2F5AA8768BC975
:10D4600048E1F737050F29F1459E797317384F02C8
:10D470008657640AAD9882BF7F1B38C9B21F56B663
:10D48000E6503484ABBBDFCDD1CC706EB7DAEDC9DA
:10D49000B472B2753ADBBF17F3E97473813EFA7563
:10D4A00075FFE5129A01AC860B57B8A1369B82E155
:10D4B000224C33C35059BA22AB0F35FE220AF0D7A3
:10D4C000FD80D8C37FCC1EB02213B26E0B686833C8
:10D4D000131B748BD1BCB40B15D85536D18C7CA5DD
:10D4E000A769C9B3BF23C4884BCE18FAACE039FD95
:10D4F0008281FA37B01E6E6E7A71CAA0BD403821A3
:10D50000A2FAE6E1CC1B5A68C6D114FCDE85E8A578
:10D51000F95CECF2DF9C5FFABE535E537F81BB5730
:10D52000701ADB1B811E3DB2DDFA153EB9C0CC007E
:10D53000526D0FD2E665B35DA1BFCB239636A8AA84
:10D54000B58B239542D36FFAFB271BF8CC0108D08B
:10D550007D02BDC9A1CF14E2FA9B6E03E3591CFF03
:10D56000A48D2626FFBF6D85394D69FCD32DF79F0D
:10D57000417E65110CB4745663AF4B5BF32764DADC
:10D58000CF1F47FE1E756C6ECB79314E5A75DEEE9D
:10D590008423FFD570CA33D1BEDC765970C9827D31
:10D5A000A764E82FD64E58F5FFA2F456EDFA3F9B3C
:10D5B00078A70AA293CDDBC97FD081DF5A90DA2801
:10D5C000D06681718B181B59469EF6024146454331
:10D5D0005CABBCAA8B78F3664915704E08201759CE
:10D5E0000D5C0081B63D4118BD100AD0C5B98AED69
:10D5F000868958FD62373DE7BB77904413F318895D
:10D600009866F15DEB4C6B513286B9326D04CF50A8
:10D61000F0FF7CD357E36C30D1D3C5FC602D103EB6
:10D620005461A9D9BD6571A21A9F792BF36CDD2DC8
:10D6300072F19B86793F75FAC751D50E4ABF8A7E33
:10D640002E7470B1007AB8CDCD1B774F8CF0497B2A
:10D65000E733285F56DAE328B7BDD6F6F4674D2DD9
:10D66000E6E5B7583CE25CCB8BA279E268CBBF74AD
:10D67000CC16227BB5F20FD11B6696F27465C1CD34
:10D68000A2E4DD3BAA66FF6FDB49FB3F133D8A0640
:10D6900035CFB974EEDE0132CCDD119E90AA599ED1
:10D6A00063C9E0B3F7D0FCB77F7759D2ADF6FA1A69
:10D6B000FCF668583BD53918E15357BCB6DE696DA6
:10D6C000B5FEA8CF4D963C3596368AF4E7838BC1DC
:10D6D000E1308BCEF3DADEE53908784CC96BC81D32
:10D6E0006735EFF9E1DE6BBF76516FBC6E999A6DCD
:10D6F0004D7496BD4F06D9D5AB734795EE35B4A49E
:10D700008E67497A7E1CEB243C18E46788F1ACA54F
:10D710000D55CDE0D3F70C951CA7E7ECA5A5A35EAE
:10D720003BF53F8C6C03A26F5069E424FAAB568A38
:10D730001C68E62472DBA1EA7AAF5B8CA71CD314C9
:10D74000A6C3882F03310BE907AB92AC053CBFD2CF
:10D75000C567B49709B38874B67B46A7B73B13383F
:10D76000EC015E83F8382A721D438E7A6ADAA9D4F6
:10D77000B44F709A0DE28A13A3D7AD58624DA78BB0
:10D78000FC22FFBC3CFFD2C95A7556959D97300CC0
:10D79000ABF3BFBEEE2DACD86B36AC32B87CA1AFCC
:10D7A000F675E23915F9FE62F30FE2D8F460EA3952
:10D7B0005D2E4A403364A1FAF6621DFFE5FCAD58C8
:10D7C0000CA9AF0499E539A980C0F2A414E052CCA9
:10D7D0004A09624BD352D68579F97BE052CC9AED57
:10D7E0006465DACA1ACB792B3BB0347105B82C8F3B
:10D7F000D38199158D9B8295B66D096E798E6304E0
:10D80000D35CE6C8CFA2694BD3E9C06A000F728F20
:10D81000239811E14BF674A47F961D02980B45588E
:10D820003E319B0DF39497BCC81F12F017D9C2B6B6
:10D83000ED3B2B413823654D3B48A44B823F2FCF16
:10D84000BF728DCAECC5F9D0864E8EAB52A40B9533
:10D85000220B0D7E5159347DA4877443C48FA2D30B
:10D860002877AAD33BE19DFBEBEBFA5FE1F63D9B0A
:10D870005916EF3591599A4075A82B805C81BB9B56
:10D880009B76D94209FD87902BAF3672779B1BF9A7
:10D89000A37D73435F7FDCE3AFCEE6267F7636A9B8
:10D8A0000BB72A75CBC1CEE6BC76CDB45385D4E098
:10D8B000AFB712CC52AE2EEAAFEAE8EB6A3F5FB7E1
:10D8C000568D026D2ECDDF3C3F2362792FCB64D184
:10D8D0004555D87C36EAB58100DD60086653BDE168
:10D8E000804B970BD6720316658A628D25BEBB6886
:10D8F00070009E79364B9EA6E9B7C246E06B631175
:10D90000D72A2727E135D3809779807A14BC6D0513
:10D91000B9D561A899EC2DAA8635F354C2FEB8ACEE
:10D920006E6C3E9F1206333C9326563690571B581A
:10D93000AC992D02C3BEC80A3D74631D386F990AA5
:10D94000E0B92E97F68BC0FC343D3989F521107F64
:10D950006C615189E529C11E14037E9ACFB4C3D7E7
:10D960000F76F78E775F3DDA2388E198770F1E56A2
:10D97000BEF71F573E77DFF267D737152EEEE0C6AA
:10D98000C2A2443C4F3C1775E9961024D3BA3F37E6
:10D990003BF3BA9A4B58787854AD176EAC91414A24
:10D9A00097E807BBC185D27961D3904D7504D790B4
:10D9B0003AA2DB79F7D5C1EB57EF5F3E5290EF0B00
:10D9C0007431C9D5D6986FC98DC155E4721B16083C
:10D9D000A1886BD5DDBBE510FF554E82516686B63A
:10D9E0003B2CFAD8D9F6659EF70E765FED9B99CC65
:10D9F00065265F1D1C3CE018BFACAFD1607B1835BD
:10DA0000F66FB072D89EEFC7D6C65C91F7171D129D
:10DA10009B899825FF24D3836FD279679BFDF37D83
:10DA200042D9990150ABFF53960F0BDAF867FD9F6F
:10DA3000A589E1A5A9A9C29503F276997591B54E7C
:10DA40007BDD198BDC6C6E4D95A5A902AF5AB55CD8
:10DA50004ED5D04A77ABA55BDD0054B51E17927842
:10DA6000764453CE99B96584302FAD65CAB2EFB410
:10DA7000BB663F97472ACEC657DF93D22F033CD9C8
:10DA8000DC5A75E4952061A64356DCB6B1B4727CCD
:10DA9000762F1DAB7F716F36CA4BCAF7DD6995547F
:10DAA00078F0EAB24959197E5B359B8521E95B9D87
:10DAB000F9CF56A834F4EEBA2581E5845BF05F5ABD
:10DAC000CEF73B227501A33737B7EC2E585C9EA2E8
:10DAD0005F194F6B141ACDEB5C517BC3C04EAE7314
:10DAE00051D2196790A79558376E27F879F5D2D596
:10DAF0003D5984F8FA9E85F712906AF28041770AC0
:10DB0000D4E8FA190D323DEAFE64045DEBD21156F9
:10DB1000FA57F6D73740C8B3DE2C2DCDF2169C2F1E
:10DB20000E39F95BC31BFC3FDAAE7DAD6D63DBFFE5
:10DB30007DFA14669A72A432D8E6962602E12F2165
:10DB4000B44D9B404A92B6FB507610B600A546767F
:10DB50006539843A3ACF729EE53CD959BF35178D65
:10DB600064D9A47BF77C6DB03437CD65DD6766ADD5
:10DB700030D757DE4916494C41B892D68FBD9444F0
:10DB800014D5E05EA89E14E05A97A69BABAB136F2A
:10DB9000786ADED737CF682CA310C14EC74C4EF53C
:10DBA00093BA4C23339B138786AC3E7D7EF4E4E42A
:10DBB0001FEF0E7F7D2501F1118967340CB6F166E8
:10DBC0006A18C1A8301E25637FD78BFF864589ACB4
:10DBD0008FCA04088F414DAC27D3F50DEADEF074EF
:10DBE00072B63BD9DF00635AD6552AB7BE71A6C7B5
:10DBF000C7BD46CAE699EE7A5CC8C97AB8692F876C
:10DC000017956EBB58B06BC86E8D5E0D1712C41C95
:10DC10008D882A56D6089B2AA27D92382C5B36889E
:10DC20004A8623BF3A3C797EFC4C3192793A7A3469
:10DC3000BD89B3A46F3401DD30B3A49FDE1EBFA93C
:10DC4000F2FE6765923F74974DC97E652386EFA803
:10DC50006AC74F4F9E1CFCD8504D5D5757C5D923FE
:10DC6000481A1AA2B094065BD5DF37789396A4774A
:10DC7000BA88F2E67F95F2E67F2FE5CD1DCA3B73A9
:10DC8000696E3A2FC66880B270D6800F3709E140BE
:10DC90007AD59A2AAAD38AB2AB299C6E8B669EA8A3
:10DCA00041C7C0FEDB262C354D0431E8CE65F211AC
:10DCB00011AD49E6869B93921FA47ED12CB1F7BC8F
:10DCC000CAEA96053CA8B7463FAC2FCBB08DEB8B8C
:10DCD0007E6F68F1F2C5F33787274F5EA800108189
:10DCE000A38BAAA2848BD16DA09E0BFDCB70866FF7
:10DCF000BF63E7EA5ED9D89BEF9FBFC6380B787841
:10DD000057E0F8EAC9C9E11183239774BAFC5D367C
:10DD10009A820359B1A636245E96B2E74B671A6120
:10DD20009A966423B84A53A3F162F124AFCBE87901
:10DD30001DC18DECE8609C4D2A476D927E7AFBF206
:10DD4000C9C98F5A5ED79E7AB53058C95422E23D70
:10DD5000D0BDE1AFD4A98D922739F48B0BEE9BB2E5
:10DD6000518E2B0757B8F2AE9C1B110296DBE57D56
:10DD700079F8F2E9E10903727F74339E128320A0DF
:10DD800095CA9B0BC3B19AD76081B05CF86D5364A0
:10DD90001EC7968ABE8DA3A848F63C210765C757C3
:10DDA00057E790F86DDA1F8E26D4FCA9415B3D6CD5
:10DDB000F6765C5DB65E39EA83272F5EF0980DC675
:10DDC0004EDCF13D3189440D0FCAFABE846A18C792
:10DDD000C4C402AF017452D0C75477520926EB8DE8
:10DDE00083BC67F63796CFBE4B1648274D39E2C63F
:10DDF00068AC4C0B1CDDF13EF0A831DF3A0B7382AE
:10DE00000E691731BB73ECB15CA45D3F5DABA9AA91
:10DE100055C05EF32D2B4785399ECA7CEBDE26FE6E
:10DE2000FD1E885840A0345C9F4AF970A42D587597
:10DE30009B7D562FA458132BB5365657C53A1263FF
:10DE400004CBBAAF817F7B1CCDD5179395F58D7B25
:10DE5000654176A6D5F2C45AEA20A8F08525E27974
:10DE60004D4E9AE3FE7E6FEE033F475982F3DCADE1
:10DE700094377BFA510AF737ECB8A1759BE4D7AD1C
:10DE8000A8A57CE8367DB811BB608848ADFC90BA87
:10DE9000C3EDFA7340D5482A2C2D229C4A4603A292
:10DEA00018CD1C93ED26DF0E4751EE91960A669928
:10DEB0005A9B4F5550D32ABA1006BF949495DE074B
:10DEC0004743045BBEDFD43173B8D672ECC2E420A2
:10DED00064FB4AD7A84004F0BFFD06E0CEFD09CDA3
:10DEE000387B5DBB073867FD68128B5404F15A0814
:10DEF000F74BAAA95D4ECD746A5649CD55EA7F54B9
:10DF0000122F74D18B4AEAA54EBDACA47ED0A91FB6
:10DF10004CAAB92C4FA93AB4343F1979A291C768D9
:10DF200016F0C77494C746A5F9CFB5587199E62580
:10DF30008E7959EB9232F6E472878DF866D95D9A44
:10DF40005B37F755969E17758174E74E76B00C3C9B
:10DF500045890FFE320061476E8B7053DB8889AABA
:10DF600054AC5F6A22CDA43C7F7678F4E6F9B7CF53
:10DF70000F4F2410D59D100E78D23819257BB4167A
:10DF8000E453C4704094C7B0FB3960BD48404B1C9B
:10DF9000010D415D1469AE0B406B529B4A5D391413
:10DFA000A103F6AD1D6039FAB30449B3BCC0E25E0B
:10DFB0006250523724CE2AB640EAC9DADA105176D6
:10DFC0005D5BE05CE7FCFBFB22455DE773C49E32D2
:10DFD000C06469E788F7861C454387A961AF7C4523
:10DFE00061CD9536840E1CFB76F133DF09CB0348F7
:10DFF000F2B8897407664B0CC25034610D01ECAC69
:10E00000E889610BF03206A31B97B93158943E2E74
:10E0100097555BB838322F2AAAC6AC02DD4BCDD952
:10E02000D54599174ADCDC79CBDE9A9C3785AFACB5
:10E03000C416E00C4ABD3EFCE9EDE1D1C1210B75EF
:10E04000A5A965020BF962F1D5137E51D1E9674D9F
:10E050003D30DF787272F244299FB10A14B5587CC2
:10E0600075C0A8284CA85B1529CA7B2567BC1FC2B0
:10E070007EA5F918C38CF7C4D5463F3888A28924F9
:10E08000DE68A78E565C8683B28AF3C04A0E774656
:10E0900035E5A6632FB47CDF385320E7559DEF119B
:10E0A000A18C03ECE43444A553ABCDDBF0EA175E5E
:10E0B000D5106152BF9EA63D314D27D7C9253126C7
:10E0C000018013676CDA43BE5FA80DA57C412BEA83
:10E0D000B9F1AB665308915BF5BE50CF3E05D8232E
:10E0E0002AE0EECCB8B82BA7B3698FF5FD241E9BB0
:10E0F0003DD62CBE82E7B42C1E843320867AE3A85A
:10E1000053F8AAEBDB1DCBA17D6CDAE520999320B7
:10E1100010949B1F70CCC657FB741ABE9EA7C4EE0A
:10E1200092410B27485AAA7B2D9C218A7261368F17
:10E130006C0F4E554BF0B3A99AF26C77FD7A6F4D88
:10E140005922CF18B9F7CA97861804823DB44ED326
:10E1500081902E2E04E275FCC714E6DB436777A19D
:10E1600064408128799790A562148897310445B757
:10E1700096E6E581D0829890C64A118837D453B785
:10E18000AC51F5A85FB4866E8E35E104E26DD51E04
:10E190002F6469DA0C44DD5A2FA4C5BF4030D0BAD1
:10E1A00079667F2F782CF5D65EB0D1957A5B2FD823
:10E1B000D892E59660B0B5291DA135D87E284B5E72
:10E1C000136C6F4BC784186C3D96CFDCD76DE9A8F4
:10E1D000B6C1367DC27DDD908EC21F3CDE9007EE5B
:10E1E000EB9674AC13C143EA53B97D16EC3CA65EC2
:10E1F000BC38D62DED3C92D62018CC48D50936A493
:10E2000058E1BFFFCD7FD7047C3F97FB355488D4BE
:10E210002AE49066146C4A412F5B52FC5304DB9451
:10E2200024821D4942A9081E522BEA27B4AFEA777F
:10E230004F04DF48B1CF7FF742F5A27EF628EB11FD
:10E24000BDEDEB1FF54B1D782CD131FAFBB5C06449
:10E250008B8EFAF90A3F859CB3F8073A7C825CB250
:10E26000256FCA78A7E28190E29D40B8106D470BF8
:10E270006684D331CC2497F4064F9452B9E767BF34
:10E280008BC68A16083C89C2AF9FBF5972BC67EE25
:10E29000C8C9B2332FDA3FF431B62BEAA731E4898B
:10E2A00071DB4AF51D6BE111D4314F11A7C2DF5D5F
:10E2B00052E695AF833182FAAC9C2024E6703A880E
:10E2C00027BC01A7427ED1CA1D572835E81452C287
:10E2D00057F008EBCBE3F60F2076AFE841D3464B7F
:10E2E00043BC190B9C2287F7B5EC0E5E71D4010F6D
:10E2F0001D3E97D947C376A4EB6A91259D945D8B0B
:10E30000B99C3CAEDADEE60404789D462D395C28E3
:10E31000E720DEC0E76DA18805E6964A7F4A7C6A61
:10E32000E84EB2AC17C9E7F782C7A42D4B4483531C
:10E3300003DA2E71CAE3491EA41280C3C4380F86C3
:10E34000321AF21AE4719014326D1B7336243DE7D1
:10E35000604B9971B617B61F1BBFC3A9D9006324C0
:10E360005B54B99ECD4DECFAC35067ECAACEB7D141
:10E370003D9326F5AF592C3DBE544BB98B67251004
:10E38000709849FF6BFC785375D7BC9B6777A45294
:10E390001C1393C3FCF9451F218FDD834DC06235EB
:10E3A0003AEB2B34F64820D26A74CA02B05696E78C
:10E3B0007843508F6760A319C42C965FF2FE279EA6
:10E3C0007974BCC81A0B9389972AFFDA9F3E954946
:10E3D000431D55DDE95DE9C33429FB3D17932886CC
:10E3E00006734AE411C411A4117411E495C92A28D2
:10E3F0002C135610E5B312BBCB45F219C1120F66B0
:10E40000CDC41BAA576A0E2685B290E9D61A6FD8DA
:10E41000D1979AB3D755F6D70BB2BF56D99D05D928
:10E420001D95BDB7207B4F67878BF24355607F41B9
:10E43000FEBECE5E547F5FD75F5D90BF3A2C5CD846
:10E44000D1EB11D69AEBA5A48605E07AB5E4154A7E
:10E450003E05B794E09CCD6BD1437EAD1E69BC01F7
:10E460006AD4923F7D529C28F05C1FD6E76FD3C9D7
:10E47000743C66EFC3FAA45CCBEE5CC1F1AE6DA157
:10E48000385741481094C057569ABA78B41CC88D72
:10E49000886F77DFE6E05B45B32131A2DAF595744A
:10E4A000499FA77FADCB4632345DD53E3A55A62372
:10E4B000699AFC9CF09AF7D154893999736EC8B166
:10E4C00019321C5A877A4369BE5E8830C5C0C85D60
:10E4D0003FD571D5ED8689FAA0041954923D439930
:10E4E000D3B91553D9809A999D78CE8E00E2C80E83
:10E4F00039A18CCDF5424DCFAEED81FA704ADC18D2
:10E5000007CA636B7E494BF7FFF6CC9097F83DED59
:10E51000FCD3CE6E337B31731483461229274D8E84
:10E520009E4A66E30778B7FCC6B7C6BEDAE8E6D609
:10E53000DE0E0ECBAEE8AF59F2823BA551EE62443F
:10E54000D5A3B4A481C4C4E7E822D2B45E5BA6F527
:10E5500086C19030AC1EC460E80631A0426A1EB489
:10E56000A0F7BC160780A3A1A8B04C70C6AFA33318
:10E57000C59800355993323669D6028576B3A8E836
:10E580001B2F43888A59D6EE4F26D84B0ACF1FA897
:10E5900097A245C3CD8CEB7EDE7555592A4167E3C2
:10E5A0004A303293503F1B53962649A77CB8E8ACBB
:10E5B000D8554EB1BDD22BB6BCEFD130D3B7CA03BC
:10E5C000769F9ACDE303A500C397FED30571093466
:10E5D000DAB5A331E268E4673AE4C1B05DC6AB40A6
:10E5E0001203BE0D53A161DE7AA0B5A631134C43D0
:10E5F00017B0617901F3B19F50FBC6471862B0E3D1
:10E6000055B7408FFEAE71D33B23F55A3F174E806E
:10E6100081EFDDD04329C9BCB1899A709DE763764B
:10E620004B9CA4D8E421AC8906249D7F8887BD5EDD
:10E63000D7DF0B3D1BDAC1264A1B370B4347400986
:10E640001AB57BEA79E88AD7E5C06081C0D8084668
:10E65000CBE93089C48853153C18718462C7653290
:10E660005194C19487D1CBC37DE57BFC1CBEC7E12F
:10E6700091FEDC780FC709EBF7133EE2A8526894CD
:10E680004F8926E732A6142D0785FB95D007A505EF
:10E69000E1F8884319E044A01FC00FFC4B6F63A74B
:10E6A000BB46FFBEE6C3DD59940E46375E19225BBA
:10E6B000C76169C374929833DE198780D7CE71FF22
:10E6C0000CBD99F1BC1E4BEDC1173ED8694A1678B6
:10E6D000326787D270DB76AF4BE9B8D9A574E927EA
:10E6E000382FBEE8EC9FCB23E84FCEE7F6700F55EE
:10E6F000DFB309C5467B43B43EDE0C53FA36E02057
:10E70000E8746E6F6FDBB75BED5176D5D9EC76BBF5
:10E710001D2A2F5A1F92F8F6E9E86328B49773FC74
:10E7200013CA1B7D5CEC7FB187CBBF7CEB2DAC3873
:10E730002F5597D4E833DDEE57425FB7D56F70247D
:10E740007C555EFB0A85BEF6B5BEBD235B3B5DFC1A
:10E75000F3958BF69B68F27B2B1984020FC621B1CF
:10E76000F341E55F75F9A7EA752E8651FF771A39EF
:10E7700095D814ADBB506C3EB22D6C6D95F51F5AFB
:10E78000CFCACDB57776B8F6F637CEF73FBFF6C32A
:10E79000875CFB9B6D5BFBA1D3F5EDB2B6F6B0A633
:10E7A000E39799165473B8DA275A7D74863EDDA72D
:10E7B000F6B6684D33EA547B47542E1452D2BFDA72
:10E7C000247EFFA6261F3EFE7F6B12BFCB9BDCEB99
:10E7D0000088F8C959912F2FBBDB83AD1D171EF0A0
:10E7E000A3EB7EE32C0A9E33942270414BA19866E2
:10E7F00043EF4B3CFAFC89BDCE15FE10D2EC9F973F
:10E80000C4F7BD43080AA3D2CCD100ED94DBDC45AC
:10E8100084D794F2F2E9373B5FED9657B62B777BBE
:10E8200017461268552FB96AAFEA366A02A15B76BD
:10E8300013650AA7F61ECC8E8AAAAB7FED4EC57A69
:10E8400079E037F331BE516A661571C9F6C7A35B2B
:10E85000184F5B1777ADBDA8A5DCAA87E21DAD599F
:10E860004A6B768DA8184C632644646E46E9D568D9
:10E8700044D4F376629DB8D79DE1AA2FECBFD4456E
:10E88000E1767CAF1319FFE3766EFFCB25B2F4F48B
:10E890000AC1697209AF0B932045CA9BE82218167A
:10E8A000360E16241A37AA57588DF165E2F9747E90
:10E8B000EBB5BFEE480E8CE116580BCF7B63B880EA
:10E8C0002FCE656E38F07D112AF43DED32E64435E9
:10E8D0001D7E0B5C1FEF1C87A4A4F00E03240E6D9D
:10E8E0000487594EE3B22D4B3081EF69A586BC5A9F
:10E8F0007C32AFD058F460F6272DAD9A24EEB941A2
:10E9000086CEA2FE58C7039ADE925CDA631EC75712
:10E9100056C27D35C873376E44B5F750AC0BC7C9C6
:10E920007D43FBACE3A8A184694F34BA1310010204
:10E930009F38BEED1FCCA6059FBAC038F8BA35E4A3
:10E94000DD388754341115EFFB28C02EBB4C3F181F
:10E9500070B857EEC81D57F8CAD5C606019D29F0F4
:10E9600060F6BE6875E660EEDB1ACCBDA6BE3F8DD4
:10E970007046925EBE8FA32C7F4A12E48B6892BFD2
:10E98000BE4BFB0859A420D1667D1B25C378100C13
:10E9900079D5A679902017B11A82329E93CBE1AF38
:10E9A00051F1822A7EFAD4BD07D4F40D7683D46562
:10E9B000680113538094D7691DD8CC42ACD8400865
:10E9C00025622F99A11AF4CCF90678301BF5B81EF0
:10E9D000ADA3BA946E57B3D2F4BDD7F4454B3BE91F
:10E9E00009C5B3F843D28FA14DA5EA332DE50A94AA
:10E9F000BAF460362E2338AC0CCBA1D89008EAAB21
:10EA0000AABB0F66BA444F38DDDBA7BCBC35A16595
:10EA100053DA986AA3B10151771630FEB8BE21F6D9
:10EA20003F19E03133D454C5383810FB0F66EE423D
:10EA3000EBFC9EF20F67BEBBAC89AD56D98223CAF0
:10EA4000570625FE72E7971746AF331B758DC096A4
:10EA500090F087512CA8BFCC0ABEA8E1AA40999299
:10EA6000AB37412547BA2054A885BAB0CBFE8211F6
:10EA7000453894CB8D43F10B89DA46C086A87D4397
:10EA8000A273CC0EA8C009889711FA01D4C00794CC
:10EA900046CBE1B99E0C06BF2403E253CF928866B1
:10EAA0008DD030216D3E23813B1FBDD6748830D27E
:10EAB000C645B22AE15B7F011696A19D08BC386C61
:10EAC00053E9926363CE3FE497F1E5E552E732AD57
:10EAD00045DE654C06948572C298D439A3576A40C6
:10EAE0006B3EA60FAB1879B48EB9E1102E5FCCA1A6
:10EAF000BBD8C75E63ABF4F34E2FF1CD38BF73269E
:10EB00005FFEA3548C677D44AF9B20729D89619703
:10EB10005AA56758599344AD4926A70914DA606489
:10EB2000035445960E4E7191B6AF89E1651835AA2A
:10EB300083728CD82FBCE10B1D595E872BE3D55512
:10EB40001C5B88EE085A7AE6B2FE20BC2408654FAA
:10EB5000E22B61580DC68B4B48A4909EAA4D1FB660
:10EB6000BA10D377ED94C63AADB757D411116B40B4
:10EB7000025F846AD9F9ADDDF1A1402366CC554C22
:10EB80006283B702E6544E3A0EB161EBC08428B4FA
:10EB9000152FD813C36F171D3E628BFAF4FA971A1C
:10EBA000800B87B23EDE6C751EB5AAE9CE952AC9E8
:10EBB00099BE4C55BFCB2F515241D393F93D04C858
:10EBC000B942ACC7E483087EAD40BDEFE1AAC3659E
:10EBD000EF97602067AAE993E836E08D7DF5AC9168
:10EBE0002E57E1AA155C04A97EBB07367E8FEFE89D
:10EBF000AF7E59A00F07E35EA90FABAF5257FFF7E7
:10EC00007F44A182F73208C9121C5882C95982F97F
:10EC1000D983A12497E698436C0E3C143292B03EFF
:10EC2000156DE0C5B91CC92954FA5298FFD5730770
:10EC3000AB7A98DBD100E62F86D38C86B5A8D38932
:10EC40009E1607FEA92B9182F5D3A9EC9F9581D83A
:10EC5000A013FBDECA862F4F2FE5782E23F6E56C36
:10EC60003A26548E0FD55119EC7206D78D148BB0FD
:10EC700000B2EF354D8001049A1AED96E68D8A8236
:10EC8000A41C033189A9455DF33D060169C96CAE39
:10EC9000834B4EED91C16A5BBBF5608D58A1FEB40C
:10ECA000BCADA0E3EC5151456A795750A6E1804ACA
:10ECB0006128DA0C778259F460DF5292E1D1681052
:10ECC000EB2E62B756D2B25AC7035C9637287BD870
:10ECD000615555531CE220F195C68DE3E3F0DB202E
:10ECE000FB1E3D1666A9302D7D9EE421158B394310
:10ECF000C77AE23C4F1C82D80A1DEE09E7AA27FD1D
:10ED0000681C9B04A09DAACFD7E61032F099B2FDF3
:10ED1000967107ABC36CE8B3F9EA74CCDF1C703FA3
:10ED20001681D0D4C2FD6541F0A4B9028009C79212
:10ED30008978D2AF72E238ED6D285C503007C86632
:10ED4000B6E4F8E2223EDD53DA7480F345714EB941
:10ED5000E71A24357FFDD11883BD8A6F831076337F
:10ED6000BD29CF8FCAF24C8C8AED608E0D5090FA7F
:10ED700047B4372E77D3531A2407A595C96E7C7AEA
:10ED80000E6423843A3F0BE3D3F44CE24FE80DD5F5
:10ED90000B296DF6C27A9371DBD1D9489C6DAFF522
:10EDA000FCA27325B5AAA24DB56FBC193644839455
:10EDB000E841B8AFA323B32DDBAF07FC1DF6584ED7
:10EDC00008861C7ED9973F874E686ADD601652130D
:10EDD000F4DD4BA303B20D18E6DF19088EEEAD6D1E
:10EDE000B97A084C8B4EA0C81C191213C34CA5A7A6
:10EDF00073985065E1FE774CA4624BA4B2A2BC4369
:10EE0000EBFBC1779E73A796A0E5BBB092A0BB3A7F
:10EE10000AEB5D8CC2BCD9BADA5BD9907D5C00F894
:10EE2000911A1AC16A3AE148BAF26318BB9175E5C2
:10EE3000E99DBC950767E1737C10D34904504D6789
:10EE400039767FF70E78B1168ADD9658BB234CA031
:10EE5000D78FF44A6FB7BE3C68D890A034EF406FAC
:10EE60000F988AFC2EB5E7117E4150DA72AF40B799
:10EE700068939CA22A816FA4F034D29F035AD20CCB
:10EE80009182DFF10498FADAAEAE5D061C1208B486
:10EE900047A9C2D79ED9068909BA476310D8E82A7C
:10EEA000D2D4AA01DFDDAA6D989F7DCD8C5EAB56D2
:10EEB000390C442FFE8B0DAA5A6D10336E6DB71EA0
:10EEC000F494496C214DB0E633359267E1E854C1C2
:10EED00069255A795BF888FACD86FB5756E9AB6FFE
:10EEE000053C6BDF662486AABD00523CB1179054E6
:10EEF000F602A850D4EB06F013EBFBF2385CE9F213
:10EF00008110E3101FD247365564B24C5B79254F10
:10EF1000C2F98DC651AF7D1A9FF59CAD13EEDEB0E0
:10EF2000218034077246E868BB8EBD1EBFAA4DD053
:10EF30005A690D0F95F2062FA39EDE4DE8A8ED0449
:10EF400018756637717E3D1A04623C9A20FE16FCE5
:10EF50003FD4881B28C33DBB0E1C8E3D78E9ED7461
:10EF6000C168DE60CB6596ADAE46047199ED4698FA
:10EF70004A12C62AC1CF9D4C1B9837F531FB520C63
:10EF800046539AC265A5CDB50E2E9F3B3B4246AF78
:10EF900027008BA6F968127DE0C3CE0418ABAB271F
:10EFA0000A42AAC0017EF436F41040DE92BC18A4D6
:10EFB0003EBA99E0049C2F78578B7747B18B436911
:10EFC000194D34B64FF93C7676A7C502874564FEE5
:10EFD0002EC33774115B91F8535766E11CFB284F21
:10EFE000AE140B162B5DB05899B338DF13654A9CED
:10EFF00085F89365A0F985A8C6816C9C3AAA7DA482
:10F00000B63FDF873348A7A57A735811615F4B611C
:10F01000952B410CC700DB47FAE47B4395C28F2454
:10F0200085A8049A8E3E610FBF1834098F410BB436
:10F03000F6CB394613B6A9041037496A84F9F76D3F
:10F040007AA14CFA8B8CE8A39311817CD35F1FDCEF
:10F05000331E9739788337871C876069524AE66A7E
:10F06000202C6BC3FABCDF350D6987562A799D24A5
:10F070001EA18260308E6BA03C0A8DC8F84E6202E1
:10F08000DF639EAE21C90487443140A9DEC0F1830D
:10F0900083BD86231215517BD00D993AF879351A24
:10F0A0003D47D79814544FC08ED0DC8DA9EE069FF3
:10F0B000C9535643E262497A39125C531B901AEBEA
:10F0C0008E755D7049524F4DEFB4070018692641A7
:10F0D000ACAC35AA1BC6477D73731F7473D576D449
:10F0E000C8C03AE957D21206BC9092263CE095E39C
:10F0F0009695ACD0D8EC03DDAC6AE885F784A84FD0
:10F10000DB7AAB57A1E43303C7680AAEDB9B9BBA3B
:10F11000F9D77A28E1071E53C1BF729A2639DEF863
:10F12000572D0F420F347FF2B2FAC99EBBF6FA7028
:10F1300046094231A0A78AAEBED4B15D833F1DC946
:10F14000BDE2FE8810FED3A779E64AF214CE5DC474
:10F150002A481701052BC40A28382A577387AF7528
:10F16000870DB606C74E0F9A2607181628445B026D
:10F17000E04BC7C89D1A90B080C13577EBAAB67432
:10F180000D5FE08BB45818FDF419DF04AF5078D64A
:10F19000FCD581FE2AD04A639764E35EA0EDEF259B
:10F1A00099D4D8AF198EAFDA8F7895FE8EB6292D07
:10F1B0004BAE48617A374ADF31837917A583779A56
:10F1C0002FA96359F8FE5B2DBA0BAE2A7CDF906F36
:10F1D000A5F12D6FA5D280E2627EA00D1ADC081485
:10F1E000B8BFD084E19AAA11CC8827467C5C22362D
:10F1F0006725A66362EB039BE257A6E8E2DE29D20D
:10F20000640F5F4320BE318C1DEAC1403F1F39A20D
:10F210002F1FD124962DFFC3101563E5488DC162C1
:10F22000584694B706BB841B70EC247FB89B2463BC
:10F23000B52B67F6E7525B6D68DA4CECC668EB6796
:10F2400062DA318C30C6FC7E4EFACCD0E8A23F5454
:10F250008447A890D6966036EA7045157A4D3E22CE
:10F260007A65B543DE7D1452DCD28AAD894E47AC57
:10F27000E5ED6B121BE807C3C334ADE1D834754329
:10F28000EF2EE0103C5F612A890989AB6D9BCF9717
:10F2900002DBB7933617F2704B26092B456F2721F7
:10F2A0000EAFFF125FBC1EF57F8FF9CA2DD718A5D0
:10F2B000A3719C560BABB4D555F304FAA40BDF1025
:10F2C0000CD1C455860E194B0DDF91B148D2266280
:10F2D0004FD27F59097784943095FBB3C6E32FB79B
:10F2E0009316FBAD0D6011427D682DF6DB3CB8CA6C
:10F2F00097F574F709723363E31912B40D30383B94
:10F300003B38C88544B33A8E4128911BF1968FD281
:10F31000BA793568358DB8456764A6040A50217FEF
:10F320000A81332BD63404398F3E8FA0F7ECA5FF2A
:10F33000D3A78559FB0FB7BB3226514EE8532F2276
:10F34000101BED6E7B932081951841F2A7028D6012
:10F35000A67FA1B5A8B48908F8168414D3C4A4B3B1
:10F360007EA4D30B92B5FEC873548D53F082B27C49
:10F37000462D7366D0E95CE03042D6BE4E3EC437BF
:10F380007F1013BD09361E3DDA12547B904E501982
:10F390001848C5F5914161AA4F073892F3A8CDFFEF
:10F3A000053B5B94D18FC6B8E5517E7F92AAAED75C
:10F3B000BEAF5AEC565BCA69FEDB57A311496CAA73
:10F3C000179B68923DC67FC071D2AD87DD2E863413
:10F3D0001A5C4C270D8DE2C4A20876BA9B54E862F1
:10F3E0009A0C0728C3B128D876947C446B038CE42C
:10F3F000BB8383B59BE8F7981232D23728E522CA3F
:10F400006292D6719F49F447441445707AC6DF4230
:10F41000F9F8633261159C5A26F11EED82F13873BA
:10F42000A3F90428E6FF357725CC6D1B57F8AFAC60
:10F4300019D743368088BD7048A23C8E6527EED42C
:10F44000B16BC7E9A461C69144CAE2842255493E22
:10F450006A99FFBDDFF776018287EA7452CFD496AE
:10F460002060B1FBF6DDBBC0BEB7A803D424F7A66D
:10F47000F5902A793421A2B161CFE5F8783EBFFE3C
:10F48000E3704E2797E7EF41C2EBF0BEB50590DE83
:10F49000FA33D028A67A91BA25EDA3CFB704379ACC
:10F4A0000762367D7371F59ADFA46F81615C6867CE
:10F4B000035F56E43266AB629CDD37553B79767E5E
:10F4C000953EAE9EA388F3F90EF481821DBD9E5C2D
:10F4D000E8563B3EA2368D74D5D431B7D6C9CBBAE7
:10F4E0008EBDAD8EAF6BB85BA1989C7C6FCCF67671
:10F4F0003A1E4C9EA9777E271BD1D1AA6F5F3D5142
:10F50000A97A8C33AD95C98C57DAEEBA6257EB867F
:10F510004E9F2DF02F18F54D67F906AC51F463C6D8
:10F52000FB45C88FA3E43B4988CFDBEDECDFFF70E0
:10F530003E6DA2E886F42743C6B1A0CDD1743E1B30
:10F54000A368361F76EE1F0C67FB770E9F3DFCE12C
:10F55000A7E78FE40310CF5F7DF3D7270FD5B093D4
:10F56000F6FB7FB70FFBFDC31F0ED5CB1FBF059A60
:10F5700099CEAACCF5FB8FBE1F76863354D98CC7A3
:10F58000FBE10543F274FFC5A387291AA54D23406B
:10F5900061C891CE7646D7A36187DDB6C3FC6A0405
:10F5A00043A0DF36C875A49F741DE29ED008A53B1A
:10F5B00099FCBBB81E3641509B37EAE8C061080F82
:10F5C0005CDE6D9F0B68CE85E06AC60FAE18D8FD75
:10F5D0008283355A7D783A19FD845F753E1E5F0B34
:10F5E000FA20A01D1C38ECB43E0611E1252DD8F1FF
:10F5F000730CB8A7C3BDB43EEBB15B89F21A76BEFB
:10F60000AA11A9E3C986F2D63BF08B33003542D16B
:10F61000535F5ACFAFB7144E9DA46559A9D4972A0A
:10F62000D54596ABD4419952631D0A75E6AD4A2D76
:10F63000EAA6D6A082CF9D4A73A787B3B4E0A9CE2D
:10F640009C46DD1C076F70B065C1428D462E23407D
:10F650004FD09AE0AD51156F6A9B29AB0150E76816
:10F66000612A80CABDCACB8CF78A4A051C4CA50BFF
:10F6700055118EF6AE503ACF0D0A4B6D78EAE5D4AF
:10F68000AA1282B0D658E5735DE2CCDBE1CCE7A5E7
:10F6900055DA59F4619401518531CA66809B55A8A9
:10F6A000932963D0C8A8BCC894576509220AAF3C07
:10F6B0003A061980AED12CF5BE1CCE80BB23C5C046
:10F6C00023036980992BED899271448980C126AF0B
:10F6D0001C08CD618505C82B4DA172FB519DFB8295
:10F6E000046539503A117251CB9768A1D1A28CD4DC
:10F6F00028234CB4056090C599514566C94B949038
:10F700006B0E08E7054A2AC8A1F00598A53D4E0DE5
:10F710009BA1DCB0B2080A646814F2DC5A160044FB
:10F72000EA2B4AA7C0A1247226074E9E70F3D2018D
:10F7300054E5281068188F1A475B910D1950295904
:10F7400068C31DEFE3A9F74E45AAC809CA06DC72D3
:10F750009EEAA08B12CC2BD95DA504A43395B23EB2
:10F760009E3893B3D74A499F4549569243E0A176C4
:10F7700094276440B9FAE1AC0026A898534F3CEABC
:10F7800069E86851520780982367F00BC587683590
:10F79000F1A832DC760A3DA172E6140B21630D500C
:10F7A000D0215C58C85D19F4A62134A0C10B7405A2
:10F7B000EC04030769910BECDD42934F306B01AE13
:10F7C0009972547B9D51574A52A87335D5147A21AA
:10F7D0005C0055F10F2A41EA30249705D1E41594D5
:10F7E000336739FA3634275C5947D1382A1619EA73
:10F7F000A8EAE0610E3584992970ADE2716A33722E
:10F80000B912A67F1C76FA6B865BC052AA020C82E4
:10F81000DD7AF44D9169E15DE1825678B13BC19D9D
:10F820000A4C8D155CC067E8022971056C830A4299
:10F830002C5CC15AA85FB04D01B9BA8C6A00E6953C
:10F84000A5981A79EA091BACA6228037986F024264
:10F850003E9C9545108A055116E4FB2A1793CBA1CF
:10F8600070D007D81EC8A3E5416E5058583A95305D
:10F87000A76C690C689DD3E29C86A15496D2814EF8
:10F880003B404FE9A10A4B2DB31534A0127703601A
:10F89000A86D35952D7A2A4D6B138F43A688383C79
:10F8A00064EF68A820C453F1A90F04A9E8A420219B
:10F8B0000AC992F3A8AB5CB8001369BF8A460A591B
:10F8C000693A447A8422A38B32EC58C40206E99246
:10F8D000CED3C241017B25AACF1E2A0EC21A1264C2
:10F8E0008DA0D7F44427742EF46CCE05E6F34C8C2F
:10F8F000870A243E061D8BCDFAC064281089CDEA04
:10F90000A2D64DFA3C5200370A60649676E41A0893
:10F9100020BE8A4E40873F46E0D3F8C0020A9F7E51
:10F92000014E676AE8CF2CF9C24AF4180025271463
:10F930003A6401DD224129DD8BA1C68B898A47D13A
:10F94000C19DF32E6903A77CF0606021840A7D8449
:10F950000FC61558A3C96C0DEDC9596C39DC50E2BE
:10F96000453C29C58CD805DD334D830713CFC4B87A
:10F970002A289817B24130F0980637438C38D09037
:10F980002EF99B0B8674DD27F424F4AE3074769D3B
:10F99000B2D01446BCD67066C86A7A604B62E40482
:10F9A0008C83A9C313F30732A778BC0C1760181413
:10F9B00006141BD471D240D1D2C17EBA964288328D
:10F9C0005417D860F087D000EA5A4ABF67E8FB0AAC
:10F9D0002A12B02C551CF28203359183053582140E
:10F9E0001AF252FCA7F450C9D859040D4E894F1A87
:10F9F0002C101089AD5882B017956CB06EE044861B
:10FA000018D433965C85824E798FAE57B3B52D8C62
:10FA1000788DE8E345C32D3D22F1C2D84D172F3F25
:10FA20000E42A445D16EE191A89C4EA6073C180257
:10FA300021823939227E8602D162A07216045B814E
:10FA4000F139472C39C3A80CB70E274FA3D1980919
:10FA5000984ACC10B206E9240A2E533EF7E2C3E0DE
:10FA600065852C0707C2AEE15F092913CBC54C841D
:10FA70000E021C354115C54BA035E721042F88190E
:10FA8000F1B8981A2B88710AF214F132B08C1398DD
:10FA90000E951308C0542A1199E748813185CE810B
:10FAA000F0733169433FA9E921E8C54535E487434F
:10FAB0000AE722160303D53553C2AED8A3308BE331
:10FAC000914C103847F1F1C451AD4935BC97B55A46
:10FAD000EEF0AFA6A97A2A03EC81AE9F5E588BF1B7
:10FAE0006A5A08FD8D4C1E384E9662A21C8E44BD8B
:10FAF000382F2B8820674359218EC91A4D120BC508
:10FB0000FF70B49CA6C01A1C144C6A72D8CEC927C8
:10FB1000CF5914075B1619581FDCE4D4C8548E6CF7
:10FB2000A3A2D46350FF8D1C19F53FE493651D8398
:10FB30008B670B59199030E6A4D344F1CA739E44E5
:10FB4000A8E319B879AC91B03134E64B3B5CC640C0
:10FB5000D797F573635CE1D85D3E49362F302C5F53
:10FB600065CAB2D2124C88796AC35F8677B5AB3763
:10FB7000A5E999E247BE78938F979D953844D9DBE4
:10FB80006EEFBF001B62D86A58E1DB42A2C3F2B13C
:10FB9000C8AD80E4DD7B1B46E04413ADB4C992459B
:10FBA000F2192CD85262262FE511F977F4D9EEEE2E
:10FBB000FBF1F5FBF9E56FF766C75717EDBEC252CB
:10FBC0004622312D4B71ECC4E7663CB1C715D6E631
:10FBD00069729D09ACB017922C4C4CE2F8BDF0CD87
:10FBE00017866FBF307CB74527B682FBE5B3C26D81
:10FBF00069EE7F926D23CE274F5FF5BF7DFE5231B8
:10FC0000265F1D8ED16055F2AD0E9B75960D229A22
:10FC1000D72A49272EA1E06E767E9568BE4B79F5EE
:10FC2000B42A3F2486D79607C783E7A17ED59214CE
:10FC3000BC2A79A87068B8C1EFA96EB2FE0B7081BA
:10FC40001C480FD4ABC3E7FCF3E0CD9367B7722138
:10FC50002EED6EE581BC83FAE3F846E2C3075FF957
:10FC6000F5CEE623CB5B8969AD452D1DA5F4BFF428
:10FC70008EE16A15E53655CDFBBFBA7D7C43D84091
:10FC800040D3CBF1D55903A4B9BF826CFC2E69A334
:10FC9000ADE17F729B37AF5F22A9A7477CDD3A3B7E
:10FCA0009A9DB4909E9CCB9BD5FF7737FEBB14ECFE
:10FCB000164AD7DDFAFF5CB11F86E853F56378EB8F
:10FCC000C5B8C64663EB97888B755F1FE9FA027665
:10FCD000F64A5E13B75F1EAEA84FF355DAE0EF3079
:10FCE0006D686110DE2837FA2DC1648A5BCE306101
:10FCF000B1A536F5C73AD3B3F9E5E423119C365ADA
:10FD0000BBFEBEBA56D166D2D0B11D5EC5100A6A1E
:10FD1000CAC7B797E37506F103ECF2C16A795F7D54
:10FD2000F91BF10A9737B169FCF828EE7F658EED73
:10FD300051E13B3550095A5BDE34793E3EE92C16E1
:10FD40008BBD31230FB9BFE75A761BF7778EA9F821
:10FD5000E3EBB00EC9BC90A3690F557BC978B65AC6
:10FD600086CA720DB18FC697BD6E134FD0E4242C96
:10FD70001720E32AE3DA12A4A406267C7F29EB8F5E
:10FD800021CCA989B18EDDFCADCB15E25B32D293DB
:10FD9000A3C19C9154CB049C103F97BCDD80C3E869
:10FDA000E3938D52D9D92339BDA5FC62138AEE2580
:10FDB000675B4B474DE98BF129B72D78BDB2BC2865
:10FDC00041D77FE976DE8F8FAF642DB2B50B466BDE
:10FDD000859171DDDDD514897A5BA9187813C34844
:10FDE000F7DA1B14B4A04E64F3CBEE6CA729AAB7C4
:10FDF0006D5AD649968B1ABB370B09B38D71BADC95
:10FE0000CC60AFD5B6150F883B83E9624B685602CC
:10FE10008CB889718FEBC68C0EBD787B3C9D5C9D48
:10FE200075B9D49BC80E89F57A2B97115BF7E73328
:10FE30008640CBFE52F53AE778B5C2E9695D639139
:10FE4000BC91E621088D8B54FD90BDD759869BDD72
:10FE50009C44EC2420A0DE92210381E7833A601EBB
:10FE60005DFDD65BADF8B64EBFD35122A03204156E
:10FE70006E421ED7D16DC485BB3A9C48A035B46094
:10FE8000FA2F295B02EB2D36C2445B0A7174EFDE58
:10FE90002A299062047DDE4B8E3E7D0AC0979DB577
:10FEA00000EF0561BD67303F037E4F6B58E1EAD636
:10FEB000E0C86B960428D7F25116A6A1ECAC853B9E
:10FEC000A29806B7B4AA4619EEEF84F5C87BF75E90
:10FED00077576AACE448325A6D75BF8E1810BD91E1
:10FEE00058B96C935C0D32662C3C894BA1DD35CB47
:10FEF00099532F7E9500D19D8BA351D8F5D8249D81
:10FF00008C3B4D0678D0F9268D324B5AAC5D3EF6CF
:10FF10002DF9E2323B90C83B469EDD9F747BBB9B34
:10FF20009C8A09CB8C1F3884076F76F89877274C0A
:10FF300027F86EFEF69279035FC3B97E1DCB9E4E05
:10FF400066B494B5D2975C911FB134993632648C03
:10FF5000631814EF0C18477D35680A92EF24F78771
:10FF600041AECDB619374D4B6873A36F2D2E35B406
:10FF7000EB056347F5D8FE79DE6312D159729A5CBE
:10FF8000246FA04ADC26172E06DE69304A6AB9EFD4
:10FF9000679F3EC5D38341B7D99544BC2C9F90EB56
:10FFA000242EEE3BD26BA90BA3397F8E61CEEF06D8
:10FFB0008FBA87C9839F575A372317B397E2BAFA84
:10FFC0002FF00F8C5B8DAA1C13BB3A12CB3ABF0FDC
:10FFD0008BB813CD6C37AEF20F0693DE964C3F49CB
:10FFE000A638B87BF32E6468EEDFBD79B950D2E253
:10FFF000F16C70F7E67C35DDBA7FF0ABA079BC3AE6
:02000004600496
:100000008604EA963912E21D8E627777B29826331B
:10001000AE43ADEBC4DF3B739C0F06D79F3E5DEF55
:100020000FBA11DFA61273163E0C8EEFEFFC1C19EF
:100030002551DEDBB215D7696825F2BE9F7C3CBA3C
:100040001CA561A08F098192CBCBA794FA6BD359E1
:10005000F6EE6C2F3EB92CCBFE84C9F07A56F9E847
:10006000E8EA4C820452CE4C2F980ABA9AA418524D
:10007000905B51EEB2DB55CC16DD929E1EC1A86599
:10008000166A67E53BF2C06AE3BBEFAD3C7288EBF2
:100090001F90D0D9FCFDA0812012C3748069C16B70
:1000A000C9F271C62079924AA486D3E326D77C99F7
:1000B00031DBC294D5B6A15953106681ABE9ED404E
:1000C000EBB1F416D3C989DC262A5BD3CB71F77464
:1000D000F56EC8301F484A748CB5C2C5896829C6F8
:1000E0002C9CBF6965CBA3EB7F2E54B412264F67BF
:1000F00081529C7E5863C00A3E61562569A6ABBDFD
:1001000070B70749F35D65523B777439395B4ECA66
:10011000C64D8899CC0A56827A7A7BFBFDF025CEB3
:1001200083FD3E95F8E0DFEA9258070E1B020000BF
:1001300030303030303030303030303030303030BF
:1001400030303030303030303030303030303030AF
:10015000640900000100000600000000000000002B
:1001600084D30120ECD3012054D4012000000000EE
:10017000000000000000000000000000000000007F
:10018000000000000000000000000000000000006F
:10019000000000000000000000000000000000005F
:1001A000000000000000000000000000000000004F
:1001B000000000000000000000000000000000003F
:1001C000000000000000000000000000000000002F
:1001D000000000000000000000000000000000001F
:1001E000000000000000000000000000000000000F
:1001F0000000000001000000000000000E33CDAB45
:1002000034126DE6ECDE05000B000000000000007B
:1002100000000000000000000000000000000000DE
:1002200000000000000000000000000000000000CE
:1002300000000000000000000000000000000000BE
:1002400000000000000000000000000000000000AE
:10025000000000000000000000000000000000009E
:10026000000000000000000000000000000000008E
:100270000000000000000000000000000029DE0770
:10028000007B9A176828002000000000E8030000A7
:10029000000000009028002000000000E80300009B
:1002A0000000000000001940FC37012000000000A1
:1002B00060CF0120E0CD0120000000000000000020
:1002C000280000004000000028000000400000005E
:1002D000000000000000000000000000000000001E
:1002E000000000000000000000000000000000000E
:1002F000000000009028002000000000E80300003B
:1003000000000000008018403C3701200000000081
:1003100088CF012020CE0120000000000000000056
:1003200028000000400000002800000040000000FD
:1003300000000000000000000000000000000000BD
:1003400000000000000000000000000000000000AD
:10035000000000009028002000000000E8030000DA
:100360000000000000C018409C3701200000000081
:10037000B0CF012060CE012000000000000000008E
:10038000280000004000000028000000400000009D
:10039000000000000000000000000000000000005D
:1003A000000000000000000000000000000000004D
:1003B000000000009028002000000000E80300007A
:1003C0000000000000001A401C390120000000005D
:1003D000D8CF0120A0CE01200000000000000000C6
:1003E000280000004000000028000000400000003D
:1003F00000000000000000000000000000000000FD
:1004000000000000000000000000000000000000EC
:10041000000000009028002000000000E803000019
:100420000000000000C01940BC380120000000009E
:1004300000D00120E0CE01200000000000000000FC
:1004400028000000400000002800000040000000DC
:10045000000000000000000000000000000000009C
:10046000000000000000000000000000000000008C
:10047000000000009028002000000000E8030000B9
:1004800000000000004019405C380120000000001E
:1004900028D0012020CF0120000000000000000033
:1004A000280000004000000028000000400000007C
:1004B000000000000000000000000000000000003C
:1004C000000000000000000000000000000000002C
:1004D00000000000F8310120C028002000000000CA
:1004E000E80300000000000000003F40A82000607A
:1004F00000000000000000000000000000000000FC
:1005000000000000000000000000000000000000EB
:1005100000000000000000000000000000000000DB
:1005200000000000000000000000000000000000CB
:1005300000000000000000000000000000000000BB
:1005400000000000000000000000000000000000AB
:10055000000000000000000000000000000000009B
:10056000000000000000000000000000000000008B
:10057000000000000000000000000000000000007B
:10058000000000000000000000000000000000006B
:10059000000000000000000000000000000000005B
:1005A000000000000000000000000000000000004B
:1005B000000000000000000000000000000000003B
:1005C000000000000000000000000000000000002B
:1005D000000000000000000000000000000000001B
:1005E000000000000000000000000000000000000B
:1005F00000000000000000000000000000000000FB
:1006000000000000000000000000000000000000EA
:100610000000000000000000C028002000000000D2
:10062000E80300000000000000803F405820006008
:1006300000000000000000000000000000000000BA
:1006400000000000000000000000000000000000AA
:10065000000000000000000000000000000000009A
:10066000000000000000000000000000000000008A
:10067000000000000000000000000000000000007A
:10068000000000000000000000000000000000006A
:10069000000000000000000000000000000000005A
:1006A000000000000000000000000000000000004A
:1006B000000000000000000000000000000000003A
:1006C000000000000000000000000000000000002A
:1006D000000000000000000000000000000000001A
:1006E000000000000000000000000000000000000A
:1006F00000000000000000000000000000000000FA
:1007000000000000000000000000000000000000E9
:1007100000000000000000000000000000000000D9
:1007200000000000000000000000000000000000C9
:1007300000000000000000000000000000000000B9
:1007400000000000000000000000000000000000A9
:100750000000000000000000C02800200000000091
:10076000E80300000000000000C03F4008200060D7
:100770000000000000000000000000000000000079
:100780000000000000000000000000000000000069
:100790000000000000000000000000000000000059
:1007A0000000000000000000000000000000000049
:1007B0000000000000000000000000000000000039
:1007C0000000000000000000000000000000000029
:1007D0000000000000000000000000000000000019
:1007E0000000000000000000000000000000000009
:1007F00000000000000000000000000000000000F9
:1008000000000000000000000000000000000000E8
:1008100000000000000000000000000000000000D8
:1008200000000000000000000000000000000000C8
:1008300000000000000000000000000000000000B8
:1008400000000000000000000000000000000000A8
:100850000000000000000000000000000000000098
:100860000000000000000000000000000000000088
:100870000000000000000000000000000000000078
:100880000000000000000000000000000000000068
:1008900000000000000000000215000001E8010057
:1008A0000000000068C00F40000000300F00000092
:1008B000020000002C851F4001000000FF00000026
:1008C000FF00000000000000000000000E0000001B
:1008D0000200000030851F4001000000FF00000002
:1008E000FF000000000000000000000013024000B4
:1008F0002600180078000000031600000DE8010033
:100900000000000068C00F40003000001000000030
:100910000200000038851F4000000000FF000000BA
:10092000FF000000000000000000000011000000B7
:10093000020000003C851F4000000000FF00000096
:10094000FF0000000000000000000000FF00400069
:10095000260018007900000001170000F5E70100EB
:10096000000000006CC00F40000000030700000002
:100970000200000040851F4002000000FF00000050
:10098000FF00000000000000000000000800000060
:100990000200000044851F4002000000FF0000002C
:1009A000FF0000000000000000000000FF00400009
:1009B000260018007A0000000718000031E8010046
:1009C0000000000074C00F400C0000002200000076
:1009D0000100000048851F400100000030000000B9
:1009E0000200000048851F400000000023000000B6
:1009F000010000004C851F4001000000FF000000C6
:100A0000FF00000000000000000000003202400073
:100A1000260018007B000000061A000025E80100EF
:100A2000000000007CC00F400000000C1C00000013
:100A30000200000058851F4001000000FF00000078
:100A4000FF00000000000000000000001D0000008A
:100A5000020000005C851F4001000000FF00000054
:100A6000FF0000000000000000000000FF00400048
:100A7000260018007D000000041B000019E801009A
:100A80000000000080C00F4000C000001500000002
:100A90000200000060851F40010000002E000000E1
:100AA0000200000060851F400000000014000000EC
:100AB0000200000064851F40010000002F000000BC
:100AC0000200000064851F40000000002B0240006F
:100AD000260018007E0000001000000044D3012012
:100AE00080302020000000004300000000000000D3
:100AF00000000000000000000000000000000000F6
:100B000000000000000000004300000000000000A2
:100B100000000000000000000000000000000000D5
:100B20000000000000000000430000000000000082
:100B300000000000000000000000000000000000B5
:100B40000000000000000000430000000000000062
:100B50000000000000000000000000000000000095
:100B60000000000000000000430000000000000042
:100B70000000000000000000000000000000000075
:100B80000000000000000000430000000000000022
:100B90000000000000000000000000000000000055
:100BA0000000000000000000430000000000000002
:100BB0000000000000000000000000000000000035
:100BC00000000000000000001D82020071590200B8
:100BD000000000004C2F0020883C00201C4F00200B
:100BE0001C4F00201C4F00201C4F00201C4F0020D9
:100BF0001C4F00201C4F00201C4F00201C4F0020C9
:100C0000FFFFFFFFFFFFFFFFFFFFFFFFFFFF0000F2
:100C1000010041534349490000000000000000006A
:100C200000000000000000000000000000000000C4
:100C3000000041534349490000000000000000004B
:100C400000000000000000000000000000000000A4
:100C5000000000000000000000000000F83A012041
:100C6000F83A0120003B0120003B0120083B012015
:100C7000083B0120103B0120103B0120183B0120C4
:100C8000183B0120203B0120203B0120283B012074
:100C9000283B0120303B0120303B0120383B012024
:100CA000383B0120403B0120403B0120483B0120D4
:100CB000483B0120503B0120503B0120583B012084
:100CC000583B0120603B0120603B0120683B012034
:100CD000683B0120703B0120703B0120783B0120E4
:100CE000783B0120803B0120803B0120883B012094
:100CF000883B0120903B0120903B0120983B012044
:100D0000983B0120A03B0120A03B0120A83B0120F3
:100D1000A83B0120B03B0120B03B0120B83B0120A3
:100D2000B83B0120C03B0120C03B0120C83B012053
:100D3000C83B0120D03B0120D03B0120D83B012003
:100D4000D83B0120E03B0120E03B0120E83B0120B3
:100D5000E83B0120F03B0120F03B0120F83B012063
:100D6000F83B0120003C0120003C0120083C012010
:100D7000083C0120103C0120103C0120183C0120BF
:100D8000183C0120203C0120203C0120283C01206F
:100D9000283C0120303C0120303C0120383C01201F
:100DA000383C0120403C0120403C0120483C0120CF
:100DB000483C0120503C0120503C0120583C01207F
:100DC000583C0120603C0120603C0120683C01202F
:100DD000683C0120703C0120703C0120783C0120DF
:100DE000783C0120803C0120803C0120883C01208F
:100DF000883C0120903C0120903C0120983C01203F
:100E0000983C0120A03C0120A03C0120A83C0120EE
:100E1000A83C0120B03C0120B03C0120B83C01209E
:100E2000B83C0120C03C0120C03C0120C83C01204E
:100E3000C83C0120D03C0120D03C0120D83C0120FE
:100E4000D83C0120E03C0120E03C0120E83C0120AE
:100E5000E83C0120F03C0120F03C0120F83C01205E
:100E6000F83C0120003D0120003D0120083D01200B
:100E7000083D0120103D0120103D0120183D0120BA
:100E8000183D0120203D0120203D0120283D01206A
:100E9000283D0120303D0120303D0120383D01201A
:100EA000383D0120403D0120403D0120483D0120CA
:100EB000483D0120503D0120503D0120583D01207A
:100EC000583D0120603D0120603D0120683D01202A
:100ED000683D0120703D0120703D0120783D0120DA
:100EE000783D0120803D0120803D0120883D01208A
:100EF000883D0120903D0120903D0120983D01203A
:100F0000983D0120A03D0120A03D0120A83D0120E9
:100F1000A83D0120B03D0120B03D0120B83D012099
:100F2000B83D0120C03D0120C03D0120C83D012049
:100F3000C83D0120D03D0120D03D0120D83D0120F9
:100F4000D83D0120E03D0120E03D0120E83D0120A9
:100F5000E83D0120F03D0120F03D0120F83D012059
:100F6000F83D0120003E0120003E0120083E012006
:100F7000083E0120103E0120103E0120183E0120B5
:100F8000183E0120203E0120203E0120283E012065
:100F9000283E0120303E0120303E0120383E012015
:100FA000383E0120403E0120403E0120483E0120C5
:100FB000483E0120503E0120503E0120583E012075
:100FC000583E0120603E0120603E0120683E012025
:100FD000683E0120703E0120703E0120783E0120D5
:100FE000783E0120803E0120803E0120883E012085
:100FF000883E0120903E0120903E0120983E012035
:10100000983E0120A03E0120A03E0120A83E0120E4
:10101000A83E0120B03E0120B03E0120B83E012094
:10102000B83E0120C03E0120C03E0120C83E012044
:10103000C83E0120D03E0120D03E0120D83E0120F4
:10104000D83E0120E03E0120E03E0120E83E0120A4
:10105000E83E0120F03E0120F03E0120FFFFFFFFAF
:1010600000000200000000000300000084D3012003
:1010700000300120E059002031306D732D554D397D
:101080003878000000000000280A000009960000DF
:101090000000F0420000803F4643464200040156F3
:1010A0000000000001030300000000000000000039
:1010B0000000000000000000000000000000000030
:1010C0000000000000000000000000000000000020
:1010D00000000000000000001000000001040700F4
:1010E0000000000000000000000080000000000080
:1010F00000000000000000000000000000000000F0
:1011000000000000000000000000000000000000DF
:101110000000000000000000EB04180A063204265C
:10112000000000000000000005040424000000008E
:1011300000000000000000000000000000000000AF
:101140000000000000000000060400000000000095
:10115000000000000000000000000000000000008F
:10116000000000000000000020041808000000003B
:10117000000000000000000000000000000000006F
:10118000000000000000000000000000000000005F
:101190000000000000000000D80418080000000053
:1011A00000000000000000000204180804200000F5
:1011B000000000000000000000000000000000002F
:1011C00000000000000000006004000000000000BB
:1011D000000000000000000000000000000000000F
:1011E00000000000000000000000000000000000FF
:1011F00000000000000000000000000000000000EF
:1012000000000000000000000000000000000000DE
:1012100000000000000000000000000000000000CE
:1012200000000000000000000000000000000000BE
:1012300000000000000000000000000000000000AE
:10124000000000000000000000000000000000009E
:10125000000000000000000000010000001000007D
:10126000010000000000000000000100000000007C
:10127000000000000000000000000000000000006E
:10128000000000000000000000000000000000005E
:10129000000000000000000012010002EF02014007
:1012A000C0168304800201020301000041694F2D32
:1012B0004E472D76362E302E30000000DDF801002E
:1012C000DDF80100DDF80100DDF80100DDF80100C6
:1012D000DDF80100DDF80100DDF80100DDF80100B6
:1012E000DDF80100DDF80100DDF80100DDF80100A6
:1012F000DDF80100DDF80100DDF80100DDF8010096
:10130000DDF80100DDF80100DDF80100DDF8010085
:10131000DDF80100DDF80100DDF80100DDF8010075
:10132000DDF80100DDF80100DDF80100DDF8010065
:10133000DDF80100DDF80100DDF80100DDF8010055
:10134000DDF80100DDF80100DDF80100DDF8010045
:10135000DDF80100DDF80100DDF80100DDF8010035
:10136000DDF80100DDF80100DDF80100DDF8010025
:10137000DDF80100DDF80100DDF80100DDF8010015
:10138000DDF80100DDF80100DDF80100DDF8010005
:10139000DDF80100DDF80100DDF80100DDF80100F5
:1013A000DDF80100DDF80100DDF80100DDF80100E5
:1013B000DDF80100DDF80100DDF80100DDF80100D5
:1013C000DDF80100DDF80100DDF80100DDF80100C5
:1013D000DDF80100DDF80100DDF80100DDF80100B5
:1013E000DDF80100DDF80100DDF80100DDF80100A5
:1013F000DDF80100DDF80100DDF80100DDF8010095
:10140000DDF80100DDF80100DDF80100DDF8010084
:10141000DDF80100DDF80100DDF80100DDF8010074
:10142000DDF80100DDF80100DDF80100DDF8010064
:10143000DDF80100DDF80100DDF80100DDF8010054
:10144000DDF80100DDF80100DDF80100DDF8010044
:10145000DDF80100DDF80100DDF80100DDF8010034
:10146000DDF80100DDF80100DDF80100DDF8010024
:10147000DDF80100DDF80100DDF80100DDF8010014
:10148000DDF80100DDF80100DDF80100DDF8010004
:10149000DDF80100DDF80100DDF80100DDF80100F4
:1014A000DDF80100DDF80100DDF80100DDF80100E4
:1014B000DDF80100DDF80100DDF801004000210148
:1014C00060002101230C2001600C2000230D20016D
:1014D000600D200060122101230020016000200027
:1014E000600F21014001111160011111600D2102F5
:1014F00061E80000E93B0100EDE70000D5D5000000
:10150000F5D70000E5C20000E9C20000F9C2000002
:10151000FDC200006DED000001C3000005C3000026
:1015200009C3000075ED0000D9EC000065ED000076
:101530000DC3000069ED000071ED0000D5EC000066
:101540000200000039CF01009DEA00000000000009
:1015500031D101002800000000010400010000005A
:1015600000000000020157494E55534200000000A0
:1015700000000000000000000000000012034D0009
:10158000530046005400310030003000F8000000E5
:10159000C0A8057E00C0A8050100C0A805FF000086
:1015A0000007002030610020783700200000000094
:1015B000030000000700000000000000C1DF010080
:1015C00009E0010031E00100645800208C3800205F
:1015D0000000000003000000070000000000000001
:1015E0004DDF010069DF0100406100208C380020E0
:1015F00000000000030000000700000000000000E1
:10160000D9DE0100F5DE01006C5800203C380020D6
:1016100000000000030000000700000000000000C0
:10162000444501205400000081E0010091E00100E8
:1016300001E9000000000060000040000010000010
:101640000001000035010000610000000036306D2F
:10165000732D46395000000000000000C00000005B
:10166000A8000000050000007E00000041694F2036
:1016700076352E30642057656220475549202D204D
:1016800046656220313120323032352031333A34F0
:10169000373A313100000000000000000000000077
:1016A00048610020185500200000000000000000E4
:1016B00000000000000000005461002020550020C0
:1016C00000000000010000000C000000000000000D
:1016D000606100200C550020000000001000000098
:1016E0000000000000000000686100200C55002090
:1016F00000000000140000000000000000000000D6
:10170000706100200C55002000000000180000004F
:101710000000000000000000786100200C5500204F
:10172000000000001C00000000000000000000009D
:1017300080610020205500200000000020000000F3
:101740003200000000000000000000000000000067
:101750000000000000000000000000000000000089
:101760000000000101000000000003000000000074
:101770000C0300000000000000000000000000005A
:101780000000000000000000E3B0C44298FC1C14FC
:101790009AFBF4C8996FB92427AE41E4649B934C3B
:1017A000A495991B7852B85519FC080101660000F0
:1017B0000000000000000000000000000000000029
:1017C0000000000000000000000000000000000019
:1017D0000000000000000000000000000000000009
:1017E00000000000000000000000000000000000F9
:1017F00000000000000000000000000000000000E9
:1018000000000000000000000000000000000000D8
:1018100000000000000000000000000000000000C8
:1018200000000000000000000000000000000000B8
:1018300000000000000000000000000000000000A8
:101840000000000000000000000000000000000098
:101850000000000000000000000000000000000088
:101860000000000000000000000000000000000078
:101870000000000000000000000000000000000068
:101880000000000000000000000000000000000058
:101890000000000000000000000000000000000048
:1018A0000000000000000000000000000000000038
:1018B0000000000000000000000000000000000028
:1018C0000000000000000000000000000000000018
:1018D0000000000000000000000000000000000008
:1018E00000000000000000000000000000000000F8
:1018F00000000000000000000000000000000000E8
:1019000000000000000000000000000000000000D7
:1019100000000000000000000000000000000000C7
:1019200000000000000000000000000000000000B7
:1019300000000000000000000000000000000000A7
:101940000000000000000000000000000000000097
:101950000000000000000000000000000000000087
:101960000000000000000000000000000000000077
:101970000000000000000000000000000000000067
:101980000000000000000000000000000000000057
:101990000000000000000000000000000000000047
:1019A0000000000000000000000000000000000037
:1019B0000000000000000000000000000000000027
:1019C0000000000000000000000000000000000017
:1019D0000000000000000000000000000000000007
:1019E00000000000000000000000000000000000F7
:1019F00000000000000000000000000000000000E7
:101A000000000000000000000000000000000000D6
:101A100000000000000000000000000000000000C6
:101A200000000000000000000000000000000000B6
:101A300000000000000000000000000000000000A6
:101A40000000000000000000000000000000000096
:101A50000000000000000000000000000000000086
:101A60000000000000000000000000000000000076
:101A70000000000000000000000000000000000066
:101A80000000000000000000000000000000000056
:101A90000000000000000000000000000000000046
:101AA0000000000000000000000000000000000036
:101AB0000000000000000000000000000000000026
:101AC0000000000000000000000000000000000016
:101AD0000000000000000000000000000000000006
:101AE00000000000000000000000000000000000F6
:101AF00000000000000000000000000000000000E6
:101B000000000000000000000000000000000000D5
:101B100000000000000000000000000000000000C5
:101B200000000000000000000000000000000000B5
:101B300000000000000000000000000000000000A5
:101B40000000000000000000000000000000000095
:101B50000000000000000000000000000000000085
:101B60000000000000000000000000000000000075
:101B70000000000000000000000000000000000065
:101B80000000000000000000000000000000000055
:101B90000000000000000000000000000000000045
:101BA0000000000000000000000000000000000035
:101BB0000000000000000000000000000000000025
:101BC0000000000000000000000000000000000015
:101BD0000000000000000000000000000000000005
:101BE00000000000000000000000000000000000F5
:101BF00000000000000000000000000000000000E5
:101C000000000000000000000000000000000000D4
:0C1C1000000000000000000000000000C8
:101C1C00FFFFFFFFFFFFFFFFFFFFFFFFFFFFFFFFC8
:101C2C00FFFFFFFFFFFFFFFFFFFFFFFFFFFFFFFFB8
:101C3C00FFFFFFFFFFFFFFFFFFFFFFFFFFFFFFFFA8
:101C4C00FFFFFFFFFFFFFFFFFFFFFFFFFFFFFFFF98
:101C5C00FFFFFFFFFFFFFFFFFFFFFFFFFFFFFFFF88
:101C6C00FFFFFFFFFFFFFFFFFFFFFFFFFFFFFFFF78
:101C7C00FFFFFFFFFFFFFFFFFFFFFFFFFFFFFFFF68
:101C8C00FFFFFFFFFFFFFFFFFFFFFFFFFFFFFFFF58
:101C9C00FFFFFFFFFFFFFFFFFFFFFFFFFFFFFFFF48
:101CAC00FFFFFFFFFFFFFFFFFFFFFFFFFFFFFFFF38
:101CBC00FFFFFFFFFFFFFFFFFFFFFFFFFFFFFFFF28
:101CCC00FFFFFFFFFFFFFFFFFFFFFFFFFFFFFFFF18
:101CDC00FFFFFFFFFFFFFFFFFFFFFFFFFFFFFFFF08
:101CEC00FFFFFFFFFFFFFFFFFFFFFFFFFFFFFFFFF8
:101CFC00FFFFFFFFFFFFFFFFFFFFFFFFFFFFFFFFE8
:101D0C00FFFFFFFFFFFFFFFFFFFFFFFFFFFFFFFFD7
:101D1C00FFFFFFFFFFFFFFFFFFFFFFFFFFFFFFFFC7
:101D2C00FFFFFFFFFFFFFFFFFFFFFFFFFFFFFFFFB7
:101D3C00FFFFFFFFFFFFFFFFFFFFFFFFFFFFFFFFA7
:101D4C00FFFFFFFFFFFFFFFFFFFFFFFFFFFFFFFF97
:101D5C00FFFFFFFFFFFFFFFFFFFFFFFFFFFFFFFF87
:101D6C00FFFFFFFFFFFFFFFFFFFFFFFFFFFFFFFF77
:101D7C00FFFFFFFFFFFFFFFFFFFFFFFFFFFFFFFF67
:101D8C00FFFFFFFFFFFFFFFFFFFFFFFFFFFFFFFF57
:101D9C00FFFFFFFFFFFFFFFFFFFFFFFFFFFFFFFF47
:101DAC00FFFFFFFFFFFFFFFFFFFFFFFFFFFFFFFF37
:101DBC00FFFFFFFFFFFFFFFFFFFFFFFFFFFFFFFF27
:101DCC00FFFFFFFFFFFFFFFFFFFFFFFFFFFFFFFF17
:101DDC00FFFFFFFFFFFFFFFFFFFFFFFFFFFFFFFF07
:101DEC00FFFFFFFFFFFFFFFFFFFFFFFFFFFFFFFFF7
:101DFC00FFFFFFFFFFFFFFFFFFFFFFFFFFFFFFFFE7
:101E0C00FFFFFFFFFFFFFFFFFFFFFFFFFFFFFFFFD6
:101E1C00FFFFFFFFFFFFFFFFFFFFFFFFFFFFFFFFC6
:101E2C00FFFFFFFFFFFFFFFFFFFFFFFFFFFFFFFFB6
:101E3C00FFFFFFFFFFFFFFFFFFFFFFFFFFFFFFFFA6
:101E4C00FFFFFFFFFFFFFFFFFFFFFFFFFFFFFFFF96
:101E5C00FFFFFFFFFFFFFFFFFFFFFFFFFFFFFFFF86
:101E6C00FFFFFFFFFFFFFFFFFFFFFFFFFFFFFFFF76
:101E7C00FFFFFFFFFFFFFFFFFFFFFFFFFFFFFFFF66
:101E8C00FFFFFFFFFFFFFFFFFFFFFFFFFFFFFFFF56
:101E9C00FFFFFFFFFFFFFFFFFFFFFFFFFFFFFFFF46
:101EAC00FFFFFFFFFFFFFFFFFFFFFFFFFFFFFFFF36
:101EBC00FFFFFFFFFFFFFFFFFFFFFFFFFFFFFFFF26
:101ECC00FFFFFFFFFFFFFFFFFFFFFFFFFFFFFFFF16
:101EDC00FFFFFFFFFFFFFFFFFFFFFFFFFFFFFFFF06
:101EEC00FFFFFFFFFFFFFFFFFFFFFFFFFFFFFFFFF6
:101EFC00FFFFFFFFFFFFFFFFFFFFFFFFFFFFFFFFE6
:101F0C00FFFFFFFFFFFFFFFFFFFFFFFFFFFFFFFFD5
:101F1C00FFFFFFFFFFFFFFFFFFFFFFFFFFFFFFFFC5
:101F2C00FFFFFFFFFFFFFFFFFFFFFFFFFFFFFFFFB5
:101F3C00FFFFFFFFFFFFFFFFFFFFFFFFFFFFFFFFA5
:101F4C00FFFFFFFFFFFFFFFFFFFFFFFFFFFFFFFF95
:101F5C00FFFFFFFFFFFFFFFFFFFFFFFFFFFFFFFF85
:101F6C00FFFFFFFFFFFFFFFFFFFFFFFFFFFFFFFF75
:101F7C00FFFFFFFFFFFFFFFFFFFFFFFFFFFFFFFF65
:101F8C00FFFFFFFFFFFFFFFFFFFFFFFFFFFFFFFF55
:101F9C00FFFFFFFFFFFFFFFFFFFFFFFFFFFFFFFF45
:101FAC00FFFFFFFFFFFFFFFFFFFFFFFFFFFFFFFF35
:101FBC00FFFFFFFFFFFFFFFFFFFFFFFFFFFFFFFF25
:101FCC00FFFFFFFFFFFFFFFFFFFFFFFFFFFFFFFF15
:101FDC00FFFFFFFFFFFFFFFFFFFFFFFFFFFFFFFF05
:101FEC00FFFFFFFFFFFFFFFFFFFFFFFFFFFFFFFFF5
:101FFC00FFFFFFFF000000000000000000000000D9
:10200C0000000000000000000000000000000000C4
:10201C0000000000000000000000000000000000B4
:10202C0000000000000000000000000000000000A4
:10203C000000000000000000000000000000000094
:10204C000000000000000000000000000000000084
:10205C000000000000000000000000000000000074
:10206C000000000000000000000000000000000064
:10207C000000000000000000000000000000000054
:10208C000000000000000000000000000000000044
:10209C000000000000000000000000000000000034
:1020AC000000000000000000000000000000000024
:1020BC000000000000000000000000000000000014
:1020CC000000000000000000000000000000000004
:1020DC0000000000000000000000000000000000F4
:1020EC0000000000000000000000000000000000E4
:1020FC0000000000000000000000000000000000D4
:10210C0000000000000000000000000000000000C3
:10211C0000000000000000000000000000000000B3
:10212C0000000000000000000000000000000000A3
:10213C000000000000000000000000000000000093
:10214C000000000000000000000000000000000083
:10215C000000000000000000000000000000000073
:10216C000000000000000000000000000000000063
:10217C000000000000000000000000000000000053
:10218C000000000000000000000000000000000043
:10219C000000000000000000000000000000000033
:1021AC000000000000000000000000000000000023
:1021BC000000000000000000000000000000000013
:1021CC000000000000000000000000000000000003
:1021DC0000000000000000000000000000000000F3
:1021EC0000000000000000000000000000000000E3
:1021FC0000000000000000000000000000000000D3
:10220C0000000000000000000000000000000000C2
:10221C0000000000000000000000000000000000B2
:10222C0000000000000000000000000000000000A2
:10223C000000000000000000000000000000000092
:10224C000000000000000000000000000000000082
:10225C000000000000000000000000000000000072
:10226C000000000000000000000000000000000062
:10227C000000000000000000000000000000000052
:10228C000000000000000000000000000000000042
:10229C000000000000000000000000000000000032
:1022AC000000000000000000000000000000000022
:1022BC000000000000000000000000000000000012
:1022CC000000000000000000000000000000000002
:1022DC0000000000000000000000000000000000F2
:1022EC0000000000000000000000000000000000E2
:1022FC0000000000000000000000000000000000D2
:10230C0000000000000000000000000000000000C1
:10231C0000000000000000000000000000000000B1
:10232C0000000000000000000000000000000000A1
:10233C000000000000000000000000000000000091
:10234C000000000000000000000000000000000081
:10235C000000000000000000000000000000000071
:10236C000000000000000000000000000000000061
:10237C000000000000000000000000000000000051
:10238C000000000000000000000000000000000041
:10239C000000000000000000000000000000000031
:1023AC000000000000000000000000000000000021
:1023BC000000000000000000000000000000000011
:1023CC000000000000000000000000000000000001
:1023DC0000000000000000000000000000000000F1
:1023EC0000000000000000000000000000000000E1
:1023FC0000000000000000000000000000000000D1
:10240C0000000000000000000000000000000000C0
:10241C0000000000000000000000000000000000B0
:10242C0000000000000000000000000000000000A0
:10243C000000000000000000000000000000000090
:10244C000000000000000000000000000000000080
:10245C000000000000000000000000000000000070
:10246C000000000000000000000000000000000060
:10247C000000000000000000000000000000000050
:10248C000000000000000000000000000000000040
:10249C000000000000000000000000000000000030
:1024AC000000000000000000000000000000000020
:1024BC000000000000000000000000000000000010
:1024CC000000000000000000000000000000000000
:1024DC0000000000000000000000000000000000F0
:1024EC0000000000000000000000000000000000E0
:1024FC0000000000000000000000000000000000D0
:10250C0000000000000000000000000000000000BF
:10251C0000000000000000000000000000000000AF
:10252C00000000000000000000000000000000009F
:10253C00000000000000000000000000000000008F
:10254C00000000000000000000000000000000007F
:10255C00000000000000000000000000000000006F
:10256C00000000000000000000000000000000005F
:10257C00000000000000000000000000000000004F
:10258C00000000000000000000000000000000003F
:10259C00000000000000000000000000000000002F
:1025AC00000000000000000000000000000000001F
:1025BC00000000000000000000000000000000000F
:1025CC0000000000000000000000000000000000FF
:1025DC0000000000000000000000000000000000EF
:1025EC0000000000000000000000000000000000DF
:1025FC0000000000000000000000000000000000CF
:10260C0000000000000000000000000000000000BE
:10261C0000000000000000000000000000000000AE
:10262C00000000000000000000000000000000009E
:10263C00000000000000000000000000000000008E
:10264C00000000000000000000000000000000007E
:10265C00000000000000000000000000000000006E
:10266C00000000000000000000000000000000005E
:10267C00000000000000000000000000000000004E
:10268C00000000000000000000000000000000003E
:10269C00000000000000000000000000000000002E
:1026AC00000000000000000000000000000000001E
:1026BC00000000000000000000000000000000000E
:1026CC0000000000000000000000000000000000FE
:1026DC0000000000000000000000000000000000EE
:1026EC0000000000000000000000000000000000DE
:1026FC0000000000000000000000000000000000CE
:10270C0000000000000000000000000000000000BD
:10271C0000000000000000000000000000000000AD
:10272C00000000000000000000000000000000009D
:10273C00000000000000000000000000000000008D
:10274C00000000000000000000000000000000007D
:10275C00000000000000000000000000000000006D
:10276C00000000000000000000000000000000005D
:10277C00000000000000000000000000000000004D
:10278C00000000000000000000000000000000003D
:10279C00000000000000000000000000000000002D
:1027AC00000000000000000000000000000000001D
:1027BC00000000000000000000000000000000000D
:1027CC0000000000000000000000000000000000FD
:1027DC0000000000000000000000000000000000ED
:1027EC0000000000000000000000000000000000DD
:1027FC0000000000000000000000000000000000CD
:10280C0000000000000000000000000000000000BC
:10281C0000000000000000000000000000000000AC
:10282C00000000000000000000000000000000009C
:10283C00000000000000000000000000000000008C
:10284C00000000000000000000000000000000007C
:10285C00000000000000000000000000000000006C
:10286C00000000000000000000000000000000005C
:10287C00000000000000000000000000000000004C
:10288C00000000000000000000000000000000003C
:10289C00000000000000000000000000000000002C
:1028AC00000000000000000000000000000000001C
:1028BC00000000000000000000000000000000000C
:1028CC0000000000000000000000000000000000FC
:1028DC0000000000000000000000000000000000EC
:1028EC0000000000000000000000000000000000DC
:1028FC0000000000000000000000000000000000CC
:10290C0000000000000000000000000000000000BB
:10291C0000000000000000000000000000000000AB
:10292C00000000000000000000000000000000009B
:10293C00000000000000000000000000000000008B
:10294C00000000000000000000000000000000007B
:10295C00000000000000000000000000000000006B
:10296C00000000000000000000000000000000005B
:10297C00000000000000000000000000000000004B
:10298C00000000000000000000000000000000003B
:10299C00000000000000000000000000000000002B
:1029AC00000000000000000000000000000000001B
:1029BC00000000000000000000000000000000000B
:1029CC0000000000000000000000000000000000FB
:1029DC0000000000000000000000000000000000EB
:1029EC0000000000000000000000000000000000DB
:1029FC0000000000000000000000000000000000CB
:102A0C0000000000000000000000000000000000BA
:102A1C0000000000000000000000000000000000AA
:102A2C00000000000000000000000000000000009A
:102A3C00000000000000000000000000000000008A
:102A4C00000000000000000000000000000000007A
:102A5C00000000000000000000000000000000006A
:102A6C00000000000000000000000000000000005A
:102A7C00000000000000000000000000000000004A
:102A8C00000000000000000000000000000000003A
:102A9C00000000000000000000000000000000002A
:102AAC00000000000000000000000000000000001A
:102ABC00000000000000000000000000000000000A
:102ACC0000000000000000000000000000000000FA
:102ADC0000000000000000000000000000000000EA
:102AEC0000000000000000000000000000000000DA
:102AFC0000000000000000000000000000000000CA
:102B0C0000000000000000000000000000000000B9
:102B1C0000000000000000000000000000000000A9
:102B2C000000000000000000000000000000000099
:102B3C000000000000000000000000000000000089
:102B4C000000000000000000000000000000000079
:102B5C000000000000000000000000000000000069
:102B6C000000000000000000000000000000000059
:102B7C000000000000000000000000000000000049
:102B8C000000000000000000000000000000000039
:102B9C000000000000000000000000000000000029
:102BAC000000000000000000000000000000000019
:102BBC000000000000000000000000000000000009
:102BCC0000000000000000000000000000000000F9
:102BDC0000000000000000000000000000000000E9
:102BEC0000000000000000000000000000000000D9
:042BFC0000000000D5
:040000056000100087
:00000001FF
